Workbook

Sheet metadata
A1: family | B1: vehicles | C1: name | D1: fuel | E1: size | F1: trips_day | G1: survival | H1: survival_param_a | I1: survival_param_b | J1: sppm | K1: Category_EEA | L1: Fuel_EEA | M1: Segment_EEA | N1: Mode_EEA | O1: Slope_EEA | P1: Load_EEA | Q1: speed | R1: driving_cycle | S1: km_cycle | T1: note | U1: v_eea_old | V1: t_eea_old | W1: cc_eea_old | X1: fuel_eea_old
A2: PC | B2: PC_MINI_G | C2: Passenger cars mini with gasoline | D2: G | E2: <1400cc | F2: 4.5 | G2: gompertz | H2: 1.798 | I2: -0.137 | J2: =IF(D2="D", 250, 50) -> 50 | K2: Passenger Cars | L2: =IF(D2="G","Petrol",IF(D2="D","Diesel",IF(D2="HY","Petrol Hybrid",IF(D2="GLP","LPG Bifuell ~ LPG",D2)))) -> Petrol | M2: Small | Q2: 34.2 | R2: FTP-75 | S2: 17.787 | U2: PC | V2: 4S | W2: <=1400 | X2: =D2 -> G
A3: PC | B3: PC_SMALL_G | C3: Passenger cars small with gasoline | D3: G | E3: 1400-2000cc | F3: 4.5 | G3: gompertz | H3: 1.798 | I3: -0.137 | J3: =IF(D3="D", 250, 50) -> 50 | K3: Passenger Cars | L3: =IF(D3="G","Petrol",IF(D3="D","Diesel",IF(D3="HY","Petrol Hybrid",IF(D3="GLP","LPG Bifuell ~ LPG",D3)))) -> Petrol | M3: Small | Q3: 34.2 | R3: FTP-75 | S3: 17.787 | U3: PC | V3: 4S | W3: <=1400 | X3: =D3 -> G
A4: PC | B4: PC_MEDIUM_G | C4: Passenger cars medium with gasoline | D4: G | E4: >2000cc | F4: 4.5 | G4: gompertz | H4: 1.798 | I4: -0.137 | J4: =IF(D4="D", 250, 50) -> 50 | K4: Passenger Cars | L4: =IF(D4="G","Petrol",IF(D4="D","Diesel",IF(D4="HY","Petrol Hybrid",IF(D4="GLP","LPG Bifuell ~ LPG",D4)))) -> Petrol | M4: Medium | Q4: 34.2 | R4: FTP-75 | S4: 17.787 | U4: PC | V4: 4S | W4: 1400_2000 | X4: =D4 -> G
A5: PC | B5: PC_SUV_G | C5: Sport utility vehicle with gasoline | D5: G | E5: >1400cc | F5: 4.5 | G5: gompertz | H5: 1.798 | I5: -0.137 | J5: =IF(D5="D", 250, 50) -> 50 | K5: Passenger Cars | L5: =IF(D5="G","Petrol",IF(D5="D","Diesel",IF(D5="HY","Petrol Hybrid",IF(D5="GLP","LPG Bifuell ~ LPG",D5)))) -> Petrol | M5: Large-SUV-Executive | Q5: 34.2 | R5: FTP-75 | S5: 17.787 | U5: PC | V5: 4S | W5: >2000 | X5: =D5 -> G
A6: PC | B6: PC_MINI_D | C6: Passenger cars mini with gasoline | D6: D | E6: <1400cc | F6: 4.5 | G6: gompertz | H6: 1.798 | I6: -0.137 | J6: =IF(D6="D", 250, 50) -> 250 | K6: Passenger Cars | L6: =IF(D6="G","Petrol",IF(D6="D","Diesel",IF(D6="HY","Petrol Hybrid",IF(D6="GLP","LPG Bifuell ~ LPG",D6)))) -> Diesel | M6: Small | Q6: 34.2 | R6: FTP-75 | S6: 17.787 | U6: PC | V6: 4S | W6: <=1400 | X6: =D6 -> D
A7: PC | B7: PC_SMALL_D | C7: Passenger cars small with gasoline | D7: D | E7: 1400-2000cc | F7: 4.5 | G7: gompertz | H7: 1.798 | I7: -0.137 | J7: =IF(D7="D", 250, 50) -> 250 | K7: Passenger Cars | L7: =IF(D7="G","Petrol",IF(D7="D","Diesel",IF(D7="HY","Petrol Hybrid",IF(D7="GLP","LPG Bifuell ~ LPG",D7)))) -> Diesel | M7: Small | Q7: 34.2 | R7: FTP-75 | S7: 17.787 | U7: PC | V7: 4S | W7: <=1400 | X7: =D7 -> D
A8: PC | B8: PC_MEDIUM_D | C8: Passenger cars medium with gasoline | D8: D | E8: >2000cc | F8: 4.5 | G8: gompertz | H8: 1.798 | I8: -0.137 | J8: =IF(D8="D", 250, 50) -> 250 | K8: Passenger Cars | L8: =IF(D8="G","Petrol",IF(D8="D","Diesel",IF(D8="HY","Petrol Hybrid",IF(D8="GLP","LPG Bifuell ~ LPG",D8)))) -> Diesel | M8: Medium | Q8: 34.2 | R8: FTP-75 | S8: 17.787 | U8: PC | V8: 4S | W8: 1400_2000 | X8: =D8 -> D
A9: PC | B9: PC_SUV_D | C9: Sport utility vehicle with gasoline | D9: D | E9: >1400cc | F9: 4.5 | G9: gompertz | H9: 1.798 | I9: -0.137 | J9: =IF(D9="D", 250, 50) -> 250 | K9: Passenger Cars | L9: =IF(D9="G","Petrol",IF(D9="D","Diesel",IF(D9="HY","Petrol Hybrid",IF(D9="GLP","LPG Bifuell ~ LPG",D9)))) -> Diesel | M9: Large-SUV-Executive | Q9: 34.2 | R9: FTP-75 | S9: 17.787 | U9: PC | V9: 4S | W9: >2000 | X9: =D9 -> D
A10: PC | B10: PC_ELEC | C10: Passenger cars electric | D10: ELEC | E10: all | F10: 4.5 | G10: gompertz | H10: 1.798 | I10: -0.137 | J10: =IF(D10="D", 250, 50) -> 50 | K10: Passenger Cars | L10: =IF(D10="G","Petrol",IF(D10="D","Diesel",IF(D10="HY","Petrol Hybrid",IF(D10="GLP","LPG Bifuell ~ LPG",D10)))) -> ELEC | M10: Small | Q10: 34.2 | R10: FTP-75 | S10: 17.787 | U10: PC | V10: 4S | W10: <=1400 | X10: =D10 -> ELEC
A11: PC | B11: PC_SMALL_HY | C11: Passenger cars small with gasoline | D11: HY | E11: 1400-2000cc | F11: 4.5 | G11: gompertz | H11: 1.798 | I11: -0.137 | J11: =IF(D11="D", 250, 50) -> 50 | K11: Passenger Cars | L11: =IF(D11="G","Petrol",IF(D11="D","Diesel",IF(D11="HY","Petrol Hybrid",IF(D11="GLP","LPG Bifuell ~ LPG",D11)))) -> Petrol Hybrid | M11: Small | Q11: 34.2 | R11: FTP-75 | S11: 17.787 | U11: PC | V11: 4S | W11: 1400_2000 | X11: FH
A12: PC | B12: TAXI_SMALL_G | C12: Taxi small with gasoline | D12: G | E12: 1400-2000cc | F12: 4.5 | G12: gompertz | H12: 1.798 | I12: -0.137 | J12: =IF(D12="D", 250, 50) -> 50 | K12: Passenger Cars | L12: =IF(D12="G","Petrol",IF(D12="D","Diesel",IF(D12="HY","Petrol Hybrid",IF(D12="GLP","LPG Bifuell ~ LPG",D12)))) -> Petrol | M12: Small | Q12: 34.2 | R12: FTP-75 | S12: 17.787 | U12: PC | V12: 4S | W12: 1400_2000 | X12: =D12 -> G
A13: PC | B13: TAXI_SMALL_GLP | C13: Taxi small with glp | D13: GLP | E13: 1400-2000cc | F13: 4.5 | G13: gompertz | H13: 1.798 | I13: -0.137 | J13: =IF(D13="D", 250, 50) -> 50 | K13: Passenger Cars | L13: =IF(D13="G","Petrol",IF(D13="D","Diesel",IF(D13="HY","Petrol Hybrid",IF(D13="GLP","LPG Bifuell ~ LPG",D13)))) -> LPG Bifuell ~ LPG | M13: Small | Q13: 34.2 | R13: FTP-75 | S13: 17.787 | U13: PC | V13: 4S | W13: 1400_2000 | X13: LPG
A14: LCV | B14: LCV_NI_G | C14: Light commercial vehicles N1 with gasoline | D14: G | E14: <=1.305t | F14: 4.5 | G14: gompertz | H14: 1.618 | I14: -0.141 | J14: =IF(D14="D", 250, 50) -> 50 | K14: Light Commercial Vehicles | L14: =IF(D14="G","Petrol",IF(D14="D","Diesel",IF(D14="HY","Petrol Hybrid",IF(D14="GLP","LPG Bifuell ~ LPG",D14)))) -> Petrol | M14: N1-I | Q14: 34.2 | R14: FTP-75 | S14: 17.787 | U14: LCV | V14: 4S | W14: <3.5 | X14: =D14 -> G
A15: LCV | B15: LCV_NII_G | C15: Light commercial vehicles N2 with gasoline | D15: G | E15: 1.305-1.76t | F15: 4.5 | G15: gompertz | H15: 1.618 | I15: -0.141 | J15: =IF(D15="D", 250, 50) -> 50 | K15: Light Commercial Vehicles | L15: =IF(D15="G","Petrol",IF(D15="D","Diesel",IF(D15="HY","Petrol Hybrid",IF(D15="GLP","LPG Bifuell ~ LPG",D15)))) -> Petrol | M15: N1-II | Q15: 34.2 | R15: FTP-75 | S15: 17.787 | U15: LCV | V15: 4S | W15: <3.5 | X15: =D15 -> G
A16: LCV | B16: LCV_NIII_G | C16: Light commercial vehicles N3 with gasoline | D16: G | E16: >=1.76t | F16: 4.5 | G16: gompertz | H16: 1.618 | I16: -0.141 | J16: =IF(D16="D", 250, 50) -> 50 | K16: Light Commercial Vehicles | L16: =IF(D16="G","Petrol",IF(D16="D","Diesel",IF(D16="HY","Petrol Hybrid",IF(D16="GLP","LPG Bifuell ~ LPG",D16)))) -> Petrol | M16: N1-III | Q16: 34.2 | R16: FTP-75 | S16: 17.787 | U16: LCV | V16: 4S | W16: <3.5 | X16: =D16 -> G
A17: LCV | B17: LCV_NI_D | C17: Light commercial vehicles N1 with diesel | D17: D | E17: <=1.305t | F17: 4.5 | G17: double_logistic | H17: 0.1 | I17: 17 | J17: =IF(D17="D", 250, 50) -> 250 | K17: Light Commercial Vehicles | L17: =IF(D17="G","Petrol",IF(D17="D","Diesel",IF(D17="HY","Petrol Hybrid",IF(D17="GLP","LPG Bifuell ~ LPG",D17)))) -> Diesel | M17: N1-I | Q17: 34.2 | R17: FTP-75 | S17: 17.787 | U17: LCV | V17: 4S | W17: <3.5 | X17: =D17 -> D
A18: LCV | B18: LCV_NII_D | C18: Light commercial vehicles N2 with diesel | D18: D | E18: 1.305-1.76t | F18: 4.5 | G18: double_logistic | H18: 0.1 | I18: 17 | J18: =IF(D18="D", 250, 50) -> 250 | K18: Light Commercial Vehicles | L18: =IF(D18="G","Petrol",IF(D18="D","Diesel",IF(D18="HY","Petrol Hybrid",IF(D18="GLP","LPG Bifuell ~ LPG",D18)))) -> Diesel | M18: N1-II | Q18: 34.2 | R18: FTP-75 | S18: 17.787 | U18: LCV | V18: 4S | W18: <3.5 | X18: =D18 -> D
A19: LCV | B19: LCV_NIII_D | C19: Light commercial vehicles N3 with diesel | D19: D | E19: >=1.76t | F19: 4.5 | G19: double_logistic | H19: 0.1 | I19: 17 | J19: =IF(D19="D", 250, 50) -> 250 | K19: Light Commercial Vehicles | L19: =IF(D19="G","Petrol",IF(D19="D","Diesel",IF(D19="HY","Petrol Hybrid",IF(D19="GLP","LPG Bifuell ~ LPG",D19)))) -> Diesel | M19: N1-III | Q19: 34.2 | R19: FTP-75 | S19: 17.787 | U19: LCV | V19: 4S | W19: <3.5 | X19: =D19 -> D
A20: LCV | B20: LCV_ELEC | C20: Light commercial vehicles electric | D20: ELEC | E20: all | F20: 4.5 | G20: gompertz | H20: 1.798 | I20: -0.137 | J20: =IF(D20="D", 250, 50) -> 50 | K20: Light Commercial Vehicles | L20: =IF(D20="G","Petrol",IF(D20="D","Diesel",IF(D20="HY","Petrol Hybrid",IF(D20="GLP","LPG Bifuell ~ LPG",D20)))) -> ELEC | M20: N1-I | Q20: 34.2 | R20: FTP-75 | S20: 17.787 | U20: LCV | V20: 4S | W20: <3.5 | X20: =D20 -> ELEC
A21: LCV | B21: LCV_HY | C21: Light commercial vehicles electric | D21: HY | E21: all | F21: 4.5 | G21: gompertz | H21: 1.798 | I21: -0.137 | J21: =IF(D21="D", 250, 50) -> 50 | K21: Light Commercial Vehicles | L21: =IF(D21="G","Petrol",IF(D21="D","Diesel",IF(D21="HY","Petrol Hybrid",IF(D21="GLP","LPG Bifuell ~ LPG",D21)))) -> Petrol Hybrid | M21: N1-I | Q21: 34.2 | R21: FTP-75 | S21: 17.787 | U21: PC | V21: 4S | W21: 1400_2000 | X21: FH
A22: TRUCKS | B22: TRUCKS_RT_7_D | C22: =CONCATENATE("Rigid trucks diesel ", E22) -> Rigid trucks diesel <=7.5t | D22: D | E22: <=7.5t | G22: double_logistic | H22: 0.1 | I22: 17 | J22: =IF(D22="D", 250, 50) -> 250 | K22: Heavy Duty Trucks | L22: =IF(D22="G","Petrol",IF(D22="D","Diesel",IF(D22="HY","Petrol Hybrid",IF(D22="GLP","LPG Bifuell ~ LPG",D22)))) -> Diesel | M22: Rigid <=7,5 t | O22: 0 | P22: 0.5 | Q22: 22.8 | R22: City Suburban cycle | S22: 10.752 | U22: Trucks | V22: RT | W22: <=7.5 | X22: =D22 -> D
A23: TRUCKS | B23: TRUCKS_RT_7_12_D | C23: =CONCATENATE("Rigid trucks diesel ", E23) -> Rigid trucks diesel 7.5-12t | D23: D | E23: 7.5-12t | G23: double_logistic | H23: 0.1 | I23: 17 | J23: =IF(D23="D", 250, 50) -> 250 | K23: Heavy Duty Trucks | L23: =IF(D23="G","Petrol",IF(D23="D","Diesel",IF(D23="HY","Petrol Hybrid",IF(D23="GLP","LPG Bifuell ~ LPG",D23)))) -> Diesel | M23: Rigid 7,5 - 12 t | O23: 0 | P23: 0.5 | Q23: 22.8 | R23: City Suburban cycle | S23: 10.752 | U23: Trucks | V23: RT | W23: >7.5 & <=12 | X23: =D23 -> D
A24: TRUCKS | B24: TRUCKS_RT_12_14_D | C24: =CONCATENATE("Rigid trucks diesel ", E24) -> Rigid trucks diesel 12-14t | D24: D | E24: 12-14t | G24: double_logistic | H24: 0.1 | I24: 17 | J24: =IF(D24="D", 250, 50) -> 250 | K24: Heavy Duty Trucks | L24: =IF(D24="G","Petrol",IF(D24="D","Diesel",IF(D24="HY","Petrol Hybrid",IF(D24="GLP","LPG Bifuell ~ LPG",D24)))) -> Diesel | M24: Rigid 12 - 14 t | O24: 0 | P24: 0.5 | Q24: 22.8 | R24: City Suburban cycle | S24: 10.752 | U24: Trucks | V24: RT | W24: >12 & <=14 | X24: =D24 -> D
A25: TRUCKS | B25: TRUCKS_RT_14_16_D | C25: =CONCATENATE("Rigid trucks diesel ", E25) -> Rigid trucks diesel 14-16t | D25: D | E25: 14-16t | G25: double_logistic | H25: 0.1 | I25: 17 | J25: =IF(D25="D", 250, 50) -> 250 | K25: Heavy Duty Trucks | L25: =IF(D25="G","Petrol",IF(D25="D","Diesel",IF(D25="HY","Petrol Hybrid",IF(D25="GLP","LPG Bifuell ~ LPG",D25)))) -> Diesel | M25: Rigid 14 - 20 t | O25: 0 | P25: 0.5 | Q25: 22.8 | R25: City Suburban cycle | S25: 10.752 | U25: Trucks | V25: RT | W25: >14 & <=20 | X25: =D25 -> D
A26: TRUCKS | B26: TRUCKS_RT_16_20_D | C26: =CONCATENATE("Rigid trucks diesel ", E26) -> Rigid trucks diesel 16-20t | D26: D | E26: 16-20t | G26: double_logistic | H26: 0.1 | I26: 17 | J26: =IF(D26="D", 250, 50) -> 250 | K26: Heavy Duty Trucks | L26: =IF(D26="G","Petrol",IF(D26="D","Diesel",IF(D26="HY","Petrol Hybrid",IF(D26="GLP","LPG Bifuell ~ LPG",D26)))) -> Diesel | M26: Rigid 14 - 20 t | O26: 0 | P26: 0.5 | Q26: 22.8 | R26: City Suburban cycle | S26: 10.752 | U26: Trucks | V26: RT | W26: >14 & <=20 | X26: =D26 -> D
A27: TRUCKS | B27: TRUCKS_RT_20_26_D | C27: =CONCATENATE("Rigid trucks diesel ", E27) -> Rigid trucks diesel 20-26t | D27: D | E27: 20-26t | G27: double_logistic | H27: 0.1 | I27: 17 | J27: =IF(D27="D", 250, 50) -> 250 | K27: Heavy Duty Trucks | L27: =IF(D27="G","Petrol",IF(D27="D","Diesel",IF(D27="HY","Petrol Hybrid",IF(D27="GLP","LPG Bifuell ~ LPG",D27)))) -> Diesel | M27: Rigid 20 - 26 t | O27: 0 | P27: 0.5 | Q27: 22.8 | R27: City Suburban cycle | S27: 10.752 | U27: Trucks | V27: RT | W27: >20 & <=26 | X27: =D27 -> D
A28: TRUCKS | B28: TRUCKS_RT_26_28_D | C28: =CONCATENATE("Rigid trucks diesel ", E28) -> Rigid trucks diesel 26-28t | D28: D | E28: 26-28t | G28: double_logistic | H28: 0.1 | I28: 17 | J28: =IF(D28="D", 250, 50) -> 250 | K28: Heavy Duty Trucks | L28: =IF(D28="G","Petrol",IF(D28="D","Diesel",IF(D28="HY","Petrol Hybrid",IF(D28="GLP","LPG Bifuell ~ LPG",D28)))) -> Diesel | M28: Rigid 26 - 28 t | O28: 0 | P28: 0.5 | Q28: 22.8 | R28: City Suburban cycle | S28: 10.752 | U28: Trucks | V28: RT | W28: >26 & <=28 | X28: =D28 -> D
A29: TRUCKS | B29: TRUCKS_RT_28_32_D | C29: =CONCATENATE("Rigid trucks diesel ", E29) -> Rigid trucks diesel 38-32t | D29: D | E29: 38-32t | G29: double_logistic | H29: 0.1 | I29: 17 | J29: =IF(D29="D", 250, 50) -> 250 | K29: Heavy Duty Trucks | L29: =IF(D29="G","Petrol",IF(D29="D","Diesel",IF(D29="HY","Petrol Hybrid",IF(D29="GLP","LPG Bifuell ~ LPG",D29)))) -> Diesel | M29: Rigid 28 - 32 t | O29: 0 | P29: 0.5 | Q29: 22.8 | R29: City Suburban cycle | S29: 10.752 | U29: Trucks | V29: RT | W29: >28 & <=32 | X29: =D29 -> D
A30: TRUCKS | B30: TRUCKS_RT_32_D | C30: =CONCATENATE("Rigid trucks diesel ", E30) -> Rigid trucks diesel >=32t | D30: D | E30: >=32t | G30: double_logistic | H30: 0.1 | I30: 17 | J30: =IF(D30="D", 250, 50) -> 250 | K30: Heavy Duty Trucks | L30: =IF(D30="G","Petrol",IF(D30="D","Diesel",IF(D30="HY","Petrol Hybrid",IF(D30="GLP","LPG Bifuell ~ LPG",D30)))) -> Diesel | M30: Rigid >32 t | O30: 0 | P30: 0.5 | Q30: 22.8 | R30: City Suburban cycle | S30: 10.752 | U30: Trucks | V30: RT | W30: >32 | X30: =D30 -> D
A31: TRUCKS | B31: TRUCKS_RT_7_G | C31: =CONCATENATE("Rigid trucks gasoline ", E31) -> Rigid trucks gasoline <=7.5t | D31: G | E31: <=7.5t | G31: double_logistic | H31: 0.1 | I31: 17 | J31: =IF(D31="D", 250, 50) -> 50 | K31: Passenger Cars | L31: =IF(D31="G","Petrol",IF(D31="D","Diesel",IF(D31="HY","Petrol Hybrid",IF(D31="GLP","LPG Bifuell ~ LPG",D31)))) -> Petrol | M31: Large-SUV-Executive | Q31: 22.8 | R31: City Suburban cycle | S31: 10.752 | T31: tratados como PC para incorporar euro. Camiones gasolineros solo tienen pre-euro | U31: PC | V31: 4S | W31: >2000 | X31: =D31 -> G
A32: TRUCKS | B32: TRUCKS_RT_7_12_G | C32: =CONCATENATE("Rigid trucks gasoline ", E32) -> Rigid trucks gasoline 7.5-12t | D32: G | E32: 7.5-12t | G32: double_logistic | H32: 0.1 | I32: 17 | J32: =IF(D32="D", 250, 50) -> 50 | K32: Passenger Cars | L32: =IF(D32="G","Petrol",IF(D32="D","Diesel",IF(D32="HY","Petrol Hybrid",IF(D32="GLP","LPG Bifuell ~ LPG",D32)))) -> Petrol | M32: Large-SUV-Executive | Q32: 22.8 | R32: City Suburban cycle | S32: 10.752 | U32: PC | V32: 4S | W32: >2000 | X32: =D32 -> G
A33: TRUCKS | B33: TRUCKS_RT_12_14_G | C33: =CONCATENATE("Rigid trucks gasoline ", E33) -> Rigid trucks gasoline 12-14t | D33: G | E33: 12-14t | G33: double_logistic | H33: 0.1 | I33: 17 | J33: =IF(D33="D", 250, 50) -> 50 | K33: Passenger Cars | L33: =IF(D33="G","Petrol",IF(D33="D","Diesel",IF(D33="HY","Petrol Hybrid",IF(D33="GLP","LPG Bifuell ~ LPG",D33)))) -> Petrol | M33: Large-SUV-Executive | Q33: 22.8 | R33: City Suburban cycle | S33: 10.752 | U33: PC | V33: 4S | W33: >2000 | X33: =D33 -> G
A34: TRUCKS | B34: TRUCKS_RT_14_16_G | C34: =CONCATENATE("Rigid trucks gasoline ", E34) -> Rigid trucks gasoline 14-16t | D34: G | E34: 14-16t | G34: double_logistic | H34: 0.1 | I34: 17 | J34: =IF(D34="D", 250, 50) -> 50 | K34: Passenger Cars | L34: =IF(D34="G","Petrol",IF(D34="D","Diesel",IF(D34="HY","Petrol Hybrid",IF(D34="GLP","LPG Bifuell ~ LPG",D34)))) -> Petrol | M34: Large-SUV-Executive | Q34: 22.8 | R34: City Suburban cycle | S34: 10.752 | U34: PC | V34: 4S | W34: >2000 | X34: =D34 -> G
A35: TRUCKS | B35: TRUCKS_RT_16_20_G | C35: =CONCATENATE("Rigid trucks gasoline ", E35) -> Rigid trucks gasoline 16-20t | D35: G | E35: 16-20t | G35: double_logistic | H35: 0.1 | I35: 17 | J35: =IF(D35="D", 250, 50) -> 50 | K35: Passenger Cars | L35: =IF(D35="G","Petrol",IF(D35="D","Diesel",IF(D35="HY","Petrol Hybrid",IF(D35="GLP","LPG Bifuell ~ LPG",D35)))) -> Petrol | M35: Large-SUV-Executive | Q35: 22.8 | R35: City Suburban cycle | S35: 10.752 | U35: PC | V35: 4S | W35: >2000 | X35: =D35 -> G
A36: TRUCKS | B36: TRUCKS_RT_20_26_G | C36: =CONCATENATE("Rigid trucks gasoline ", E36) -> Rigid trucks gasoline 20-26t | D36: G | E36: 20-26t | G36: double_logistic | H36: 0.1 | I36: 17 | J36: =IF(D36="D", 250, 50) -> 50 | K36: Passenger Cars | L36: =IF(D36="G","Petrol",IF(D36="D","Diesel",IF(D36="HY","Petrol Hybrid",IF(D36="GLP","LPG Bifuell ~ LPG",D36)))) -> Petrol | M36: Large-SUV-Executive | Q36: 22.8 | R36: City Suburban cycle | S36: 10.752 | U36: PC | V36: 4S | W36: >2000 | X36: =D36 -> G
A37: TRUCKS | B37: TRUCKS_RT_26_28_G | C37: =CONCATENATE("Rigid trucks gasoline ", E37) -> Rigid trucks gasoline 26-28t | D37: G | E37: 26-28t | G37: double_logistic | H37: 0.1 | I37: 17 | J37: =IF(D37="D", 250, 50) -> 50 | K37: Passenger Cars | L37: =IF(D37="G","Petrol",IF(D37="D","Diesel",IF(D37="HY","Petrol Hybrid",IF(D37="GLP","LPG Bifuell ~ LPG",D37)))) -> Petrol | M37: Large-SUV-Executive | Q37: 22.8 | R37: City Suburban cycle | S37: 10.752 | U37: PC | V37: 4S | W37: >2000 | X37: =D37 -> G
A38: TRUCKS | B38: TRUCKS_RT_28_32_G | C38: =CONCATENATE("Rigid trucks gasoline ", E38) -> Rigid trucks gasoline 38-32t | D38: G | E38: 38-32t | G38: double_logistic | H38: 0.1 | I38: 17 | J38: =IF(D38="D", 250, 50) -> 50 | K38: Passenger Cars | L38: =IF(D38="G","Petrol",IF(D38="D","Diesel",IF(D38="HY","Petrol Hybrid",IF(D38="GLP","LPG Bifuell ~ LPG",D38)))) -> Petrol | M38: Large-SUV-Executive | Q38: 22.8 | R38: City Suburban cycle | S38: 10.752 | U38: PC | V38: 4S | W38: >2000 | X38: =D38 -> G
A39: TRUCKS | B39: TRUCKS_RT_32_G | C39: =CONCATENATE("Rigid trucks gasoline ", E39) -> Rigid trucks gasoline >=32t | D39: G | E39: >=32t | G39: double_logistic | H39: 0.1 | I39: 17 | J39: =IF(D39="D", 250, 50) -> 50 | K39: Passenger Cars | L39: =IF(D39="G","Petrol",IF(D39="D","Diesel",IF(D39="HY","Petrol Hybrid",IF(D39="GLP","LPG Bifuell ~ LPG",D39)))) -> Petrol | M39: Large-SUV-Executive | Q39: 22.8 | R39: City Suburban cycle | S39: 10.752 | U39: PC | V39: 4S | W39: >2000 | X39: =D39 -> G
A40: TRUCKS | B40: TRUCKS_AT_16_20_D | C40: =CONCATENATE("Articulated trucks diesel ", E40) -> Articulated trucks diesel 16-20t | D40: D | E40: 16-20t | G40: double_logistic | H40: 0.1 | I40: 17 | J40: =IF(D40="D", 250, 50) -> 250 | K40: Heavy Duty Trucks | L40: =IF(D40="G","Petrol",IF(D40="D","Diesel",IF(D40="HY","Petrol Hybrid",IF(D40="GLP","LPG Bifuell ~ LPG",D40)))) -> Diesel | M40: Articulated 14 - 20 t | O40: 0 | P40: 0.5 | Q40: 22.8 | R40: City Suburban cycle | S40: 10.752 | U40: Trucks | V40: TT | W40: >20 & <=28 | X40: =D40 -> D
A41: TRUCKS | B41: TRUCKS_AT_20_28_D | C41: =CONCATENATE("Articulated trucks diesel ", E41) -> Articulated trucks diesel 20-28t | D41: D | E41: 20-28t | G41: double_logistic | H41: 0.1 | I41: 17 | J41: =IF(D41="D", 250, 50) -> 250 | K41: Heavy Duty Trucks | L41: =IF(D41="G","Petrol",IF(D41="D","Diesel",IF(D41="HY","Petrol Hybrid",IF(D41="GLP","LPG Bifuell ~ LPG",D41)))) -> Diesel | M41: Articulated 20 - 28 t | O41: 0 | P41: 0.5 | Q41: 22.8 | R41: City Suburban cycle | S41: 10.752 | U41: Trucks | V41: TT | W41: >20 & <=28 | X41: =D41 -> D
A42: TRUCKS | B42: TRUCKS_AT_28_34_D | C42: =CONCATENATE("Articulated trucks diesel ", E42) -> Articulated trucks diesel 28-34t | D42: D | E42: 28-34t | G42: double_logistic | H42: 0.1 | I42: 17 | J42: =IF(D42="D", 250, 50) -> 250 | K42: Heavy Duty Trucks | L42: =IF(D42="G","Petrol",IF(D42="D","Diesel",IF(D42="HY","Petrol Hybrid",IF(D42="GLP","LPG Bifuell ~ LPG",D42)))) -> Diesel | M42: Articulated 28 - 34 t | O42: 0 | P42: 0.5 | Q42: 22.8 | R42: City Suburban cycle | S42: 10.752 | U42: Trucks | V42: TT | W42: >28 & <=34 | X42: =D42 -> D
A43: TRUCKS | B43: TRUCKS_AT_34_40_D | C43: =CONCATENATE("Articulated trucks diesel ", E43) -> Articulated trucks diesel 34-40t | D43: D | E43: 34-40t | G43: double_logistic | H43: 0.1 | I43: 17 | J43: =IF(D43="D", 250, 50) -> 250 | K43: Heavy Duty Trucks | L43: =IF(D43="G","Petrol",IF(D43="D","Diesel",IF(D43="HY","Petrol Hybrid",IF(D43="GLP","LPG Bifuell ~ LPG",D43)))) -> Diesel | M43: Articulated 34 - 40 t | O43: 0 | P43: 0.5 | Q43: 22.8 | R43: City Suburban cycle | S43: 10.752 | U43: Trucks | V43: TT | W43: >34 & <=40 | X43: =D43 -> D
A44: TRUCKS | B44: TRUCKS_AT_40_50_D | C44: =CONCATENATE("Articulated trucks diesel ", E44) -> Articulated trucks diesel 40-50t | D44: D | E44: 40-50t | G44: double_logistic | H44: 0.1 | I44: 17 | J44: =IF(D44="D", 250, 50) -> 250 | K44: Heavy Duty Trucks | L44: =IF(D44="G","Petrol",IF(D44="D","Diesel",IF(D44="HY","Petrol Hybrid",IF(D44="GLP","LPG Bifuell ~ LPG",D44)))) -> Diesel | M44: Articulated 40 - 50 t | O44: 0 | P44: 0.5 | Q44: 22.8 | R44: City Suburban cycle | S44: 10.752 | U44: Trucks | V44: TT | W44: >40 & <=50 | X44: =D44 -> D
A45: TRUCKS | B45: TRUCKS_AT_50_60_D | C45: =CONCATENATE("Articulated trucks diesel ", E45) -> Articulated trucks diesel 50-60t | D45: D | E45: 50-60t | G45: double_logistic | H45: 0.1 | I45: 17 | J45: =IF(D45="D", 250, 50) -> 250 | K45: Heavy Duty Trucks | L45: =IF(D45="G","Petrol",IF(D45="D","Diesel",IF(D45="HY","Petrol Hybrid",IF(D45="GLP","LPG Bifuell ~ LPG",D45)))) -> Diesel | M45: Articulated 50 - 60 t | O45: 0 | P45: 0.5 | Q45: 22.8 | R45: City Suburban cycle | S45: 10.752 | U45: Trucks | V45: TT | W45: >50 & <=60 | X45: =D45 -> D
A46: TRUCKS | B46: TRUCKS_ELEC | C46: Trucks electric | D46: ELEC | E46: all | G46: double_logistic | H46: 0.1 | I46: 17 | J46: =IF(D46="D", 250, 50) -> 50 | K46: Heavy Duty Trucks | L46: =IF(D46="G","Petrol",IF(D46="D","Diesel",IF(D46="HY","Petrol Hybrid",IF(D46="GLP","LPG Bifuell ~ LPG",D46)))) -> ELEC | M46: >3,5 t | O46: 0 | P46: 0.5 | Q46: 22.8 | R46: City Suburban cycle | S46: 10.752 | U46: Trucks | V46: ELEC | X46: =D46 -> ELEC
A47: BUS | B47: BUS_UB_15_D | C47: =CONCATENATE("Urban bus diesel ", E47) -> Urban bus diesel <=15t | D47: D | E47: <=15t | G47: double_logistic | H47: 0.1 | I47: 17 | J47: =IF(D47="D", 250, 50) -> 250 | K47: Buses | L47: =IF(D47="G","Petrol",IF(D47="D","Diesel",IF(D47="HY","Petrol Hybrid",IF(D47="GLP","LPG Bifuell ~ LPG",D47)))) -> Diesel | M47: Urban Buses Midi <=15 t | O47: 0 | P47: 0.5 | Q47: 22.8 | R47: City Suburban cycle | S47: 10.752 | U47: Ubus | V47: Midi | W47: <=15 | X47: =D47 -> D
A48: BUS | B48: BUS_UB_15_18_D | C48: =CONCATENATE("Urban bus diesel ", E48) -> Urban bus diesel 15-18t | D48: D | E48: 15-18t | G48: double_logistic | H48: 0.1 | I48: 17 | J48: =IF(D48="D", 250, 50) -> 250 | K48: Buses | L48: =IF(D48="G","Petrol",IF(D48="D","Diesel",IF(D48="HY","Petrol Hybrid",IF(D48="GLP","LPG Bifuell ~ LPG",D48)))) -> Diesel | M48: Urban Buses Standard 15 - 18 t | O48: 0 | P48: 0.5 | Q48: 22.8 | R48: City Suburban cycle | S48: 10.752 | U48: Ubus | V48: Std | W48: >15 & <=18 | X48: =D48 -> D
A49: BUS | B49: BUS_UB_18_D | C49: =CONCATENATE("Urban bus diesel ", E49) -> Urban bus diesel >=18t | D49: D | E49: >=18t | G49: double_logistic | H49: 0.1 | I49: 17 | J49: =IF(D49="D", 250, 50) -> 250 | K49: Buses | L49: =IF(D49="G","Petrol",IF(D49="D","Diesel",IF(D49="HY","Petrol Hybrid",IF(D49="GLP","LPG Bifuell ~ LPG",D49)))) -> Diesel | M49: Urban Buses Articulated >18 t | O49: 0 | P49: 0.5 | Q49: 22.8 | R49: City Suburban cycle | S49: 10.752 | U49: Ubus | V49: Artic | W49: >18 | X49: =D49 -> D
A50: BUS | B50: BUS_UB_15_G | C50: =CONCATENATE("Urban bus gasoline", E50) -> Urban bus gasoline<=15t | D50: G | E50: <=15t | G50: double_logistic | H50: 0.1 | I50: 17 | J50: =IF(D50="D", 250, 50) -> 50 | K50: Passenger Cars | L50: =IF(D50="G","Petrol",IF(D50="D","Diesel",IF(D50="HY","Petrol Hybrid",IF(D50="GLP","LPG Bifuell ~ LPG",D50)))) -> Petrol | M50: Large-SUV-Executive | O50: 0 | P50: 0.5 | Q50: 22.8 | R50: City Suburban cycle | S50: 10.752 | T50: No hay EF de buses usando gasolina, asi que seran usados de SUV (better than nothing) | U50: PC | V50: 4S | W50: >2000 | X50: =D50 -> G
A51: BUS | B51: BUS_UB_15_18_G | C51: =CONCATENATE("Urban bus gasoline", E51) -> Urban bus gasoline15-18t | D51: G | E51: 15-18t | G51: double_logistic | H51: 0.1 | I51: 17 | J51: =IF(D51="D", 250, 50) -> 50 | K51: Passenger Cars | L51: =IF(D51="G","Petrol",IF(D51="D","Diesel",IF(D51="HY","Petrol Hybrid",IF(D51="GLP","LPG Bifuell ~ LPG",D51)))) -> Petrol | M51: Large-SUV-Executive | O51: 0 | P51: 0.5 | Q51: 22.8 | R51: City Suburban cycle | S51: 10.752 | U51: PC | V51: 4S | W51: >2000 | X51: =D51 -> G
A52: BUS | B52: BUS_UB_18_G | C52: =CONCATENATE("Urban bus gasoline", E52) -> Urban bus gasoline>=18t | D52: G | E52: >=18t | G52: double_logistic | H52: 0.1 | I52: 17 | J52: =IF(D52="D", 250, 50) -> 50 | K52: Passenger Cars | L52: =IF(D52="G","Petrol",IF(D52="D","Diesel",IF(D52="HY","Petrol Hybrid",IF(D52="GLP","LPG Bifuell ~ LPG",D52)))) -> Petrol | M52: Large-SUV-Executive | O52: 0 | P52: 0.5 | Q52: 22.8 | R52: City Suburban cycle | S52: 10.752 | U52: PC | V52: 4S | W52: >2000 | X52: =D52 -> G
A53: BUS | B53: BUS_COACH_17_D | C53: =CONCATENATE("Coach bus diesel ", E53) -> Coach bus diesel <=18 | D53: D | E53: <=18 | G53: double_logistic | H53: 0.1 | I53: 17 | J53: =IF(D53="D", 250, 50) -> 250 | K53: Buses | L53: =IF(D53="G","Petrol",IF(D53="D","Diesel",IF(D53="HY","Petrol Hybrid",IF(D53="GLP","LPG Bifuell ~ LPG",D53)))) -> Diesel | M53: Coaches Standard <=18 t | O53: 0 | P53: 0.5 | Q53: 22.8 | R53: City Suburban cycle | S53: 10.752 | U53: Coach | V53: Std | W53: <=18 | X53: =D53 -> D
A54: BUS | B54: BUS_COACH_18_D | C54: =CONCATENATE("Coach bus diesel ", E54) -> Coach bus diesel >18t | D54: D | E54: >18t | G54: double_logistic | H54: 0.1 | I54: 17 | J54: =IF(D54="D", 250, 50) -> 250 | K54: Buses | L54: =IF(D54="G","Petrol",IF(D54="D","Diesel",IF(D54="HY","Petrol Hybrid",IF(D54="GLP","LPG Bifuell ~ LPG",D54)))) -> Diesel | M54: Coaches Articulated >18 t | O54: 0 | P54: 0.5 | Q54: 22.8 | R54: City Suburban cycle | S54: 10.752 | U54: Coach | V54: 3Axes | W54: >18 | X54: =D54 -> D
A55: BUS | B55: BUS_COACH_17_G | C55: =CONCATENATE("Coach bus gasoline ", E55) -> Coach bus gasoline <=18 | D55: G | E55: <=18 | G55: double_logistic | H55: 0.1 | I55: 17 | J55: =IF(D55="D", 250, 50) -> 50 | K55: Passenger Cars | L55: =IF(D55="G","Petrol",IF(D55="D","Diesel",IF(D55="HY","Petrol Hybrid",IF(D55="GLP","LPG Bifuell ~ LPG",D55)))) -> Petrol | M55: Large-SUV-Executive | O55: 0 | P55: 0.5 | Q55: 22.8 | R55: City Suburban cycle | S55: 10.752 | U55: PC | V55: 4S | W55: >2000 | X55: =D55 -> G
A56: BUS | B56: BUS_COACH_18_G | C56: =CONCATENATE("Coach bus gasoline ", E56) -> Coach bus gasoline >18t | D56: G | E56: >18t | G56: double_logistic | H56: 0.1 | I56: 17 | J56: =IF(D56="D", 250, 50) -> 50 | K56: Passenger Cars | L56: =IF(D56="G","Petrol",IF(D56="D","Diesel",IF(D56="HY","Petrol Hybrid",IF(D56="GLP","LPG Bifuell ~ LPG",D56)))) -> Petrol | M56: Large-SUV-Executive | O56: 0 | P56: 0.5 | Q56: 22.8 | R56: City Suburban cycle | S56: 10.752 | U56: PC | V56: 4S | W56: >2000 | X56: =D56 -> G
A57: BUS | B57: BUS_UB_15_HY | C57: Bus hybrid | D57: HY | E57: all | G57: double_logistic | H57: 0.1 | I57: 17 | J57: =IF(D57="D", 250, 50) -> 50 | K57: Buses | L57: Diesel Hybrid ~ Diesel | M57: Urban Buses Midi <=15 t | O57: 0 | P57: 0.5 | Q57: 22.8 | R57: City Suburban cycle | S57: 10.752 | U57: PC | V57: 4S | W57: 1400_2000 | X57: FH
A58: BUS | B58: BUS_ELEC | C58: Bus electric | D58: ELEC | E58: all | G58: double_logistic | H58: 0.1 | I58: 17 | J58: =IF(D58="D", 250, 50) -> 50 | K58: Buses | L58: Diesel Hybrid ~ Electricity | M58: Urban Buses Midi <=15 t | O58: 0 | P58: 0.5 | Q58: 22.8 | R58: City Suburban cycle | S58: 10.752 | U58: BUS | V58: ELEC | X58: =D58 -> ELEC
A59: MC | B59: MC_2S_50_G | C59: Motorcycle 2 strokes >=50 cc gasoline | D59: G | E59: 50cc | F59: 4.5 | G59: gompertz | H59: 1.618 | I59: -0.141 | J59: =IF(D59="D", 250, 50) -> 50 | K59: L-Category | L59: =IF(D59="G","Petrol",IF(D59="D","Diesel",IF(D59="HY","Petrol Hybrid",IF(D59="GLP","LPG Bifuell ~ LPG",D59)))) -> Petrol | M59: Mopeds 2-stroke <50 cm³ | Q59: 54.7 | R59: WMTC | S59: 9.111 | T59: espacio en blanco significa NA en R, que es diferente de 0 | U59: Motorcycle | V59: 2S | W59: >=50 | X59: =D59 -> G
A60: MC | B60: MC_4S_50_250_G | C60: Motorcycle 4 strokes <=250 cc gasoline | D60: G | E60: 50_250 | F60: 4.5 | G60: gompertz | H60: 1.618 | I60: -0.141 | J60: =IF(D60="D", 250, 50) -> 50 | K60: L-Category | L60: =IF(D60="G","Petrol",IF(D60="D","Diesel",IF(D60="HY","Petrol Hybrid",IF(D60="GLP","LPG Bifuell ~ LPG",D60)))) -> Petrol | M60: Motorcycles 4-stroke <250 cm³ | Q60: 54.7 | R60: WMTC | S60: 9.111 | U60: Motorcycle | V60: 4S | W60: <=250 | X60: =D60 -> G
A61: MC | B61: MC_4S_250_750_G | C61: Motorcycle 4 strokes 250-750 cc gasoline | D61: G | E61: 250-750cc | F61: 4.5 | G61: gompertz | H61: 1.618 | I61: -0.141 | J61: =IF(D61="D", 250, 50) -> 50 | K61: L-Category | L61: =IF(D61="G","Petrol",IF(D61="D","Diesel",IF(D61="HY","Petrol Hybrid",IF(D61="GLP","LPG Bifuell ~ LPG",D61)))) -> Petrol | M61: Motorcycles 4-stroke 250 - 750 cm³ | Q61: 54.7 | R61: WMTC | S61: 9.111 | U61: Motorcycle | V61: 4S | W61: 250_750 | X61: =D61 -> G
A62: MC | B62: MC_4S_750_G | C62: Motorcycle 4 strokes >=750 cc gasoline | D62: G | E62: >=750cc | F62: 4.5 | G62: gompertz | H62: 1.618 | I62: -0.141 | J62: =IF(D62="D", 250, 50) -> 50 | K62: L-Category | L62: =IF(D62="G","Petrol",IF(D62="D","Diesel",IF(D62="HY","Petrol Hybrid",IF(D62="GLP","LPG Bifuell ~ LPG",D62)))) -> Petrol | M62: Motorcycles 4-stroke >750 cm³ | Q62: 54.7 | R62: WMTC | S62: 9.111 | U62: Motorcycle | V62: 4S | W62: >=750 | X62: =D62 -> G
A63: MC | B63: MC_ELEC | C63: Motorcycle electric | D63: ELEC | E63: all | F63: 4.5 | G63: gompertz | H63: 1.618 | I63: -0.141 | J63: =IF(D63="D", 250, 50) -> 50 | K63: L-Category | L63: =IF(D63="G","Petrol",IF(D63="D","Diesel",IF(D63="HY","Petrol Hybrid",IF(D63="GLP","LPG Bifuell ~ LPG",D63)))) -> ELEC | M63: Mopeds 2-stroke <50 cm³ | Q63: 54.7 | R63: WMTC | S63: 9.111 | U63: Motorcycle | V63: 4S | W63: <=250 | X63: =D63 -> ELEC

Sheet fleet_age
A1: Year | B1: =metadata!B2 -> PC_MINI_G | C1: =metadata!B3 -> PC_SMALL_G | D1: =metadata!B4 -> PC_MEDIUM_G | E1: =metadata!B5 -> PC_SUV_G | F1: =metadata!B6 -> PC_MINI_D | G1: =metadata!B7 -> PC_SMALL_D | H1: =metadata!B8 -> PC_MEDIUM_D | I1: =metadata!B9 -> PC_SUV_D | J1: =metadata!B10 -> PC_ELEC | K1: =metadata!B11 -> PC_SMALL_HY | L1: =metadata!B12 -> TAXI_SMALL_G | M1: =metadata!B13 -> TAXI_SMALL_GLP | N1: =metadata!B14 -> LCV_NI_G | O1: =metadata!B15 -> LCV_NII_G | P1: =metadata!B16 -> LCV_NIII_G | Q1: =metadata!B17 -> LCV_NI_D | R1: =metadata!B18 -> LCV_NII_D | S1: =metadata!B19 -> LCV_NIII_D | T1: =metadata!B20 -> LCV_ELEC | U1: =metadata!B21 -> LCV_HY | V1: =metadata!B22 -> TRUCKS_RT_7_D | W1: =metadata!B23 -> TRUCKS_RT_7_12_D | X1: =metadata!B24 -> TRUCKS_RT_12_14_D | Y1: =metadata!B25 -> TRUCKS_RT_14_16_D | Z1: =metadata!B26 -> TRUCKS_RT_16_20_D | AA1: =metadata!B27 -> TRUCKS_RT_20_26_D | AB1: =metadata!B28 -> TRUCKS_RT_26_28_D | AC1: =metadata!B29 -> TRUCKS_RT_28_32_D | AD1: =metadata!B30 -> TRUCKS_RT_32_D | AE1: =metadata!B31 -> TRUCKS_RT_7_G | AF1: =metadata!B32 -> TRUCKS_RT_7_12_G | AG1: =metadata!B33 -> TRUCKS_RT_12_14_G | AH1: =metadata!B34 -> TRUCKS_RT_14_16_G | AI1: =metadata!B35 -> TRUCKS_RT_16_20_G | AJ1: =metadata!B36 -> TRUCKS_RT_20_26_G | AK1: =metadata!B37 -> TRUCKS_RT_26_28_G | AL1: =metadata!B38 -> TRUCKS_RT_28_32_G | AM1: =metadata!B39 -> TRUCKS_RT_32_G | AN1: =metadata!B40 -> TRUCKS_AT_16_20_D | AO1: =metadata!B41 -> TRUCKS_AT_20_28_D | AP1: =metadata!B42 -> TRUCKS_AT_28_34_D | AQ1: =metadata!B43 -> TRUCKS_AT_34_40_D | AR1: =metadata!B44 -> TRUCKS_AT_40_50_D | AS1: =metadata!B45 -> TRUCKS_AT_50_60_D | AT1: =metadata!B46 -> TRUCKS_ELEC | AU1: =metadata!B47 -> BUS_UB_15_D | AV1: =metadata!B48 -> BUS_UB_15_18_D | AW1: =metadata!B49 -> BUS_UB_18_D | AX1: =metadata!B50 -> BUS_UB_15_G | AY1: =metadata!B51 -> BUS_UB_15_18_G | AZ1: =metadata!B52 -> BUS_UB_18_G | BA1: =metadata!B53 -> BUS_COACH_17_D | BB1: =metadata!B54 -> BUS_COACH_18_D | BC1: =metadata!B55 -> BUS_COACH_17_G | BD1: =metadata!B56 -> BUS_COACH_18_G | BE1: =metadata!B57 -> BUS_UB_15_HY | BF1: =metadata!B58 -> BUS_ELEC | BG1: =metadata!B59 -> MC_2S_50_G | BH1: =metadata!B60 -> MC_4S_50_250_G | BI1: =metadata!B61 -> MC_4S_250_750_G | BJ1: =metadata!B62 -> MC_4S_750_G | BK1: =metadata!B63 -> MC_ELEC
A2: 2017 | B2: =base_fleet!H4 -> 5522 | C2: =base_fleet!M4*0.95 -> 15650.3 | D2: =base_fleet!D4 -> 106 | E2: =base_fleet!R4 -> 24392 | F2: =base_fleet!F4 -> 1 | G2: =base_fleet!K4 -> 10 | H2: =base_fleet!B4 -> 0 | I2: =base_fleet!P4 -> 525 | J2: =base_fleet!C4+base_fleet!G4+base_fleet!L4+base_fleet!Q4 -> 87 | K2: =base_fleet!E4+base_fleet!J4+base_fleet!O4+base_fleet!T4 -> 1571 | L2: =base_fleet!M4*0.05 -> 823.7 | M2: =base_fleet!I4+base_fleet!N4+base_fleet!S4 -> 0 | N2: =base_fleet!AF4 -> 4790 | O2: =base_fleet!AA4 -> 488 | P2: =base_fleet!V4 -> 435 | Q2: =base_fleet!AD4 -> 8926 | R2: =base_fleet!Y4 -> 552 | S2: =base_fleet!U4 -> 493 | T2: =base_fleet!Z4+base_fleet!AE4 -> 0 | U2: =base_fleet!X4+base_fleet!AC4+base_fleet!AH4 -> 2 | V2: =base_fleet!AI4 -> 2936 | W2: =base_fleet!AM4 -> 342 | X2: =base_fleet!AP4 -> 222 | Y2: =base_fleet!AS4 -> 73 | Z2: =base_fleet!AU4 -> 203 | AA2: =base_fleet!AW4 -> 15 | AB2: =base_fleet!AY4/2 -> 16 | AC2: =base_fleet!AY4/2 -> 16 | AD2: =base_fleet!BB4 -> 4 | AE2: =base_fleet!AK4 -> 9 | AF2: =base_fleet!AO4 -> 0 | AG2: =base_fleet!AR4 -> 0 | AH2: =base_fleet!AT4 -> 0 | AI2: =base_fleet!AV4 -> 0 | AJ2: =base_fleet!AX4 -> 0 | AK2: =base_fleet!AZ4 -> 0 | AL2: =base_fleet!BC4 -> 0 | AM2: 0 | AN2: =base_fleet!BD4 -> 164 | AO2: =base_fleet!BE4 -> 90 | AP2: =base_fleet!BF4 -> 1 | AQ2: =base_fleet!BG4 -> 22 | AR2: =base_fleet!BH4 -> 71 | AS2: =base_fleet!BI4 -> 7 | AT2: =base_fleet!AQ4+base_fleet!AN4+base_fleet!AJ4 -> 0 | AU2: =base_fleet!BL4 -> 1210.4 | AV2: =base_fleet!BJ4 -> 302.6 | AW2: =base_fleet!BN4 -> 66.3 | AX2: =base_fleet!BM4 -> 3.4 | AY2: =base_fleet!BK4 -> 0 | AZ2: =base_fleet!BO4 -> 0 | BA2: =base_fleet!BP4 -> 224.1 | BB2: =base_fleet!BR4 -> 0.15 | BC2: =base_fleet!BQ4 -> 1.8 | BD2: =base_fleet!BS4 -> 0 | BE2: 0 | BF2: 0 | BG2: =base_fleet!CE4 -> 3 | BH2: =base_fleet!CA4 -> 73869 | BI2: =base_fleet!BV4 -> 1485 | BJ2: =base_fleet!CH4 -> 2 | BK2: =base_fleet!BU4+base_fleet!BZ4+base_fleet!CD4 -> 76
A3: =A2-1 -> 2016 | B3: =base_fleet!H5 -> 4030 | C3: =base_fleet!M5*0.95 -> 13349.4 | D3: =base_fleet!D5 -> 201 | E3: =base_fleet!R5 -> 14707 | F3: =base_fleet!F5 -> 1 | G3: =base_fleet!K5 -> 193 | H3: =base_fleet!B5 -> 1 | I3: =base_fleet!P5 -> 460 | J3: =base_fleet!C5+base_fleet!G5+base_fleet!L5+base_fleet!Q5 -> 43 | K3: =base_fleet!E5+base_fleet!J5+base_fleet!O5+base_fleet!T5 -> 553 | L3: =base_fleet!M5*0.05 -> 702.6 | M3: =base_fleet!I5+base_fleet!N5+base_fleet!S5 -> 1 | N3: =base_fleet!AF5 -> 2649 | O3: =base_fleet!AA5 -> 390 | P3: =base_fleet!V5 -> 365 | Q3: =base_fleet!AD5 -> 5916 | R3: =base_fleet!Y5 -> 353 | S3: =base_fleet!U5 -> 801 | T3: =base_fleet!Z5+base_fleet!AE5 -> 0 | U3: =base_fleet!X5+base_fleet!AC5+base_fleet!AH5 -> 0 | V3: =base_fleet!AI5 -> 1045 | W3: =base_fleet!AM5 -> 159 | X3: =base_fleet!AP5 -> 18 | Y3: =base_fleet!AS5 -> 45 | Z3: =base_fleet!AU5 -> 43 | AA3: =base_fleet!AW5 -> 10 | AB3: =base_fleet!AY5/2 -> 4 | AC3: =base_fleet!AY5/2 -> 4 | AD3: =base_fleet!BB5 -> 1 | AE3: =base_fleet!AK5 -> 13 | AF3: =base_fleet!AO5 -> 1 | AG3: =base_fleet!AR5 -> 0 | AH3: =base_fleet!AT5 -> 0 | AI3: =base_fleet!AV5 -> 0 | AJ3: =base_fleet!AX5 -> 0 | AK3: =base_fleet!AZ5 -> 0 | AL3: =base_fleet!BC5 -> 0 | AM3: 0 | AN3: =base_fleet!BD5 -> 21 | AO3: =base_fleet!BE5 -> 1 | AP3: =base_fleet!BF5 -> 0 | AQ3: =base_fleet!BG5 -> 0 | AR3: =base_fleet!BH5 -> 1 | AS3: =base_fleet!BI5 -> 0 | AT3: =base_fleet!AQ5+base_fleet!AN5+base_fleet!AJ5 -> 0 | AU3: =base_fleet!BL5 -> 939.25 | AV3: =base_fleet!BJ5 -> 75.65 | AW3: =base_fleet!BN5 -> 17 | AX3: =base_fleet!BM5 -> 1.7 | AY3: =base_fleet!BK5 -> 0 | AZ3: =base_fleet!BO5 -> 0 | BA3: =base_fleet!BP5 -> 162.15 | BB3: =base_fleet!BR5 -> 1.35 | BC3: =base_fleet!BQ5 -> 1.35 | BD3: =base_fleet!BS5 -> 0 | BE3: 0 | BF3: 0 | BG3: =base_fleet!CE5 -> 0 | BH3: =base_fleet!CA5 -> 37270 | BI3: =base_fleet!BV5 -> 465 | BJ3: =base_fleet!CH5 -> 0 | BK3: =base_fleet!BU5+base_fleet!BZ5+base_fleet!CD5 -> 6
A4: =A3-1 -> 2015 | B4: =base_fleet!H6 -> 9792 | C4: =base_fleet!M6*0.95 -> 23799.4 | D4: =base_fleet!D6 -> 36 | E4: =base_fleet!R6 -> 12476 | F4: =base_fleet!F6 -> 1 | G4: =base_fleet!K6 -> 15 | H4: =base_fleet!B6 -> 2 | I4: =base_fleet!P6 -> 123 | J4: =base_fleet!C6+base_fleet!G6+base_fleet!L6+base_fleet!Q6 -> 68 | K4: =base_fleet!E6+base_fleet!J6+base_fleet!O6+base_fleet!T6 -> 717 | L4: =base_fleet!M6*0.05 -> 1252.6 | M4: =base_fleet!I6+base_fleet!N6+base_fleet!S6 -> 1 | N4: =base_fleet!AF6 -> 3757 | O4: =base_fleet!AA6 -> 293 | P4: =base_fleet!V6 -> 1085 | Q4: =base_fleet!AD6 -> 4351 | R4: =base_fleet!Y6 -> 192 | S4: =base_fleet!U6 -> 961 | T4: =base_fleet!Z6+base_fleet!AE6 -> 3 | U4: =base_fleet!X6+base_fleet!AC6+base_fleet!AH6 -> 1 | V4: =base_fleet!AI6 -> 3185 | W4: =base_fleet!AM6 -> 328 | X4: =base_fleet!AP6 -> 81 | Y4: =base_fleet!AS6 -> 200 | Z4: =base_fleet!AU6 -> 165 | AA4: =base_fleet!AW6 -> 18 | AB4: =base_fleet!AY6/2 -> 9.5 | AC4: =base_fleet!AY6/2 -> 9.5 | AD4: =base_fleet!BB6 -> 2 | AE4: =base_fleet!AK6 -> 45 | AF4: =base_fleet!AO6 -> 3 | AG4: =base_fleet!AR6 -> 0 | AH4: =base_fleet!AT6 -> 0 | AI4: =base_fleet!AV6 -> 2 | AJ4: =base_fleet!AX6 -> 0 | AK4: =base_fleet!AZ6 -> 1 | AL4: =base_fleet!BC6 -> 0 | AM4: 0 | AN4: =base_fleet!BD6 -> 118 | AO4: =base_fleet!BE6 -> 112 | AP4: =base_fleet!BF6 -> 3 | AQ4: =base_fleet!BG6 -> 14 | AR4: =base_fleet!BH6 -> 46 | AS4: =base_fleet!BI6 -> 11 | AT4: =base_fleet!AQ6+base_fleet!AN6+base_fleet!AJ6 -> 1 | AU4: =base_fleet!BL6 -> 1212.95 | AV4: =base_fleet!BJ6 -> 135.15 | AW4: =base_fleet!BN6 -> 61.2 | AX4: =base_fleet!BM6 -> 9.35 | AY4: =base_fleet!BK6 -> 0.85 | AZ4: =base_fleet!BO6 -> 0 | BA4: =base_fleet!BP6 -> 169.65 | BB4: =base_fleet!BR6 -> 0.3 | BC4: =base_fleet!BQ6 -> 1.35 | BD4: =base_fleet!BS6 -> 0 | BE4: 0 | BF4: 0 | BG4: =base_fleet!CE6 -> 6 | BH4: =base_fleet!CA6 -> 24810 | BI4: =base_fleet!BV6 -> 86 | BJ4: =base_fleet!CH6 -> 2 | BK4: =base_fleet!BU6+base_fleet!BZ6+base_fleet!CD6 -> 1
A5: =A4-1 -> 2014 | B5: =base_fleet!H7 -> 15449 | C5: =base_fleet!M7*0.95 -> 17061.05 | D5: =base_fleet!D7 -> 78 | E5: =base_fleet!R7 -> 24529 | F5: =base_fleet!F7 -> 1 | G5: =base_fleet!K7 -> 25 | H5: =base_fleet!B7 -> 2 | I5: =base_fleet!P7 -> 93 | J5: =base_fleet!C7+base_fleet!G7+base_fleet!L7+base_fleet!Q7 -> 2 | K5: =base_fleet!E7+base_fleet!J7+base_fleet!O7+base_fleet!T7 -> 85 | L5: =base_fleet!M7*0.05 -> 897.95 | M5: =base_fleet!I7+base_fleet!N7+base_fleet!S7 -> 3 | N5: =base_fleet!AF7 -> 7747 | O5: =base_fleet!AA7 -> 886 | P5: =base_fleet!V7 -> 1496 | Q5: =base_fleet!AD7 -> 8830 | R5: =base_fleet!Y7 -> 648 | S5: =base_fleet!U7 -> 1991 | T5: =base_fleet!Z7+base_fleet!AE7 -> 0 | U5: =base_fleet!X7+base_fleet!AC7+base_fleet!AH7 -> 1 | V5: =base_fleet!AI7 -> 6124 | W5: =base_fleet!AM7 -> 1072 | X5: =base_fleet!AP7 -> 197 | Y5: =base_fleet!AS7 -> 591 | Z5: =base_fleet!AU7 -> 495 | AA5: =base_fleet!AW7 -> 162 | AB5: =base_fleet!AY7/2 -> 103.5 | AC5: =base_fleet!AY7/2 -> 103.5 | AD5: =base_fleet!BB7 -> 8 | AE5: =base_fleet!AK7 -> 60 | AF5: =base_fleet!AO7 -> 5 | AG5: =base_fleet!AR7 -> 2 | AH5: =base_fleet!AT7 -> 2 | AI5: =base_fleet!AV7 -> 5 | AJ5: =base_fleet!AX7 -> 0 | AK5: =base_fleet!AZ7 -> 4 | AL5: =base_fleet!BC7 -> 0 | AM5: 0 | AN5: =base_fleet!BD7 -> 224 | AO5: =base_fleet!BE7 -> 661 | AP5: =base_fleet!BF7 -> 7 | AQ5: =base_fleet!BG7 -> 174 | AR5: =base_fleet!BH7 -> 307 | AS5: =base_fleet!BI7 -> 5 | AT5: =base_fleet!AQ7+base_fleet!AN7+base_fleet!AJ7 -> 0 | AU5: =base_fleet!BL7 -> 1134.75 | AV5: =base_fleet!BJ7 -> 112.2 | AW5: =base_fleet!BN7 -> 68 | AX5: =base_fleet!BM7 -> 10.2 | AY5: =base_fleet!BK7 -> 0 | AZ5: =base_fleet!BO7 -> 0 | BA5: =base_fleet!BP7 -> 198.6 | BB5: =base_fleet!BR7 -> 2.85 | BC5: =base_fleet!BQ7 -> 1.65 | BD5: =base_fleet!BS7 -> 0 | BE5: 0 | BF5: 0 | BG5: =base_fleet!CE7 -> 67 | BH5: =base_fleet!CA7 -> 53787 | BI5: =base_fleet!BV7 -> 127 | BJ5: =base_fleet!CH7 -> 4 | BK5: =base_fleet!BU7+base_fleet!BZ7+base_fleet!CD7 -> 0
A6: =A5-1 -> 2013 | B6: =base_fleet!H8 -> 20796 | C6: =base_fleet!M8*0.95 -> 19845.5 | D6: =base_fleet!D8 -> 64 | E6: =base_fleet!R8 -> 21361 | F6: =base_fleet!F8 -> 3 | G6: =base_fleet!K8 -> 30 | H6: =base_fleet!B8 -> 2 | I6: =base_fleet!P8 -> 74 | J6: =base_fleet!C8+base_fleet!G8+base_fleet!L8+base_fleet!Q8 -> 1 | K6: =base_fleet!E8+base_fleet!J8+base_fleet!O8+base_fleet!T8 -> 342 | L6: =base_fleet!M8*0.05 -> 1044.5 | M6: =base_fleet!I8+base_fleet!N8+base_fleet!S8 -> 2 | N6: =base_fleet!AF8 -> 7038 | O6: =base_fleet!AA8 -> 731 | P6: =base_fleet!V8 -> 1226 | Q6: =base_fleet!AD8 -> 7922 | R6: =base_fleet!Y8 -> 745 | S6: =base_fleet!U8 -> 1266 | T6: =base_fleet!Z8+base_fleet!AE8 -> 0 | U6: =base_fleet!X8+base_fleet!AC8+base_fleet!AH8 -> 1 | V6: =base_fleet!AI8 -> 4776 | W6: =base_fleet!AM8 -> 588 | X6: =base_fleet!AP8 -> 259 | Y6: =base_fleet!AS8 -> 128 | Z6: =base_fleet!AU8 -> 501 | AA6: =base_fleet!AW8 -> 131 | AB6: =base_fleet!AY8/2 -> 68 | AC6: =base_fleet!AY8/2 -> 68 | AD6: =base_fleet!BB8 -> 17 | AE6: =base_fleet!AK8 -> 17 | AF6: =base_fleet!AO8 -> 3 | AG6: =base_fleet!AR8 -> 0 | AH6: =base_fleet!AT8 -> 0 | AI6: =base_fleet!AV8 -> 2 | AJ6: =base_fleet!AX8 -> 2 | AK6: =base_fleet!AZ8 -> 0 | AL6: =base_fleet!BC8 -> 1 | AM6: 0 | AN6: =base_fleet!BD8 -> 217 | AO6: =base_fleet!BE8 -> 552 | AP6: =base_fleet!BF8 -> 16 | AQ6: =base_fleet!BG8 -> 174 | AR6: =base_fleet!BH8 -> 183 | AS6: =base_fleet!BI8 -> 8 | AT6: =base_fleet!AQ8+base_fleet!AN8+base_fleet!AJ8 -> 0 | AU6: =base_fleet!BL8 -> 1153.45 | AV6: =base_fleet!BJ8 -> 281.35 | AW6: =base_fleet!BN8 -> 24.65 | AX6: =base_fleet!BM8 -> 1.7 | AY6: =base_fleet!BK8 -> 0 | AZ6: =base_fleet!BO8 -> 0 | BA6: =base_fleet!BP8 -> 114.15 | BB6: =base_fleet!BR8 -> 0.45 | BC6: =base_fleet!BQ8 -> 1.05 | BD6: =base_fleet!BS8 -> 0 | BE6: 0 | BF6: 0 | BG6: =base_fleet!CE8 -> 35 | BH6: =base_fleet!CA8 -> 46591 | BI6: =base_fleet!BV8 -> 365 | BJ6: =base_fleet!CH8 -> 10 | BK6: =base_fleet!BU8+base_fleet!BZ8+base_fleet!CD8 -> 5
A7: =A6-1 -> 2012 | B7: =base_fleet!H9 -> 17643 | C7: =base_fleet!M9*0.95 -> 25065.75 | D7: =base_fleet!D9 -> 64 | E7: =base_fleet!R9 -> 23514 | F7: =base_fleet!F9 -> 6 | G7: =base_fleet!K9 -> 35 | H7: =base_fleet!B9 -> 1 | I7: =base_fleet!P9 -> 124 | J7: =base_fleet!C9+base_fleet!G9+base_fleet!L9+base_fleet!Q9 -> 1 | K7: =base_fleet!E9+base_fleet!J9+base_fleet!O9+base_fleet!T9 -> 272 | L7: =base_fleet!M9*0.05 -> 1319.25 | M7: =base_fleet!I9+base_fleet!N9+base_fleet!S9 -> 2 | N7: =base_fleet!AF9 -> 12369 | O7: =base_fleet!AA9 -> 1400 | P7: =base_fleet!V9 -> 569 | Q7: =base_fleet!AD9 -> 9792 | R7: =base_fleet!Y9 -> 908 | S7: =base_fleet!U9 -> 456 | T7: =base_fleet!Z9+base_fleet!AE9 -> 3 | U7: =base_fleet!X9+base_fleet!AC9+base_fleet!AH9 -> 0 | V7: =base_fleet!AI9 -> 5860 | W7: =base_fleet!AM9 -> 532 | X7: =base_fleet!AP9 -> 335 | Y7: =base_fleet!AS9 -> 126 | Z7: =base_fleet!AU9 -> 412 | AA7: =base_fleet!AW9 -> 343 | AB7: =base_fleet!AY9/2 -> 56 | AC7: =base_fleet!AY9/2 -> 56 | AD7: =base_fleet!BB9 -> 69 | AE7: =base_fleet!AK9 -> 50 | AF7: =base_fleet!AO9 -> 6 | AG7: =base_fleet!AR9 -> 1 | AH7: =base_fleet!AT9 -> 1 | AI7: =base_fleet!AV9 -> 1 | AJ7: =base_fleet!AX9 -> 6 | AK7: =base_fleet!AZ9 -> 0 | AL7: =base_fleet!BC9 -> 0 | AM7: 0 | AN7: =base_fleet!BD9 -> 219 | AO7: =base_fleet!BE9 -> 523 | AP7: =base_fleet!BF9 -> 15 | AQ7: =base_fleet!BG9 -> 163 | AR7: =base_fleet!BH9 -> 213 | AS7: =base_fleet!BI9 -> 0 | AT7: =base_fleet!AQ9+base_fleet!AN9+base_fleet!AJ9 -> 1 | AU7: =base_fleet!BL9 -> 848.3 | AV7: =base_fleet!BJ9 -> 272 | AW7: =base_fleet!BN9 -> 10.2 | AX7: =base_fleet!BM9 -> 2.55 | AY7: =base_fleet!BK9 -> 0 | AZ7: =base_fleet!BO9 -> 0 | BA7: =base_fleet!BP9 -> 230.7 | BB7: =base_fleet!BR9 -> 2.7 | BC7: =base_fleet!BQ9 -> 2.1 | BD7: =base_fleet!BS9 -> 0 | BE7: 0 | BF7: 0 | BG7: =base_fleet!CE9 -> 11 | BH7: =base_fleet!CA9 -> 34545 | BI7: =base_fleet!BV9 -> 398 | BJ7: =base_fleet!CH9 -> 31 | BK7: =base_fleet!BU9+base_fleet!BZ9+base_fleet!CD9 -> 4
A8: =A7-1 -> 2011 | B8: =base_fleet!H10 -> 16182 | C8: =base_fleet!M10*0.95 -> 32241.1 | D8: =base_fleet!D10 -> 172 | E8: =base_fleet!R10 -> 22476 | F8: =base_fleet!F10 -> 18 | G8: =base_fleet!K10 -> 100 | H8: =base_fleet!B10 -> 1 | I8: =base_fleet!P10 -> 81 | J8: =base_fleet!C10+base_fleet!G10+base_fleet!L10+base_fleet!Q10 -> 2 | K8: =base_fleet!E10+base_fleet!J10+base_fleet!O10+base_fleet!T10 -> 241 | L8: =base_fleet!M10*0.05 -> 1696.9 | M8: =base_fleet!I10+base_fleet!N10+base_fleet!S10 -> 7 | N8: =base_fleet!AF10 -> 11933 | O8: =base_fleet!AA10 -> 2066 | P8: =base_fleet!V10 -> 246 | Q8: =base_fleet!AD10 -> 7033 | R8: =base_fleet!Y10 -> 696 | S8: =base_fleet!U10 -> 586 | T8: =base_fleet!Z10+base_fleet!AE10 -> 0 | U8: =base_fleet!X10+base_fleet!AC10+base_fleet!AH10 -> 1 | V8: =base_fleet!AI10 -> 4794 | W8: =base_fleet!AM10 -> 688 | X8: =base_fleet!AP10 -> 607 | Y8: =base_fleet!AS10 -> 81 | Z8: =base_fleet!AU10 -> 304 | AA8: =base_fleet!AW10 -> 311 | AB8: =base_fleet!AY10/2 -> 4.5 | AC8: =base_fleet!AY10/2 -> 4.5 | AD8: =base_fleet!BB10 -> 36 | AE8: =base_fleet!AK10 -> 50 | AF8: =base_fleet!AO10 -> 4 | AG8: =base_fleet!AR10 -> 4 | AH8: =base_fleet!AT10 -> 0 | AI8: =base_fleet!AV10 -> 1 | AJ8: =base_fleet!AX10 -> 4 | AK8: =base_fleet!AZ10 -> 0 | AL8: =base_fleet!BC10 -> 0 | AM8: 0 | AN8: =base_fleet!BD10 -> 243 | AO8: =base_fleet!BE10 -> 338 | AP8: =base_fleet!BF10 -> 28 | AQ8: =base_fleet!BG10 -> 159 | AR8: =base_fleet!BH10 -> 180 | AS8: =base_fleet!BI10 -> 2 | AT8: =base_fleet!AQ10+base_fleet!AN10+base_fleet!AJ10 -> 0 | AU8: =base_fleet!BL10 -> 935 | AV8: =base_fleet!BJ10 -> 165.75 | AW8: =base_fleet!BN10 -> 4.25 | AX8: =base_fleet!BM10 -> 4.25 | AY8: =base_fleet!BK10 -> 2.55 | AZ8: =base_fleet!BO10 -> 0 | BA8: =base_fleet!BP10 -> 194.25 | BB8: =base_fleet!BR10 -> 0.75 | BC8: =base_fleet!BQ10 -> 1.2 | BD8: =base_fleet!BS10 -> 0 | BE8: 0 | BF8: 0 | BG8: =base_fleet!CE10 -> 4 | BH8: =base_fleet!CA10 -> 36287 | BI8: =base_fleet!BV10 -> 318 | BJ8: =base_fleet!CH10 -> 1 | BK8: =base_fleet!BU10+base_fleet!BZ10+base_fleet!CD10 -> 1
A9: =A8-1 -> 2010 | B9: =base_fleet!H11 -> 11486 | C9: =base_fleet!M11*0.95 -> 16687.7 | D9: =base_fleet!D11 -> 11 | E9: =base_fleet!R11 -> 25762 | F9: =base_fleet!F11 -> 15 | G9: =base_fleet!K11 -> 116 | H9: =base_fleet!B11 -> 3 | I9: =base_fleet!P11 -> 135 | J9: =base_fleet!C11+base_fleet!G11+base_fleet!L11+base_fleet!Q11 -> 2 | K9: =base_fleet!E11+base_fleet!J11+base_fleet!O11+base_fleet!T11 -> 1154 | L9: =base_fleet!M11*0.05 -> 878.3 | M9: =base_fleet!I11+base_fleet!N11+base_fleet!S11 -> 4 | N9: =base_fleet!AF11 -> 13738 | O9: =base_fleet!AA11 -> 1114 | P9: =base_fleet!V11 -> 184 | Q9: =base_fleet!AD11 -> 9413 | R9: =base_fleet!Y11 -> 914 | S9: =base_fleet!U11 -> 758 | T9: =base_fleet!Z11+base_fleet!AE11 -> 0 | U9: =base_fleet!X11+base_fleet!AC11+base_fleet!AH11 -> 73 | V9: =base_fleet!AI11 -> 4665 | W9: =base_fleet!AM11 -> 962 | X9: =base_fleet!AP11 -> 450 | Y9: =base_fleet!AS11 -> 125 | Z9: =base_fleet!AU11 -> 243 | AA9: =base_fleet!AW11 -> 80 | AB9: =base_fleet!AY11/2 -> 17 | AC9: =base_fleet!AY11/2 -> 17 | AD9: =base_fleet!BB11 -> 12 | AE9: =base_fleet!AK11 -> 72 | AF9: =base_fleet!AO11 -> 5 | AG9: =base_fleet!AR11 -> 2 | AH9: =base_fleet!AT11 -> 3 | AI9: =base_fleet!AV11 -> 1 | AJ9: =base_fleet!AX11 -> 1 | AK9: =base_fleet!AZ11 -> 0 | AL9: =base_fleet!BC11 -> 0 | AM9: 0 | AN9: =base_fleet!BD11 -> 217 | AO9: =base_fleet!BE11 -> 343 | AP9: =base_fleet!BF11 -> 34 | AQ9: =base_fleet!BG11 -> 96 | AR9: =base_fleet!BH11 -> 75 | AS9: =base_fleet!BI11 -> 0 | AT9: =base_fleet!AQ11+base_fleet!AN11+base_fleet!AJ11 -> 0 | AU9: =base_fleet!BL11 -> 1021.7 | AV9: =base_fleet!BJ11 -> 285.6 | AW9: =base_fleet!BN11 -> 15.3 | AX9: =base_fleet!BM11 -> 10.2 | AY9: =base_fleet!BK11 -> 1.7 | AZ9: =base_fleet!BO11 -> 0 | BA9: =base_fleet!BP11 -> 197.7 | BB9: =base_fleet!BR11 -> 1.8 | BC9: =base_fleet!BQ11 -> 0.45 | BD9: =base_fleet!BS11 -> 0 | BE9: 0 | BF9: 0 | BG9: =base_fleet!CE11 -> 5 | BH9: =base_fleet!CA11 -> 22764 | BI9: =base_fleet!BV11 -> 50 | BJ9: =base_fleet!CH11 -> 3 | BK9: =base_fleet!BU11+base_fleet!BZ11+base_fleet!CD11 -> 1
A10: =A9-1 -> 2009 | B10: =base_fleet!H12 -> 16179 | C10: =base_fleet!M12*0.95 -> 16883.4 | D10: =base_fleet!D12 -> 9 | E10: =base_fleet!R12 -> 18996 | F10: =base_fleet!F12 -> 46 | G10: =base_fleet!K12 -> 125 | H10: =base_fleet!B12 -> 2 | I10: =base_fleet!P12 -> 604 | J10: =base_fleet!C12+base_fleet!G12+base_fleet!L12+base_fleet!Q12 -> 4 | K10: =base_fleet!E12+base_fleet!J12+base_fleet!O12+base_fleet!T12 -> 1619 | L10: =base_fleet!M12*0.05 -> 888.6 | M10: =base_fleet!I12+base_fleet!N12+base_fleet!S12 -> 8 | N10: =base_fleet!AF12 -> 11742 | O10: =base_fleet!AA12 -> 710 | P10: =base_fleet!V12 -> 144 | Q10: =base_fleet!AD12 -> 5850 | R10: =base_fleet!Y12 -> 539 | S10: =base_fleet!U12 -> 344 | T10: =base_fleet!Z12+base_fleet!AE12 -> 0 | U10: =base_fleet!X12+base_fleet!AC12+base_fleet!AH12 -> 32 | V10: =base_fleet!AI12 -> 2385 | W10: =base_fleet!AM12 -> 567 | X10: =base_fleet!AP12 -> 404 | Y10: =base_fleet!AS12 -> 226 | Z10: =base_fleet!AU12 -> 256 | AA10: =base_fleet!AW12 -> 119 | AB10: =base_fleet!AY12/2 -> 4.5 | AC10: =base_fleet!AY12/2 -> 4.5 | AD10: =base_fleet!BB12 -> 15 | AE10: =base_fleet!AK12 -> 39 | AF10: =base_fleet!AO12 -> 5 | AG10: =base_fleet!AR12 -> 1 | AH10: =base_fleet!AT12 -> 3 | AI10: =base_fleet!AV12 -> 0 | AJ10: =base_fleet!AX12 -> 1 | AK10: =base_fleet!AZ12 -> 0 | AL10: =base_fleet!BC12 -> 0 | AM10: 0 | AN10: =base_fleet!BD12 -> 176 | AO10: =base_fleet!BE12 -> 206 | AP10: =base_fleet!BF12 -> 31 | AQ10: =base_fleet!BG12 -> 92 | AR10: =base_fleet!BH12 -> 58 | AS10: =base_fleet!BI12 -> 0 | AT10: =base_fleet!AQ12+base_fleet!AN12+base_fleet!AJ12 -> 0 | AU10: =base_fleet!BL12 -> 609.45 | AV10: =base_fleet!BJ12 -> 37.4 | AW10: =base_fleet!BN12 -> 2.55 | AX10: =base_fleet!BM12 -> 5.95 | AY10: =base_fleet!BK12 -> 0 | AZ10: =base_fleet!BO12 -> 0 | BA10: =base_fleet!BP12 -> 253.2 | BB10: =base_fleet!BR12 -> 4.35 | BC10: =base_fleet!BQ12 -> 0.3 | BD10: =base_fleet!BS12 -> 0 | BE10: 0 | BF10: 0 | BG10: =base_fleet!CE12 -> 1 | BH10: =base_fleet!CA12 -> 18274 | BI10: =base_fleet!BV12 -> 65 | BJ10: =base_fleet!CH12 -> 0 | BK10: =base_fleet!BU12+base_fleet!BZ12+base_fleet!CD12 -> 0
A11: =A10-1 -> 2008 | B11: =base_fleet!H13 -> 13810 | C11: =base_fleet!M13*0.95 -> 12139.1 | D11: =base_fleet!D13 -> 5 | E11: =base_fleet!R13 -> 19637 | F11: =base_fleet!F13 -> 91 | G11: =base_fleet!K13 -> 216 | H11: =base_fleet!B13 -> 1 | I11: =base_fleet!P13 -> 929 | J11: =base_fleet!C13+base_fleet!G13+base_fleet!L13+base_fleet!Q13 -> 8 | K11: =base_fleet!E13+base_fleet!J13+base_fleet!O13+base_fleet!T13 -> 151 | L11: =base_fleet!M13*0.05 -> 638.9 | M11: =base_fleet!I13+base_fleet!N13+base_fleet!S13 -> 3 | N11: =base_fleet!AF13 -> 13093 | O11: =base_fleet!AA13 -> 1279 | P11: =base_fleet!V13 -> 234 | Q11: =base_fleet!AD13 -> 8180 | R11: =base_fleet!Y13 -> 1075 | S11: =base_fleet!U13 -> 477 | T11: =base_fleet!Z13+base_fleet!AE13 -> 2 | U11: =base_fleet!X13+base_fleet!AC13+base_fleet!AH13 -> 22 | V11: =base_fleet!AI13 -> 4624 | W11: =base_fleet!AM13 -> 767 | X11: =base_fleet!AP13 -> 590 | Y11: =base_fleet!AS13 -> 237 | Z11: =base_fleet!AU13 -> 421 | AA11: =base_fleet!AW13 -> 216 | AB11: =base_fleet!AY13/2 -> 13.5 | AC11: =base_fleet!AY13/2 -> 13.5 | AD11: =base_fleet!BB13 -> 31 | AE11: =base_fleet!AK13 -> 58 | AF11: =base_fleet!AO13 -> 10 | AG11: =base_fleet!AR13 -> 3 | AH11: =base_fleet!AT13 -> 3 | AI11: =base_fleet!AV13 -> 3 | AJ11: =base_fleet!AX13 -> 2 | AK11: =base_fleet!AZ13 -> 0 | AL11: =base_fleet!BC13 -> 0 | AM11: 0 | AN11: =base_fleet!BD13 -> 207 | AO11: =base_fleet!BE13 -> 162 | AP11: =base_fleet!BF13 -> 115 | AQ11: =base_fleet!BG13 -> 134 | AR11: =base_fleet!BH13 -> 71 | AS11: =base_fleet!BI13 -> 1 | AT11: =base_fleet!AQ13+base_fleet!AN13+base_fleet!AJ13 -> 0 | AU11: =base_fleet!BL13 -> 1017.45 | AV11: =base_fleet!BJ13 -> 107.95 | AW11: =base_fleet!BN13 -> 16.15 | AX11: =base_fleet!BM13 -> 9.35 | AY11: =base_fleet!BK13 -> 0 | AZ11: =base_fleet!BO13 -> 0 | BA11: =base_fleet!BP13 -> 220.05 | BB11: =base_fleet!BR13 -> 12 | BC11: =base_fleet!BQ13 -> 1.8 | BD11: =base_fleet!BS13 -> 0 | BE11: 0 | BF11: 0 | BG11: =base_fleet!CE13 -> 0 | BH11: =base_fleet!CA13 -> 14436 | BI11: =base_fleet!BV13 -> 100 | BJ11: =base_fleet!CH13 -> 0 | BK11: =base_fleet!BU13+base_fleet!BZ13+base_fleet!CD13 -> 0
A12: =A11-1 -> 2007 | B12: =base_fleet!H14 -> 16222 | C12: =base_fleet!M14*0.95 -> 13208.8 | D12: =base_fleet!D14 -> 13 | E12: =base_fleet!R14 -> 11998 | F12: =base_fleet!F14 -> 125 | G12: =base_fleet!K14 -> 196 | H12: =base_fleet!B14 -> 2 | I12: =base_fleet!P14 -> 955 | J12: =base_fleet!C14+base_fleet!G14+base_fleet!L14+base_fleet!Q14 -> 1 | K12: =base_fleet!E14+base_fleet!J14+base_fleet!O14+base_fleet!T14 -> 1 | L12: =base_fleet!M14*0.05 -> 695.2 | M12: =base_fleet!I14+base_fleet!N14+base_fleet!S14 -> 10 | N12: =base_fleet!AF14 -> 11246 | O12: =base_fleet!AA14 -> 1780 | P12: =base_fleet!V14 -> 207 | Q12: =base_fleet!AD14 -> 3603 | R12: =base_fleet!Y14 -> 815 | S12: =base_fleet!U14 -> 295 | T12: =base_fleet!Z14+base_fleet!AE14 -> 0 | U12: =base_fleet!X14+base_fleet!AC14+base_fleet!AH14 -> 0 | V12: =base_fleet!AI14 -> 4223 | W12: =base_fleet!AM14 -> 616 | X12: =base_fleet!AP14 -> 550 | Y12: =base_fleet!AS14 -> 152 | Z12: =base_fleet!AU14 -> 252 | AA12: =base_fleet!AW14 -> 112 | AB12: =base_fleet!AY14/2 -> 3.5 | AC12: =base_fleet!AY14/2 -> 3.5 | AD12: =base_fleet!BB14 -> 23 | AE12: =base_fleet!AK14 -> 60 | AF12: =base_fleet!AO14 -> 4 | AG12: =base_fleet!AR14 -> 2 | AH12: =base_fleet!AT14 -> 3 | AI12: =base_fleet!AV14 -> 3 | AJ12: =base_fleet!AX14 -> 2 | AK12: =base_fleet!AZ14 -> 0 | AL12: =base_fleet!BC14 -> 0 | AM12: 0 | AN12: =base_fleet!BD14 -> 143 | AO12: =base_fleet!BE14 -> 119 | AP12: =base_fleet!BF14 -> 80 | AQ12: =base_fleet!BG14 -> 54 | AR12: =base_fleet!BH14 -> 49 | AS12: =base_fleet!BI14 -> 0 | AT12: =base_fleet!AQ14+base_fleet!AN14+base_fleet!AJ14 -> 1 | AU12: =base_fleet!BL14 -> 918 | AV12: =base_fleet!BJ14 -> 43.35 | AW12: =base_fleet!BN14 -> 1.7 | AX12: =base_fleet!BM14 -> 6.8 | AY12: =base_fleet!BK14 -> 0.85 | AZ12: =base_fleet!BO14 -> 0 | BA12: =base_fleet!BP14 -> 237.9 | BB12: =base_fleet!BR14 -> 10.8 | BC12: =base_fleet!BQ14 -> 1.8 | BD12: =base_fleet!BS14 -> 0 | BE12: 0 | BF12: 0 | BG12: =base_fleet!CE14 -> 146 | BH12: =base_fleet!CA14 -> 12951 | BI12: =base_fleet!BV14 -> 92 | BJ12: =base_fleet!CH14 -> 1 | BK12: =base_fleet!BU14+base_fleet!BZ14+base_fleet!CD14 -> 0
A13: =A12-1 -> 2006 | B13: =base_fleet!H15 -> 13552 | C13: =base_fleet!M15*0.95 -> 16204.15 | D13: =base_fleet!D15 -> 51 | E13: =base_fleet!R15 -> 12471 | F13: =$B$13/$B$12*F12 -> 104.42609 | G13: =$B$13/$B$12*G12 -> 163.74011 | H13: =$B$13/$B$12*H12 -> 1.6708174 | I13: =base_fleet!P15 -> 1365 | J13: =base_fleet!C15+base_fleet!G15+base_fleet!L15+base_fleet!Q15 -> 1 | K13: =base_fleet!E15+base_fleet!J15+base_fleet!O15+base_fleet!T15 -> 2 | L13: =base_fleet!M15*0.05 -> 852.85 | M13: =base_fleet!I15+base_fleet!N15+base_fleet!S15 -> 25 | N13: =base_fleet!AF15 -> 12755 | O13: =base_fleet!AA15 -> 1521 | P13: =base_fleet!V15 -> 197 | Q13: =base_fleet!AD15 -> 2611 | R13: =base_fleet!Y15 -> 342 | S13: =base_fleet!U15 -> 206 | T13: =base_fleet!Z15+base_fleet!AE15 -> 0 | U13: =base_fleet!X15+base_fleet!AC15+base_fleet!AH15 -> 0 | V13: =base_fleet!AI15 -> 4542 | W13: =base_fleet!AM15 -> 633 | X13: =base_fleet!AP15 -> 313 | Y13: =base_fleet!AS15 -> 117 | Z13: =base_fleet!AU15 -> 195 | AA13: =base_fleet!AW15 -> 36 | AB13: =base_fleet!AY15/2 -> 0.5 | AC13: =base_fleet!AY15/2 -> 0.5 | AD13: =base_fleet!BB15 -> 14 | AE13: =base_fleet!AK15 -> 71 | AF13: =base_fleet!AO15 -> 7 | AG13: =base_fleet!AR15 -> 3 | AH13: =base_fleet!AT15 -> 2 | AI13: =base_fleet!AV15 -> 5 | AJ13: =base_fleet!AX15 -> 0 | AK13: =base_fleet!AZ15 -> 0 | AL13: =base_fleet!BC15 -> 0 | AM13: 0 | AN13: =base_fleet!BD15 -> 100 | AO13: =base_fleet!BE15 -> 57 | AP13: =base_fleet!BF15 -> 41 | AQ13: =base_fleet!BG15 -> 44 | AR13: =base_fleet!BH15 -> 58 | AS13: =base_fleet!BI15 -> 0 | AT13: =base_fleet!AQ15+base_fleet!AN15+base_fleet!AJ15 -> 0 | AU13: =base_fleet!BL15 -> 729.3 | AV13: =base_fleet!BJ15 -> 189.55 | AW13: =base_fleet!BN15 -> 7.65 | AX13: =base_fleet!BM15 -> 7.65 | AY13: =base_fleet!BK15 -> 0 | AZ13: =base_fleet!BO15 -> 0 | BA13: =base_fleet!BP15 -> 179.1 | BB13: =base_fleet!BR15 -> 3 | BC13: =base_fleet!BQ15 -> 0.3 | BD13: =base_fleet!BS15 -> 0 | BE13: 0 | BF13: 0 | BG13: =base_fleet!CE15 -> 834 | BH13: =base_fleet!CA15 -> 8597 | BI13: =base_fleet!BV15 -> 78 | BJ13: =base_fleet!CH15 -> 0 | BK13: =base_fleet!BU15+base_fleet!BZ15+base_fleet!CD15 -> 0
A14: =A13-1 -> 2005 | B14: =$B$13/$B$12*B13 -> 11321.459 | C14: =base_fleet!M16*0.95 -> 24537.55 | D14: =base_fleet!D16 -> 10 | E14: =base_fleet!R16 -> 8744 | F14: =$B$13/$B$12*F13 -> 87.238463 | G14: =$B$13/$B$12*G13 -> 136.78991 | H14: =$B$13/$B$12*H13 -> 1.3958154 | I14: =base_fleet!P16 -> 1080 | J14: =base_fleet!C16+base_fleet!G16+base_fleet!L16+base_fleet!Q16 -> 0 | K14: =base_fleet!E16+base_fleet!J16+base_fleet!O16+base_fleet!T16 -> 0 | L14: =base_fleet!M16*0.05 -> 1291.45 | M14: =base_fleet!I16+base_fleet!N16+base_fleet!S16 -> 6 | N14: =base_fleet!AF16 -> 11361 | O14: =base_fleet!AA16 -> 906 | P14: =base_fleet!V16 -> 429 | Q14: =base_fleet!AD16 -> 2421 | R14: =base_fleet!Y16 -> 232 | S14: =base_fleet!U16 -> 101 | T14: =base_fleet!Z16+base_fleet!AE16 -> 0 | U14: =base_fleet!X16+base_fleet!AC16+base_fleet!AH16 -> 1 | V14: =base_fleet!AI16 -> 3215 | W14: =base_fleet!AM16 -> 673 | X14: =base_fleet!AP16 -> 151 | Y14: =base_fleet!AS16 -> 114 | Z14: =base_fleet!AU16 -> 228 | AA14: =base_fleet!AW16 -> 45 | AB14: =base_fleet!AY16/2 -> 1.5 | AC14: =base_fleet!AY16/2 -> 1.5 | AD14: =base_fleet!BB16 -> 13 | AE14: =base_fleet!AK16 -> 65 | AF14: =base_fleet!AO16 -> 8 | AG14: =base_fleet!AR16 -> 0 | AH14: =base_fleet!AT16 -> 2 | AI14: =base_fleet!AV16 -> 2 | AJ14: =base_fleet!AX16 -> 0 | AK14: =base_fleet!AZ16 -> 0 | AL14: =base_fleet!BC16 -> 0 | AM14: 0 | AN14: =base_fleet!BD16 -> 107 | AO14: =base_fleet!BE16 -> 89 | AP14: =base_fleet!BF16 -> 17 | AQ14: =base_fleet!BG16 -> 49 | AR14: =base_fleet!BH16 -> 30 | AS14: =base_fleet!BI16 -> 1 | AT14: =base_fleet!AQ16+base_fleet!AN16+base_fleet!AJ16 -> 1 | AU14: =base_fleet!BL16 -> 901 | AV14: =base_fleet!BJ16 -> 368.9 | AW14: =base_fleet!BN16 -> 0.85 | AX14: =base_fleet!BM16 -> 9.35 | AY14: =base_fleet!BK16 -> 0.85 | AZ14: =base_fleet!BO16 -> 0 | BA14: =base_fleet!BP16 -> 267 | BB14: =base_fleet!BR16 -> 11.7 | BC14: =base_fleet!BQ16 -> 0.6 | BD14: =base_fleet!BS16 -> 0 | BE14: 0 | BF14: 0 | BG14: =base_fleet!CE16 -> 1079 | BH14: =base_fleet!CA16 -> 8126 | BI14: =base_fleet!BV16 -> 55 | BJ14: =base_fleet!CH16 -> 1 | BK14: =base_fleet!BU16+base_fleet!BZ16+base_fleet!CD16 -> 0
A15: =A14-1 -> 2004 | B15: =$B$13/$B$12*B14 -> 9458.0452 | C15: =base_fleet!M17*0.95 -> 16937.55 | D15: =base_fleet!D17 -> 10 | E15: =base_fleet!R17 -> 7739 | F15: =$B$13/$B$12*F14 -> 72.879771 | G15: =$B$13/$B$12*G14 -> 114.27548 | H15: =$B$13/$B$12*H14 -> 1.1660763 | I15: =$B$13/$B$12*I14 -> 902.2414 | J15: =base_fleet!C17+base_fleet!G17+base_fleet!L17+base_fleet!Q17 -> 0 | K15: =base_fleet!E17+base_fleet!J17+base_fleet!O17+base_fleet!T17 -> 0 | L15: =$B$13/$B$12*L14 -> 1078.8886 | M15: =base_fleet!I17+base_fleet!N17 -> 0 | N15: =base_fleet!AF17 -> 10904 | O15: =base_fleet!AA17 -> 171 | P15: =base_fleet!V17 -> 763 | Q15: =base_fleet!AD17 -> 2084 | R15: =base_fleet!Y17 -> 296 | S15: =base_fleet!U17 -> 112 | T15: =base_fleet!Z17+base_fleet!AE17 -> 0 | U15: =base_fleet!X17+base_fleet!AC17+base_fleet!AH17 -> 0 | V15: =$B$13/$B$12*V14 -> 2685.839 | W15: =$B$13/$B$12*W14 -> 562.23006 | X15: =$B$13/$B$12*X14 -> 126.14671 | Y15: =$B$13/$B$12*Y14 -> 95.236592 | Z15: =$B$13/$B$12*Z14 -> 190.47318 | AA15: =$B$13/$B$12*AA14 -> 37.593392 | AB15: =$B$13/$B$12*AB14 -> 1.2531131 | AC15: =$B$13/$B$12*AC14 -> 1.2531131 | ... AS15: =$B$13/$B$12*AS14 -> 0.8354087 | AT15: =base_fleet!AQ17+base_fleet!AN17+base_fleet!AJ17 -> 0 | AU15: =base_fleet!BL17 -> 994.5 | AV15: =base_fleet!BJ17 -> 238.85 | AW15: =base_fleet!BN17 -> 25.5 | AX15: =base_fleet!BM17 -> 10.2 | AY15: =base_fleet!BK17 -> 0 | AZ15: =base_fleet!BO17 -> 0 | BA15: =base_fleet!BP17 -> 237.75 | BB15: =base_fleet!BR17 -> 21.75 | BC15: =base_fleet!BQ17 -> 0.6 | BD15: =base_fleet!BS17 -> 0.15 | BE15: 0 | BF15: 0 | BG15: =base_fleet!CE17 -> 494 | BH15: =base_fleet!CA17 -> 3843 | BI15: =base_fleet!BV17 -> 30 | BJ15: =base_fleet!CH17 -> 0 | BK15: =base_fleet!BU17+base_fleet!BZ17+base_fleet!CD17 -> 0
A16: =A15-1 -> 2003 | B16: =$B$13/$B$12*B15 -> 7901.3333 | C16: =$B$13/$B$12*C15 -> 14149.777 | D16: =$B$13/$B$12*D15 -> 8.354087 | E16: =base_fleet!R18 -> 5891 | F16: =$B$13/$B$12*F15 -> 60.884395 | G16: =$B$13/$B$12*G15 -> 95.466732 | H16: =$B$13/$B$12*H15 -> 0.97415032 | I16: =$B$13/$B$12*I15 -> 753.74032 | J16: =base_fleet!C18+base_fleet!G18+base_fleet!L18+base_fleet!Q18 -> 0 | K16: =base_fleet!E18+base_fleet!J18+base_fleet!O18+base_fleet!T18 -> 0 | L16: =$B$13/$B$12*L15 -> 901.3129 | M16: =base_fleet!I18+base_fleet!N18 -> 0 | N16: =$B$13/$B$12*N15 -> 9109.2965 | O16: =$B$13/$B$12*O15 -> 142.85489 | P16: =$B$13/$B$12*P15 -> 637.41684 | Q16: =$B$13/$B$12*Q15 -> 1740.9917 | R16: =$B$13/$B$12*R15 -> 247.28098 | S16: =$B$13/$B$12*S15 -> 93.565775 | T16: =base_fleet!Z18+base_fleet!AE18 -> 1 | U16: =base_fleet!X18+base_fleet!AC18+base_fleet!AH18 -> 0 | V16: =$B$13/$B$12*V15 -> 2243.7733 | W16: =$B$13/$B$12*W15 -> 469.69188 | X16: =$B$13/$B$12*X15 -> 105.38406 | Y16: =$B$13/$B$12*Y15 -> 79.561478 | Z16: =$B$13/$B$12*Z15 -> 159.12296 | AA16: =$B$13/$B$12*AA15 -> 31.405847 | AB16: =$B$13/$B$12*AB15 -> 1.0468616 | AC16: =$B$13/$B$12*AC15 -> 1.0468616 | ... AS16: =$B$13/$B$12*AS15 -> 0.6979077 | AT16: =base_fleet!AQ18+base_fleet!AN18+base_fleet!AJ18 -> 0 | AU16: =base_fleet!BL18 -> 957.1 | AV16: =base_fleet!BJ18 -> 87.55 | AW16: =base_fleet!BN18 -> 29.75 | AX16: =base_fleet!BM18 -> 11.05 | AY16: =base_fleet!BK18 -> 0 | AZ16: =base_fleet!BO18 -> 0.85 | BA16: =$B$13/$B$12*BA15 -> 198.61842 | BB16: =$B$13/$B$12*BB15 -> 18.170139 | BC16: =$B$13/$B$12*BC15 -> 0.50124522 | BD16: =$B$13/$B$12*BD15 -> 0.12531131 | BE16: 0 | BF16: 0 | BG16: =base_fleet!CE18 -> 449 | BH16: =base_fleet!CA18 -> 3085 | BI16: =base_fleet!BV18 -> 19 | BJ16: =base_fleet!CH18 -> 0 | BK16: =base_fleet!BU18+base_fleet!BZ18+base_fleet!CD18 -> 0
A17: =A16-1 -> 2002 | B17: =$B$13/$B$12*B16 -> 6600.8426 | C17: =$B$13/$B$12*C16 -> 11820.847 | D17: =$B$13/$B$12*D16 -> 6.979077 | E17: =$B$13/$B$12*E16 -> 4921.3927 | F17: =$B$13/$B$12*F16 -> 50.863354 | G17: =$B$13/$B$12*G16 -> 79.753739 | H17: =$B$13/$B$12*H16 -> 0.81381366 | I17: =$B$13/$B$12*I16 -> 629.68122 | J17: =base_fleet!C19+base_fleet!G19+base_fleet!L19+base_fleet!Q19 -> 0 | K17: =base_fleet!E19+base_fleet!J19+base_fleet!O19+base_fleet!T19 -> 0 | L17: =$B$13/$B$12*L16 -> 752.96464 | M17: =base_fleet!I19+base_fleet!N19 -> 0 | N17: =$B$13/$B$12*N16 -> 7609.9856 | O17: =$B$13/$B$12*O16 -> 119.34222 | P17: =$B$13/$B$12*P16 -> 532.50358 | Q17: =$B$13/$B$12*Q16 -> 1454.4397 | R17: =$B$13/$B$12*R16 -> 206.58068 | S17: =$B$13/$B$12*S16 -> 78.165663 | T17: =base_fleet!Z19+base_fleet!AE19 -> 0 | U17: =base_fleet!X19+base_fleet!AC19+base_fleet!AH19 -> 0 | V17: =$B$13/$B$12*V16 -> 1874.4677 | W17: =$B$13/$B$12*W16 -> 392.38469 | X17: =$B$13/$B$12*X16 -> 88.038764 | Y17: =$B$13/$B$12*Y16 -> 66.466351 | Z17: =$B$13/$B$12*Z16 -> 132.9327 | AA17: =$B$13/$B$12*AA16 -> 26.236718 | AB17: =$B$13/$B$12*AB16 -> 0.87455725 | AC17: =$B$13/$B$12*AC16 -> 0.87455725 | ... AS17: =$B$13/$B$12*AS16 -> 0.58303817 | AT17: =base_fleet!AQ19+base_fleet!AN19+base_fleet!AJ19 -> 0 | AU17: =$B$13/$B$12*AU16 -> 799.56967 | AV17: =$B$13/$B$12*AV16 -> 73.140032 | AW17: =$B$13/$B$12*AW16 -> 24.853409 | AX17: =$B$13/$B$12*AX16 -> 9.2312662 | AY17: =$B$13/$B$12*AY16 -> 0 | AZ17: =$B$13/$B$12*AZ16 -> 0.7100974 | BA17: =$B$13/$B$12*BA16 -> 165.92756 | BB17: =$B$13/$B$12*BB16 -> 15.179493 | ... BD17: =$B$13/$B$12*BD16 -> 0.10468616 | BE17: 0 | BF17: 0 | BG17: =base_fleet!CE19 -> 0 | BH17: =base_fleet!CA19 -> 0 | BI17: =base_fleet!BV19 -> 0 | BJ17: =base_fleet!CH19 -> 0 | BK17: =base_fleet!BU19+base_fleet!BZ19+base_fleet!CD19 -> 0
A18: =A17-1 -> 2001 | B18: =$B$13/$B$12*B17 -> 5514.4014 | C18: =$B$13/$B$12*C17 -> 9875.2382 | D18: =$B$13/$B$12*D17 -> 5.8303817 | E18: =$B$13/$B$12*E17 -> 4111.3743 | F18: =$B$13/$B$12*F17 -> 42.491688 | G18: =$B$13/$B$12*G17 -> 66.626967 | H18: =$B$13/$B$12*H17 -> 0.67986702 | I18: =$B$13/$B$12*I17 -> 526.04118 | J18: =base_fleet!C20+base_fleet!G20+base_fleet!L20+base_fleet!Q20 -> 0 | K18: =base_fleet!E20+base_fleet!J20+base_fleet!O20+base_fleet!T20 -> 0 | L18: =$B$13/$B$12*L17 -> 629.03322 | M18: =base_fleet!I20+base_fleet!N20 -> 0 | N18: =$B$13/$B$12*N17 -> 6357.4482 | O18: =$B$13/$B$12*O17 -> 99.699527 | P18: =$B$13/$B$12*P17 -> 444.85812 | Q18: =$B$13/$B$12*Q17 -> 1215.0515 | R18: =$B$13/$B$12*R17 -> 172.5793 | S18: =$B$13/$B$12*S17 -> 65.300275 | T18: =base_fleet!Z20+base_fleet!AE20 -> 0 | U18: =base_fleet!X20+base_fleet!AC20+base_fleet!AH20 -> 0 | V18: =$B$13/$B$12*V17 -> 1565.9466 | W18: =$B$13/$B$12*W17 -> 327.80158 | X18: =$B$13/$B$12*X17 -> 73.548349 | Y18: =$B$13/$B$12*Y17 -> 55.526568 | Z18: =$B$13/$B$12*Z17 -> 111.05314 | AA18: =$B$13/$B$12*AA17 -> 21.918382 | AB18: =$B$13/$B$12*AB17 -> 0.73061274 | AC18: =$B$13/$B$12*AC17 -> 0.73061274 | ... AS18: =$B$13/$B$12*AS17 -> 0.48707516 | AT18: =base_fleet!AQ20+base_fleet!AN20+base_fleet!AJ20 -> 0 | AU18: =$B$13/$B$12*AU17 -> 667.96746 | AV18: =$B$13/$B$12*AV17 -> 61.101819 | AW18: =$B$13/$B$12*AW17 -> 20.762754 | AX18: =$B$13/$B$12*AX17 -> 7.7118801 | AY18: =$B$13/$B$12*AY17 -> 0 | AZ18: =$B$13/$B$12*AZ17 -> 0.59322155 | BA18: =$B$13/$B$12*BA17 -> 138.61732 | BB18: =$B$13/$B$12*BB17 -> 12.68108 | ... BD18: =$B$13/$B$12*BD17 -> 0.087455725 | BE18: 0 | BF18: 0 | BG18: =base_fleet!CE20 -> 0 | BH18: =base_fleet!CA20 -> 0 | BI18: =base_fleet!BV20 -> 0 | BJ18: =base_fleet!CH20 -> 0 | BK18: =base_fleet!BU20+base_fleet!BZ20+base_fleet!CD20 -> 0
A19: =A18-1 -> 2000 | B19: =$B$13/$B$12*B18 -> 4606.7789 | C19: =$B$13/$B$12*C18 -> 8249.8599 | D19: =$B$13/$B$12*D18 -> 4.8707516 | E19: =$B$13/$B$12*E18 -> 3434.6779 | F19: =$B$13/$B$12*F18 -> 35.497926 | G19: =$B$13/$B$12*G18 -> 55.660749 | H19: =$B$13/$B$12*H18 -> 0.56796682 | I19: =$B$13/$B$12*I18 -> 439.45938 | J19: =base_fleet!C21+base_fleet!G21+base_fleet!L21+base_fleet!Q21 -> 0 | K19: =base_fleet!E21+base_fleet!J21+base_fleet!O21+base_fleet!T21 -> 0 | L19: =$B$13/$B$12*L18 -> 525.49983 | M19: =base_fleet!I21+base_fleet!N21 -> 0 | N19: =$B$13/$B$12*N18 -> 5311.0676 | O19: =$B$13/$B$12*O18 -> 83.289853 | P19: =$B$13/$B$12*P18 -> 371.63835 | Q19: =$B$13/$B$12*Q18 -> 1015.0646 | R19: =$B$13/$B$12*R18 -> 144.17425 | S19: =$B$13/$B$12*S18 -> 54.552418 | T19: =base_fleet!Z21+base_fleet!AE21 -> 0 | U19: =base_fleet!X21+base_fleet!AC21+base_fleet!AH21 -> 0 | V19: =$B$13/$B$12*V18 -> 1308.2055 | W19: =$B$13/$B$12*W18 -> 273.8483 | X19: =$B$13/$B$12*X18 -> 61.442931 | Y19: =$B$13/$B$12*Y18 -> 46.387379 | Z19: =$B$13/$B$12*Z18 -> 92.774757 | AA19: =$B$13/$B$12*AA18 -> 18.310807 | AB19: =$B$13/$B$12*AB18 -> 0.61036024 | AC19: =$B$13/$B$12*AC18 -> 0.61036024 | ... AS19: =$B$13/$B$12*AS18 -> 0.40690683 | AT19: =base_fleet!AQ21+base_fleet!AN21+base_fleet!AJ21 -> 0 | AU19: =$B$13/$B$12*AU18 -> 558.02583 | AV19: =$B$13/$B$12*AV18 -> 51.044992 | AW19: =$B$13/$B$12*AW18 -> 17.345386 | AX19: =$B$13/$B$12*AX18 -> 6.4425718 | AY19: =$B$13/$B$12*AY18 -> 0 | AZ19: =$B$13/$B$12*AZ18 -> 0.49558244 | BA19: =$B$13/$B$12*BA18 -> 115.80212 | BB19: =$B$13/$B$12*BB18 -> 10.593885 | ... BD19: =$B$13/$B$12*BD18 -> 0.073061274 | BE19: 0 | BF19: 0 | BG19: =base_fleet!CE21 -> 0 | BH19: =base_fleet!CA21 -> 0 | BI19: =base_fleet!BV21 -> 0 | BJ19: =base_fleet!CH21 -> 0 | BK19: =base_fleet!BU21+base_fleet!BZ21+base_fleet!CD21 -> 0
A20: =A19-1 -> 1999 | B20: =$B$13/$B$12*B19 -> 3848.5432 | C20: =$B$13/$B$12*C19 -> 6892.0048 | D20: =$B$13/$B$12*D19 -> 4.0690683 | E20: =$B$13/$B$12*E19 -> 2869.3598 | F20: =$B$13/$B$12*F19 -> 29.655277 | G20: =$B$13/$B$12*G19 -> 46.499474 | H20: =$B$13/$B$12*H19 -> 0.47448443 | I20: =$B$13/$B$12*I19 -> 367.12819 | J20: =base_fleet!C22+base_fleet!G22+base_fleet!L22+base_fleet!Q22 -> 0 | K20: =base_fleet!E22+base_fleet!J22+base_fleet!O22+base_fleet!T22 -> 0 | L20: =$B$13/$B$12*L19 -> 439.00713 | M20: =base_fleet!I22+base_fleet!N22 -> 0 | N20: =$B$13/$B$12*N19 -> 4436.9121 | O20: =$B$13/$B$12*O19 -> 69.581068 | P20: =$B$13/$B$12*P19 -> 310.46991 | Q20: =$B$13/$B$12*Q19 -> 847.99383 | R20: =$B$13/$B$12*R19 -> 120.44442 | S20: =$B$13/$B$12*S19 -> 45.573565 | T20: =base_fleet!Z22+base_fleet!AE22 -> 0 | U20: =base_fleet!X22+base_fleet!AC22+base_fleet!AH22 -> 0 | V20: =$B$13/$B$12*V19 -> 1092.8862 | W20: =$B$13/$B$12*W19 -> 228.77525 | X20: =$B$13/$B$12*X19 -> 51.32996 | Y20: =$B$13/$B$12*Y19 -> 38.75242 | Z20: =$B$13/$B$12*Z19 -> 77.50484 | AA20: =$B$13/$B$12*AA19 -> 15.297008 | AB20: =$B$13/$B$12*AB19 -> 0.50990026 | AC20: =$B$13/$B$12*AC19 -> 0.50990026 | ... AS20: =$B$13/$B$12*AS19 -> 0.33993351 | AT20: =base_fleet!AQ22+base_fleet!AN22+base_fleet!AJ22 -> 0 | AU20: =$B$13/$B$12*AU19 -> 466.17964 | AV20: =$B$13/$B$12*AV19 -> 42.64343 | AW20: =$B$13/$B$12*AW19 -> 14.490486 | AX20: =$B$13/$B$12*AX19 -> 5.3821805 | AY20: =$B$13/$B$12*AY19 -> 0 | AZ20: =$B$13/$B$12*AZ19 -> 0.41401389 | BA20: =$B$13/$B$12*BA19 -> 96.742099 | BB20: =$B$13/$B$12*BB19 -> 8.8502236 | ... BD20: =$B$13/$B$12*BD19 -> 0.061036024 | BE20: 0 | BF20: 0 | BG20: =base_fleet!CE22 -> 0 | BH20: =base_fleet!CA22 -> 0 | BI20: =base_fleet!BV22 -> 0 | BJ20: =base_fleet!CH22 -> 0 | BK20: =base_fleet!BU22+base_fleet!BZ22+base_fleet!CD22 -> 0
A21: =A20-1 -> 1998 | B21: =$B$13/$B$12*B20 -> 3215.1065 | C21: =$B$13/$B$12*C20 -> 5757.6408 | D21: =$B$13/$B$12*D20 -> 3.3993351 | E21: =$B$13/$B$12*E20 -> 2397.0881 | F21: =$B$13/$B$12*F20 -> 24.774276 | G21: =$B$13/$B$12*G20 -> 38.846065 | H21: =$B$13/$B$12*H20 -> 0.39638842 | I21: =$B$13/$B$12*I20 -> 306.70208 | J21: =base_fleet!C23+base_fleet!G23+base_fleet!L23+base_fleet!Q23 -> 0 | K21: =base_fleet!E23+base_fleet!J23+base_fleet!O23+base_fleet!T23 -> 0 | L21: =$B$13/$B$12*L20 -> 366.75038 | M21: =base_fleet!I23+base_fleet!N23 -> 0 | N21: =$B$13/$B$12*N20 -> 3706.635 | O21: =$B$13/$B$12*O20 -> 58.12863 | P21: =$B$13/$B$12*P20 -> 259.36927 | Q21: =$B$13/$B$12*Q20 -> 708.42143 | R21: =$B$13/$B$12*R20 -> 100.62032 | S21: =$B$13/$B$12*S20 -> 38.072553 | T21: =base_fleet!Z23+base_fleet!AE23 -> 0 | U21: =base_fleet!X23+base_fleet!AC23+base_fleet!AH23 -> 0 | V21: =$B$13/$B$12*V20 -> 913.00667 | W21: =$B$13/$B$12*W20 -> 191.12084 | X21: =$B$13/$B$12*X20 -> 42.881495 | Y21: =$B$13/$B$12*Y20 -> 32.374109 | Z21: =$B$13/$B$12*Z20 -> 64.748218 | AA21: =$B$13/$B$12*AA20 -> 12.779253 | AB21: =$B$13/$B$12*AB20 -> 0.42597512 | AC21: =$B$13/$B$12*AC20 -> 0.42597512 | ... AS21: =$B$13/$B$12*AS20 -> 0.28398341 | AT21: =base_fleet!AQ23+base_fleet!AN23+base_fleet!AJ23 -> 0 | AU21: =$B$13/$B$12*AU20 -> 389.45053 | AV21: =$B$13/$B$12*AV20 -> 35.624693 | AW21: =$B$13/$B$12*AW20 -> 12.105478 | AX21: =$B$13/$B$12*AX20 -> 4.4963205 | AY21: =$B$13/$B$12*AY20 -> 0 | AZ21: =$B$13/$B$12*AZ20 -> 0.34587081 | BA21: =$B$13/$B$12*BA20 -> 80.819191 | BB21: =$B$13/$B$12*BB20 -> 7.3935538 | ... BD21: =$B$13/$B$12*BD20 -> 0.050990026 | BE21: 0 | BF21: 0 | BG21: =base_fleet!CE23 -> 0 | BH21: =base_fleet!CA23 -> 0 | BI21: =base_fleet!BV23 -> 0 | BJ21: =base_fleet!CH23 -> 0 | BK21: =base_fleet!BU23+base_fleet!BZ23+base_fleet!CD23 -> 0
A22: =A21-1 -> 1997 | B22: =$B$13/$B$12*B21 -> 2685.9279 | C22: =$B$13/$B$12*C21 -> 4809.9832 | D22: =$B$13/$B$12*D21 -> 2.8398341 | E22: =$B$13/$B$12*E21 -> 2002.5483 | F22: =$B$13/$B$12*F21 -> 20.696646 | G22: =$B$13/$B$12*G21 -> 32.452341 | H22: =$B$13/$B$12*H21 -> 0.33114634 | I22: =$B$13/$B$12*I21 -> 256.22159 | J22: =base_fleet!C24+base_fleet!G24+base_fleet!L24+base_fleet!Q24 -> 0 | K22: =base_fleet!E24+base_fleet!J24+base_fleet!O24+base_fleet!T24 -> 0 | L22: =$B$13/$B$12*L21 -> 306.38646 | M22: =base_fleet!I24+base_fleet!N24 -> 0 | N22: =$B$13/$B$12*N21 -> 3096.5551 | O22: =$B$13/$B$12*O21 -> 48.561163 | P22: =$B$13/$B$12*P21 -> 216.67934 | Q22: =$B$13/$B$12*Q21 -> 591.82143 | R22: =$B$13/$B$12*R21 -> 84.05909 | S22: =$B$13/$B$12*S21 -> 31.806142 | T22: =base_fleet!Z24+base_fleet!AE24 -> 0 | U22: =base_fleet!X24+base_fleet!AC24+base_fleet!AH24 -> 0 | V22: =$B$13/$B$12*V21 -> 762.73372 | W22: =$B$13/$B$12*W21 -> 159.66401 | X22: =$B$13/$B$12*X21 -> 35.823574 | Y22: =$B$13/$B$12*Y21 -> 27.045612 | Z22: =$B$13/$B$12*Z21 -> 54.091225 | AA22: =$B$13/$B$12*AA21 -> 10.6759 | AB22: =$B$13/$B$12*AB21 -> 0.35586332 | AC22: =$B$13/$B$12*AC21 -> 0.35586332 | ... AS22: =$B$13/$B$12*AS21 -> 0.23724221 | AT22: =base_fleet!AQ24+base_fleet!AN24+base_fleet!AJ24 -> 0 | AU22: =$B$13/$B$12*AU21 -> 325.35036 | AV22: =$B$13/$B$12*AV21 -> 29.761179 | AW22: =$B$13/$B$12*AW21 -> 10.113022 | AX22: =$B$13/$B$12*AX21 -> 3.7562653 | AY22: =$B$13/$B$12*AY21 -> 0 | AZ22: =$B$13/$B$12*AZ21 -> 0.28894348 | BA22: =$B$13/$B$12*BA21 -> 67.517056 | BB22: =$B$13/$B$12*BB21 -> 6.1766392 | ... BD22: =$B$13/$B$12*BD21 -> 0.042597512 | BE22: 0 | BF22: 0 | BG22: =base_fleet!CE24 -> 0 | BH22: =base_fleet!CA24 -> 0 | BI22: =base_fleet!BV24 -> 0 | BJ22: =base_fleet!CH24 -> 0 | BK22: =base_fleet!BU24+base_fleet!BZ24+base_fleet!CD24 -> 0
A23: =A22-1 -> 1996 | B23: =$B$13/$B$12*B22 -> 2243.8476 | C23: =$B$13/$B$12*C22 -> 4018.3019 | D23: =$B$13/$B$12*D22 -> 2.3724221 | E23: =$B$13/$B$12*E22 -> 1672.9463 | F23: =$B$13/$B$12*F22 -> 17.290158 | G23: =$B$13/$B$12*G22 -> 27.110968 | H23: =$B$13/$B$12*H22 -> 0.27664253 | I23: =$B$13/$B$12*I22 -> 214.04975 | J23: =base_fleet!C25+base_fleet!G25+base_fleet!L25+base_fleet!Q25 -> 0 | K23: =base_fleet!E25+base_fleet!J25+base_fleet!O25+base_fleet!T25 -> 0 | L23: =$B$13/$B$12*L22 -> 255.95791 | M23: =base_fleet!I25+base_fleet!N25 -> 0 | N23: =$B$13/$B$12*N22 -> 2586.8891 | O23: =$B$13/$B$12*O22 -> 40.568419 | P23: =$B$13/$B$12*P22 -> 181.01581 | Q23: =$B$13/$B$12*Q22 -> 494.41277 | R23: =$B$13/$B$12*R22 -> 70.223695 | S23: =$B$13/$B$12*S22 -> 26.571128 | T23: =base_fleet!Z25+base_fleet!AE25 -> 0 | U23: =base_fleet!X25+base_fleet!AC25+base_fleet!AH25 -> 0 | V23: =$B$13/$B$12*V22 -> 637.19439 | W23: =$B$13/$B$12*W22 -> 133.3847 | X23: =$B$13/$B$12*X22 -> 29.927326 | Y23: =$B$13/$B$12*Y22 -> 22.59414 | Z23: =$B$13/$B$12*Z22 -> 45.18828 | AA23: =$B$13/$B$12*AA22 -> 8.9187395 | AB23: =$B$13/$B$12*AB22 -> 0.29729132 | AC23: =$B$13/$B$12*AC22 -> 0.29729132 | ... AS23: =$B$13/$B$12*AS22 -> 0.19819421 | AT23: =base_fleet!AQ25+base_fleet!AN25+base_fleet!AJ25 -> 0 | AU23: =$B$13/$B$12*AU22 -> 271.80052 | AV23: =$B$13/$B$12*AV22 -> 24.862748 | AW23: =$B$13/$B$12*AW22 -> 8.4485065 | AX23: =$B$13/$B$12*AX22 -> 3.1380167 | AY23: =$B$13/$B$12*AY22 -> 0 | AZ23: =$B$13/$B$12*AZ22 -> 0.2413859 | BA23: =$B$13/$B$12*BA22 -> 56.404336 | BB23: =$B$13/$B$12*BB22 -> 5.1600181 | ... BD23: =$B$13/$B$12*BD22 -> 0.035586332 | BE23: 0 | BF23: 0 | BG23: =base_fleet!CE25 -> 0 | BH23: =base_fleet!CA25 -> 0 | BI23: =base_fleet!BV25 -> 0 | BJ23: =base_fleet!CH25 -> 0 | BK23: =base_fleet!BU25+base_fleet!BZ25+base_fleet!CD25 -> 0
A24: =A23-1 -> 1995 | B24: =$B$13/$B$12*B23 -> 1874.5298 | C24: =$B$13/$B$12*C23 -> 3356.9243 | D24: =$B$13/$B$12*D23 -> 1.9819421 | E24: =$B$13/$B$12*E23 -> 1397.5939 | F24: =$B$13/$B$12*F23 -> 14.444349 | G24: =$B$13/$B$12*G23 -> 22.648739 | H24: =$B$13/$B$12*H23 -> 0.23110958 | I24: =$B$13/$B$12*I23 -> 178.81902 | J24: =base_fleet!C26+base_fleet!G26+base_fleet!L26+base_fleet!Q26 -> 0 | K24: =base_fleet!E26+base_fleet!J26+base_fleet!O26+base_fleet!T26 -> 0 | L24: =$B$13/$B$12*L23 -> 213.82947 | M24: =base_fleet!I26+base_fleet!N26 -> 0 | N24: =$B$13/$B$12*N23 -> 2161.1097 | O24: =$B$13/$B$12*O23 -> 33.89121 | P24: =$B$13/$B$12*P23 -> 151.22218 | Q24: =$B$13/$B$12*Q23 -> 413.03673 | R24: =$B$13/$B$12*R23 -> 58.665486 | S24: =$B$13/$B$12*S23 -> 22.197752 | T24: =base_fleet!Z26+base_fleet!AE26 -> 0 | U24: =base_fleet!X26+base_fleet!AC26+base_fleet!AH26 -> 0 | V24: =$B$13/$B$12*V23 -> 532.31774 | W24: =$B$13/$B$12*W23 -> 111.43074 | X24: =$B$13/$B$12*X23 -> 25.001548 | Y24: =$B$13/$B$12*Y23 -> 18.875341 | Z24: =$B$13/$B$12*Z23 -> 37.750682 | AA24: =$B$13/$B$12*AA23 -> 7.4507926 | AB24: =$B$13/$B$12*AB23 -> 0.24835975 | AC24: =$B$13/$B$12*AC23 -> 0.24835975 | ... AS24: =$B$13/$B$12*AS23 -> 0.16557317 | AT24: =base_fleet!AQ26+base_fleet!AN26+base_fleet!AJ26 -> 0 | AU24: =$B$13/$B$12*AU23 -> 227.06452 | AV24: =$B$13/$B$12*AV23 -> 20.770556 | AW24: =$B$13/$B$12*AW23 -> 7.0579559 | AX24: =$B$13/$B$12*AX23 -> 2.6215265 | AY24: =$B$13/$B$12*AY23 -> 0 | AZ24: =$B$13/$B$12*AZ23 -> 0.20165588 | BA24: =$B$13/$B$12*BA23 -> 47.120673 | BB24: =$B$13/$B$12*BB23 -> 4.3107241 | ... BD24: =$B$13/$B$12*BD23 -> 0.029729132 | BE24: 0 | BF24: 0 | BG24: =base_fleet!CE26 -> 0 | BH24: =base_fleet!CA26 -> 0 | BI24: =base_fleet!BV26 -> 0 | BJ24: =base_fleet!CH26 -> 0 | BK24: =base_fleet!BU26+base_fleet!BZ26+base_fleet!CD26 -> 0
A25: =A24-1 -> 1994 | B25: =$B$13/$B$12*B24 -> 1565.9985 | C25: =$B$13/$B$12*C24 -> 2804.4038 | D25: =$B$13/$B$12*D24 -> 1.6557317 | E25: =$B$13/$B$12*E24 -> 1167.5621 | F25: =$B$13/$B$12*F24 -> 12.066935 | G25: =$B$13/$B$12*G24 -> 18.920953 | H25: =$B$13/$B$12*H24 -> 0.19307095 | I25: =$B$13/$B$12*I24 -> 149.38697 | J25: =base_fleet!C27+base_fleet!G27+base_fleet!L27+base_fleet!Q27 -> 0 | K25: =base_fleet!E27+base_fleet!J27+base_fleet!O27+base_fleet!T27 -> 0 | L25: =$B$13/$B$12*L24 -> 178.635 | M25: =base_fleet!I27+base_fleet!N27 -> 0 | N25: =$B$13/$B$12*N24 -> 1805.4098 | O25: =$B$13/$B$12*O24 -> 28.313012 | P25: =$B$13/$B$12*P24 -> 126.33233 | Q25: =$B$13/$B$12*Q24 -> 345.05448 | R25: =$B$13/$B$12*R24 -> 49.009658 | S25: =$B$13/$B$12*S24 -> 18.544195 | T25: =base_fleet!Z27+base_fleet!AE27 -> 0 | U25: =base_fleet!X27+base_fleet!AC27+base_fleet!AH27 -> 0 | V25: =$B$13/$B$12*V24 -> 444.70287 | W25: =$B$13/$B$12*W24 -> 93.090212 | X25: =$B$13/$B$12*X24 -> 20.886511 | Y25: =$B$13/$B$12*Y24 -> 15.768624 | Z25: =$B$13/$B$12*Z24 -> 31.537249 | AA25: =$B$13/$B$12*AA24 -> 6.224457 | AB25: =$B$13/$B$12*AB24 -> 0.2074819 | AC25: =$B$13/$B$12*AC24 -> 0.2074819 | ... AS25: =$B$13/$B$12*AS24 -> 0.13832127 | AT25: =base_fleet!AQ27+base_fleet!AN27+base_fleet!AJ27 -> 0 | AU25: =$B$13/$B$12*AU24 -> 189.69168 | AV25: =$B$13/$B$12*AV24 -> 17.351903 | AW25: =$B$13/$B$12*AW24 -> 5.8962778 | AX25: =$B$13/$B$12*AX24 -> 2.190046 | AY25: =$B$13/$B$12*AY24 -> 0 | AZ25: =$B$13/$B$12*AZ24 -> 0.16846508 | BA25: =$B$13/$B$12*BA24 -> 39.365021 | BB25: =$B$13/$B$12*BB24 -> 3.6012164 | ... BD25: =$B$13/$B$12*BD24 -> 0.024835975 | BE25: 0 | BF25: 0 | BG25: =base_fleet!CE27 -> 0 | BH25: =base_fleet!CA27 -> 0 | BI25: =base_fleet!BV27 -> 0 | BJ25: =base_fleet!CH27 -> 0 | BK25: =base_fleet!BU27+base_fleet!BZ27+base_fleet!CD27 -> 0
A26: =A25-1 -> 1993 | B26: =$B$13/$B$12*B25 -> 1308.2488 | C26: =$B$13/$B$12*C25 -> 2342.8234 | D26: =$B$13/$B$12*D25 -> 1.3832127 | E26: =$B$13/$B$12*E25 -> 975.39153 | F26: =$B$13/$B$12*F25 -> 10.080822 | G26: =$B$13/$B$12*G25 -> 15.806729 | H26: =$B$13/$B$12*H25 -> 0.16129316 | I26: =$B$13/$B$12*I25 -> 124.79917 | J26: =base_fleet!C28+base_fleet!G28+base_fleet!L28+base_fleet!Q28 -> 0 | K26: =base_fleet!E28+base_fleet!J28+base_fleet!O28+base_fleet!T28 -> 0 | L26: =$B$13/$B$12*L25 -> 149.23323 | M26: =base_fleet!I28+base_fleet!N28 -> 0 | N26: =$B$13/$B$12*N25 -> 1508.2551 | O26: =$B$13/$B$12*O25 -> 23.652936 | P26: =$B$13/$B$12*P25 -> 105.53913 | Q26: =$B$13/$B$12*Q25 -> 288.26152 | R26: =$B$13/$B$12*R25 -> 40.943095 | S26: =$B$13/$B$12*S25 -> 15.491982 | T26: =base_fleet!Z28+base_fleet!AE28 -> 0 | U26: =base_fleet!X28+base_fleet!AC28+base_fleet!AH28 -> 0 | V26: =$B$13/$B$12*V25 -> 371.50865 | W26: =$B$13/$B$12*W25 -> 77.768373 | X26: =$B$13/$B$12*X25 -> 17.448773 | Y26: =$B$13/$B$12*Y25 -> 13.173246 | Z26: =$B$13/$B$12*Z25 -> 26.346492 | AA26: =$B$13/$B$12*AA25 -> 5.1999655 | AB26: =$B$13/$B$12*AB25 -> 0.17333218 | AC26: =$B$13/$B$12*AC25 -> 0.17333218 | ... AS26: =$B$13/$B$12*AS25 -> 0.11555479 | AT26: =base_fleet!AQ28+base_fleet!AN28+base_fleet!AJ28 -> 0 | AU26: =$B$13/$B$12*AU25 -> 158.47008 | AV26: =$B$13/$B$12*AV25 -> 14.495931 | AW26: =$B$13/$B$12*AW25 -> 4.9258018 | AX26: =$B$13/$B$12*AX25 -> 1.8295835 | AY26: =$B$13/$B$12*AY25 -> 0 | AZ26: =$B$13/$B$12*AZ25 -> 0.14073719 | BA26: =$B$13/$B$12*BA25 -> 32.885881 | BB26: =$B$13/$B$12*BB25 -> 3.0084875 | ... BD26: =$B$13/$B$12*BD25 -> 0.02074819 | BE26: 0 | BF26: 0 | BG26: =base_fleet!CE28 -> 0 | BH26: =base_fleet!CA28 -> 0 | BI26: =base_fleet!BV28 -> 0 | BJ26: =base_fleet!CH28 -> 0 | BK26: =base_fleet!BU28+base_fleet!BZ28+base_fleet!CD28 -> 0
A27: =A26-1 -> 1992 | B27: =$B$13/$B$12*B26 -> 1092.9224 | C27: =$B$13/$B$12*C26 -> 1957.215 | D27: =$B$13/$B$12*D26 -> 1.1555479 | E27: =$B$13/$B$12*E26 -> 814.85058 | F27: =$B$13/$B$12*F26 -> 8.4216066 | G27: =$B$13/$B$12*G26 -> 13.205079 | H27: =$B$13/$B$12*H26 -> 0.13474571 | I27: =$B$13/$B$12*I26 -> 104.25832 | J27: =base_fleet!C29+base_fleet!G29+base_fleet!L29+base_fleet!Q29 -> 0 | K27: =base_fleet!E29+base_fleet!J29+base_fleet!O29+base_fleet!T29 -> 0 | L27: =$B$13/$B$12*L26 -> 124.67074 | M27: =base_fleet!I29+base_fleet!N29 -> 0 | N27: =$B$13/$B$12*N26 -> 1260.0094 | O27: =$B$13/$B$12*O26 -> 19.759869 | P27: =$B$13/$B$12*P26 -> 88.168304 | Q27: =$B$13/$B$12*Q26 -> 240.81618 | R27: =$B$13/$B$12*R26 -> 34.204218 | S27: =$B$13/$B$12*S26 -> 12.942136 | T27: =base_fleet!Z29+base_fleet!AE29 -> 0 | U27: =base_fleet!X29+base_fleet!AC29+base_fleet!AH29 -> 0 | V27: =$B$13/$B$12*V26 -> 310.36156 | W27: =$B$13/$B$12*W26 -> 64.968376 | X27: =$B$13/$B$12*X26 -> 14.576857 | Y27: =$B$13/$B$12*Y26 -> 11.005044 | Z27: =$B$13/$B$12*Z26 -> 22.010089 | AA27: =$B$13/$B$12*AA26 -> 4.3440965 | AB27: =$B$13/$B$12*AB26 -> 0.14480322 | AC27: =$B$13/$B$12*AC26 -> 0.14480322 | ... AS27: =$B$13/$B$12*AS26 -> 0.096535477 | AT27: =base_fleet!AQ29+base_fleet!AN29+base_fleet!AJ29 -> 0 | AU27: =$B$13/$B$12*AU26 -> 132.38728 | AV27: =$B$13/$B$12*AV26 -> 12.110027 | AW27: =$B$13/$B$12*AW26 -> 4.1150577 | AX27: =$B$13/$B$12*AX26 -> 1.52845 | AY27: =$B$13/$B$12*AY26 -> 0 | AZ27: =$B$13/$B$12*AZ26 -> 0.11757308 | BA27: =$B$13/$B$12*BA26 -> 27.473151 | BB27: =$B$13/$B$12*BB26 -> 2.5133167 | ... BD27: =$B$13/$B$12*BD26 -> 0.017333218 | BE27: 0 | BF27: 0 | BG27: =base_fleet!CE29 -> 0 | BH27: =base_fleet!CA29 -> 0 | BI27: =base_fleet!BV29 -> 0 | BJ27: =base_fleet!CH29 -> 0 | BK27: =base_fleet!BU29+base_fleet!BZ29+base_fleet!CD29 -> 0
A28: =A27-1 -> 1991 | B28: =$B$13/$B$12*B27 -> 913.0369 | C28: =$B$13/$B$12*C27 -> 1635.0745 | D28: =$B$13/$B$12*D27 -> 0.96535477 | E28: =$B$13/$B$12*E27 -> 680.73327 | F28: =$B$13/$B$12*F27 -> 7.0354835 | G28: =$B$13/$B$12*G27 -> 11.031638 | H28: =$B$13/$B$12*H27 -> 0.11256774 | I28: =$B$13/$B$12*I27 -> 87.098304 | J28: =base_fleet!C30+base_fleet!G30+base_fleet!L30+base_fleet!Q30 -> 0 | K28: =base_fleet!E30+base_fleet!J30+base_fleet!O30+base_fleet!T30 -> 0 | L28: =$B$13/$B$12*L27 -> 104.15102 | M28: =base_fleet!I30+base_fleet!N30 -> 0 | N28: =$B$13/$B$12*N27 -> 1052.6228 | O28: =$B$13/$B$12*O27 -> 16.507567 | P28: =$B$13/$B$12*P27 -> 73.656569 | Q28: =$B$13/$B$12*Q27 -> 201.17993 | R28: =$B$13/$B$12*R27 -> 28.574501 | S28: =$B$13/$B$12*S27 -> 10.811973 | T28: =base_fleet!Z30+base_fleet!AE30 -> 0 | U28: =base_fleet!X30+base_fleet!AC30+base_fleet!AH30 -> 0 | V28: =$B$13/$B$12*V27 -> 259.27875 | W28: =$B$13/$B$12*W27 -> 54.275147 | X28: =$B$13/$B$12*X27 -> 12.177633 | Y28: =$B$13/$B$12*Y27 -> 9.1937099 | Z28: =$B$13/$B$12*Z27 -> 18.38742 | AA28: =$B$13/$B$12*AA27 -> 3.629096 | AB28: =$B$13/$B$12*AB27 -> 0.12096987 | AC28: =$B$13/$B$12*AC27 -> 0.12096987 | ... AS28: =$B$13/$B$12*AS27 -> 0.080646578 | AT28: =base_fleet!AQ30+base_fleet!AN30+base_fleet!AJ30 -> 0 | AU28: =$B$13/$B$12*AU27 -> 110.59749 | AV28: =$B$13/$B$12*AV27 -> 10.116822 | AW28: =$B$13/$B$12*AW27 -> 3.437755 | AX28: =$B$13/$B$12*AX27 -> 1.2768804 | AY28: =$B$13/$B$12*AY27 -> 0 | AZ28: =$B$13/$B$12*AZ27 -> 0.098221571 | BA28: =$B$13/$B$12*BA27 -> 22.95131 | BB28: =$B$13/$B$12*BB27 -> 2.0996466 | ... BD28: =$B$13/$B$12*BD27 -> 0.014480322 | BE28: 0 | BF28: 0 | BG28: =base_fleet!CE30 -> 0 | BH28: =base_fleet!CA30 -> 0 | BI28: =base_fleet!BV30 -> 0 | BJ28: =base_fleet!CH30 -> 0 | BK28: =base_fleet!BU30+base_fleet!BZ30+base_fleet!CD30 -> 0
... A60: =A59-1 -> 1959 | B60: =$B$13/$B$12*B59 -> 2.8923857 | C60: =$B$13/$B$12*C59 -> 5.1797095 | D60: =$B$13/$B$12*D59 -> 0.0030581221 | E60: =$B$13/$B$12*E59 -> 2.1564771 | F60: =$B$13/$B$12*F59 -> 0.022287524 | G60: =$B$13/$B$12*G59 -> 0.034946837 | H60: =$B$13/$B$12*H59 -> 0.00035660038 | I60: =$B$13/$B$12*I59 -> 0.27591643 | J60: =base_fleet!C62+base_fleet!G62+base_fleet!L62+base_fleet!Q62 -> 0 | K60: =base_fleet!E62+base_fleet!J62+base_fleet!O62+base_fleet!T62 -> 0 | L60: =$B$13/$B$12*L59 -> 0.32993729 | M60: =base_fleet!I62+base_fleet!N62 -> 0 | N60: =$B$13/$B$12*N59 -> 3.3345763 | O60: =$B$13/$B$12*O59 -> 0.052293887 | P60: =$B$13/$B$12*P59 -> 0.23333471 | Q60: =$B$13/$B$12*Q59 -> 0.63731264 | R60: =$B$13/$B$12*R59 -> 0.090520413 | S60: =$B$13/$B$12*S59 -> 0.034250967 | T60: =base_fleet!Z62+base_fleet!AE62 -> 0 | U60: =base_fleet!X62+base_fleet!AC62+base_fleet!AH62 -> 0 | V60: =$B$13/$B$12*V59 -> 0.82136235 | W60: =$B$13/$B$12*W59 -> 0.17193681 | X60: =$B$13/$B$12*X59 -> 0.038577205 | Y60: =$B$13/$B$12*Y59 -> 0.029124512 | Z60: =$B$13/$B$12*Z59 -> 0.058249025 | AA60: =$B$13/$B$12*AA59 -> 0.011496518 | AB60: =$B$13/$B$12*AB59 -> 0.00038321727 | AC60: =$B$13/$B$12*AC59 -> 0.00038321727 | ... AS60: =$B$13/$B$12*AS59 -> 0.00025547818 | AT60: =base_fleet!AQ62+base_fleet!AN62+base_fleet!AJ62 -> 0 | AU60: =$B$13/$B$12*AU59 -> 0.35035889 | AV60: =$B$13/$B$12*AV59 -> 0.032048815 | AW60: =$B$13/$B$12*AW59 -> 0.010890374 | AX60: =$B$13/$B$12*AX59 -> 0.004044996 | AY60: =$B$13/$B$12*AY59 -> 0 | AZ60: =$B$13/$B$12*AZ59 -> 0.00031115354 | BA60: =$B$13/$B$12*BA59 -> 0.072706852 | BB60: =$B$13/$B$12*BB59 -> 0.0066514155 | ... BD60: =$B$13/$B$12*BD59 -> 4.5871831e-05 | BE60: 0 | BF60: 0 | BG60: =base_fleet!CE62 -> 0 | BH60: =base_fleet!CA62 -> 0 | BI60: =base_fleet!BV62 -> 0 | BJ60: =base_fleet!CH62 -> 0 | BK60: =base_fleet!BU62+base_fleet!BZ62+base_fleet!CD62 -> 0

Sheet tfs
A1: Year | B1: =metadata!B2 -> PC_MINI_G | C1: =metadata!B3 -> PC_SMALL_G | D1: =metadata!B4 -> PC_MEDIUM_G | E1: =metadata!B5 -> PC_SUV_G | F1: =metadata!B6 -> PC_MINI_D | G1: =metadata!B7 -> PC_SMALL_D | H1: =metadata!B8 -> PC_MEDIUM_D | I1: =metadata!B9 -> PC_SUV_D | J1: =metadata!B10 -> PC_ELEC | K1: =metadata!B11 -> PC_SMALL_HY | L1: =metadata!B12 -> TAXI_SMALL_G | M1: =metadata!B13 -> TAXI_SMALL_GLP | N1: =metadata!B14 -> LCV_NI_G | O1: =metadata!B15 -> LCV_NII_G | P1: =metadata!B16 -> LCV_NIII_G | Q1: =metadata!B17 -> LCV_NI_D | R1: =metadata!B18 -> LCV_NII_D | S1: =metadata!B19 -> LCV_NIII_D | T1: =metadata!B20 -> LCV_ELEC | U1: =metadata!B21 -> LCV_HY | V1: =metadata!B22 -> TRUCKS_RT_7_D | W1: =metadata!B23 -> TRUCKS_RT_7_12_D | X1: =metadata!B24 -> TRUCKS_RT_12_14_D | Y1: =metadata!B25 -> TRUCKS_RT_14_16_D | Z1: =metadata!B26 -> TRUCKS_RT_16_20_D | AA1: =metadata!B27 -> TRUCKS_RT_20_26_D | AB1: =metadata!B28 -> TRUCKS_RT_26_28_D | AC1: =metadata!B29 -> TRUCKS_RT_28_32_D | AD1: =metadata!B30 -> TRUCKS_RT_32_D | AE1: =metadata!B31 -> TRUCKS_RT_7_G | AF1: =metadata!B32 -> TRUCKS_RT_7_12_G | AG1: =metadata!B33 -> TRUCKS_RT_12_14_G | AH1: =metadata!B34 -> TRUCKS_RT_14_16_G | AI1: =metadata!B35 -> TRUCKS_RT_16_20_G | AJ1: =metadata!B36 -> TRUCKS_RT_20_26_G | AK1: =metadata!B37 -> TRUCKS_RT_26_28_G | AL1: =metadata!B38 -> TRUCKS_RT_28_32_G | AM1: =metadata!B39 -> TRUCKS_RT_32_G | AN1: =metadata!B40 -> TRUCKS_AT_16_20_D | AO1: =metadata!B41 -> TRUCKS_AT_20_28_D | AP1: =metadata!B42 -> TRUCKS_AT_28_34_D | AQ1: =metadata!B43 -> TRUCKS_AT_34_40_D | AR1: =metadata!B44 -> TRUCKS_AT_40_50_D | AS1: =metadata!B45 -> TRUCKS_AT_50_60_D | AT1: =metadata!B46 -> TRUCKS_ELEC | AU1: =metadata!B47 -> BUS_UB_15_D | AV1: =metadata!B48 -> BUS_UB_15_18_D | AW1: =metadata!B49 -> BUS_UB_18_D | AX1: =metadata!B50 -> BUS_UB_15_G | AY1: =metadata!B51 -> BUS_UB_15_18_G | AZ1: =metadata!B52 -> BUS_UB_18_G | BA1: =metadata!B53 -> BUS_COACH_17_D | BB1: =metadata!B54 -> BUS_COACH_18_D | BC1: =metadata!B55 -> BUS_COACH_17_G | BD1: =metadata!B56 -> BUS_COACH_18_G | BE1: =metadata!B57 -> BUS_UB_15_HY | BF1: =metadata!B58 -> BUS_ELEC | BG1: =metadata!B59 -> MC_2S_50_G | BH1: =metadata!B60 -> MC_4S_50_250_G | BI1: =metadata!B61 -> MC_4S_250_750_G | BJ1: =metadata!B62 -> MC_4S_750_G | BK1: =metadata!B63 -> MC_ELEC
A2: 43892 | B2: 0.11939717 | C2: 0.11939717 | D2: 0.11939717 | E2: 0.11939717 | F2: 0.11939717 | G2: 0.11939717 | H2: 0.11939717 | I2: 0.11939717 | J2: 0.11939717 | K2: 0.11939717 | L2: 0.11939717 | M2: 0.11939717 | N2: 0.11939717 | O2: 0.11939717 | P2: 0.11939717 | Q2: 0.11939717 | R2: 0.11939717 | S2: 0.11939717 | T2: 0.11939717 | U2: 0.11939717 | V2: 0.3556231 | W2: 0.3556231 | X2: 0.3556231 | Y2: 0.3556231 | Z2: 0.3556231 | AA2: 0.3556231 | AB2: 0.3556231 | AC2: 0.3556231 | AD2: 0.3556231 | AE2: 0.3556231 | AF2: 0.3556231 | AG2: 0.3556231 | AH2: 0.3556231 | AI2: 0.3556231 | AJ2: 0.3556231 | AK2: 0.3556231 | AL2: 0.3556231 | AM2: 0.3556231 | AN2: 0.3556231 | AO2: 0.3556231 | AP2: 0.3556231 | AQ2: 0.3556231 | AR2: 0.3556231 | AS2: 0.3556231 | AT2: 0.3556231 | AU2: 0.75 | AV2: 0.75 | AW2: 0.75 | AX2: 0.75 | AY2: 0.75 | AZ2: 0.75 | BA2: 0.75 | BB2: 0.75 | BC2: 0.75 | BD2: 0.75 | BE2: 0.75 | BF2: 0.75 | BG2: 0.11939717 | BH2: 0.11939717 | BI2: 0.11939717 | BJ2: 0.11939717 | BK2: 0.11939717
A3: =A2+1/24*1.00001 -> 43892.042 | B3: 0.0613659 | C3: 0.0613659 | D3: 0.0613659 | E3: 0.0613659 | F3: 0.0613659 | G3: 0.0613659 | H3: 0.0613659 | I3: 0.0613659 | J3: 0.0613659 | K3: 0.0613659 | L3: 0.0613659 | M3: 0.0613659 | N3: 0.0613659 | O3: 0.0613659 | P3: 0.0613659 | Q3: 0.0613659 | R3: 0.0613659 | S3: 0.0613659 | T3: 0.0613659 | U3: 0.0613659 | V3: 0.32320162 | W3: 0.32320162 | X3: 0.32320162 | Y3: 0.32320162 | Z3: 0.32320162 | AA3: 0.32320162 | AB3: 0.32320162 | AC3: 0.32320162 | AD3: 0.32320162 | AE3: 0.32320162 | AF3: 0.32320162 | AG3: 0.32320162 | AH3: 0.32320162 | AI3: 0.32320162 | AJ3: 0.32320162 | AK3: 0.32320162 | AL3: 0.32320162 | AM3: 0.32320162 | AN3: 0.32320162 | AO3: 0.32320162 | AP3: 0.32320162 | AQ3: 0.32320162 | AR3: 0.32320162 | AS3: 0.32320162 | AT3: 0.32320162 | AU3: 0.375 | AV3: 0.375 | AW3: 0.375 | AX3: 0.375 | AY3: 0.375 | AZ3: 0.375 | BA3: 0.375 | BB3: 0.375 | BC3: 0.375 | BD3: 0.375 | BE3: 0.375 | BF3: 0.375 | BG3: 0.0613659 | BH3: 0.0613659 | BI3: 0.0613659 | BJ3: 0.0613659 | BK3: 0.0613659
A4: =A3+1/24 -> 43892.083 | B4: 0.040362046 | C4: 0.040362046 | D4: 0.040362046 | E4: 0.040362046 | F4: 0.040362046 | G4: 0.040362046 | H4: 0.040362046 | I4: 0.040362046 | J4: 0.040362046 | K4: 0.040362046 | L4: 0.040362046 | M4: 0.040362046 | N4: 0.040362046 | O4: 0.040362046 | P4: 0.040362046 | Q4: 0.040362046 | R4: 0.040362046 | S4: 0.040362046 | T4: 0.040362046 | U4: 0.040362046 | V4: 0.37791287 | W4: 0.37791287 | X4: 0.37791287 | Y4: 0.37791287 | Z4: 0.37791287 | AA4: 0.37791287 | AB4: 0.37791287 | AC4: 0.37791287 | AD4: 0.37791287 | AE4: 0.37791287 | AF4: 0.37791287 | AG4: 0.37791287 | AH4: 0.37791287 | AI4: 0.37791287 | AJ4: 0.37791287 | AK4: 0.37791287 | AL4: 0.37791287 | AM4: 0.37791287 | AN4: 0.37791287 | AO4: 0.37791287 | AP4: 0.37791287 | AQ4: 0.37791287 | AR4: 0.37791287 | AS4: 0.37791287 | AT4: 0.37791287 | AU4: 0.125 | AV4: 0.125 | AW4: 0.125 | AX4: 0.125 | AY4: 0.125 | AZ4: 0.125 | BA4: 0.125 | BB4: 0.125 | BC4: 0.125 | BD4: 0.125 | BE4: 0.125 | BF4: 0.125 | BG4: 0.040362046 | BH4: 0.040362046 | BI4: 0.040362046 | BJ4: 0.040362046 | BK4: 0.040362046
A5: =A4+1/24 -> 43892.125 | B5: 0.047117925 | C5: 0.047117925 | D5: 0.047117925 | E5: 0.047117925 | F5: 0.047117925 | G5: 0.047117925 | H5: 0.047117925 | I5: 0.047117925 | J5: 0.047117925 | K5: 0.047117925 | L5: 0.047117925 | M5: 0.047117925 | N5: 0.047117925 | O5: 0.047117925 | P5: 0.047117925 | Q5: 0.047117925 | R5: 0.047117925 | S5: 0.047117925 | T5: 0.047117925 | U5: 0.047117925 | V5: 0.50658561 | W5: 0.50658561 | X5: 0.50658561 | Y5: 0.50658561 | Z5: 0.50658561 | AA5: 0.50658561 | AB5: 0.50658561 | AC5: 0.50658561 | AD5: 0.50658561 | AE5: 0.50658561 | AF5: 0.50658561 | AG5: 0.50658561 | AH5: 0.50658561 | AI5: 0.50658561 | AJ5: 0.50658561 | AK5: 0.50658561 | AL5: 0.50658561 | AM5: 0.50658561 | AN5: 0.50658561 | AO5: 0.50658561 | AP5: 0.50658561 | AQ5: 0.50658561 | AR5: 0.50658561 | AS5: 0.50658561 | AT5: 0.50658561 | AU5: 0.375 | AV5: 0.375 | AW5: 0.375 | AX5: 0.375 | AY5: 0.375 | AZ5: 0.375 | BA5: 0.375 | BB5: 0.375 | BC5: 0.375 | BD5: 0.375 | BE5: 0.375 | BF5: 0.375 | BG5: 0.047117925 | BH5: 0.047117925 | BI5: 0.047117925 | BJ5: 0.047117925 | BK5: 0.047117925
A6: =A5+1/24 -> 43892.167 | B6: 0.11874756 | C6: 0.11874756 | D6: 0.11874756 | E6: 0.11874756 | F6: 0.11874756 | G6: 0.11874756 | H6: 0.11874756 | I6: 0.11874756 | J6: 0.11874756 | K6: 0.11874756 | L6: 0.11874756 | M6: 0.11874756 | N6: 0.11874756 | O6: 0.11874756 | P6: 0.11874756 | Q6: 0.11874756 | R6: 0.11874756 | S6: 0.11874756 | T6: 0.11874756 | U6: 0.11874756 | V6: 0.59777102 | W6: 0.59777102 | X6: 0.59777102 | Y6: 0.59777102 | Z6: 0.59777102 | AA6: 0.59777102 | AB6: 0.59777102 | AC6: 0.59777102 | AD6: 0.59777102 | AE6: 0.59777102 | AF6: 0.59777102 | AG6: 0.59777102 | AH6: 0.59777102 | AI6: 0.59777102 | AJ6: 0.59777102 | AK6: 0.59777102 | AL6: 0.59777102 | AM6: 0.59777102 | AN6: 0.59777102 | AO6: 0.59777102 | AP6: 0.59777102 | AQ6: 0.59777102 | AR6: 0.59777102 | AS6: 0.59777102 | AT6: 0.59777102 | AU6: 0.75 | AV6: 0.75 | AW6: 0.75 | AX6: 0.75 | AY6: 0.75 | AZ6: 0.75 | BA6: 0.75 | BB6: 0.75 | BC6: 0.75 | BD6: 0.75 | BE6: 0.75 | BF6: 0.75 | BG6: 0.11874756 | BH6: 0.11874756 | BI6: 0.11874756 | BJ6: 0.11874756 | BK6: 0.11874756
A7: =A6+1/24 -> 43892.208 | B7: 0.42748257 | C7: 0.42748257 | D7: 0.42748257 | E7: 0.42748257 | F7: 0.42748257 | G7: 0.42748257 | H7: 0.42748257 | I7: 0.42748257 | J7: 0.42748257 | K7: 0.42748257 | L7: 0.42748257 | M7: 0.42748257 | N7: 0.42748257 | O7: 0.42748257 | P7: 0.42748257 | Q7: 0.42748257 | R7: 0.42748257 | S7: 0.42748257 | T7: 0.42748257 | U7: 0.42748257 | V7: 0.88753799 | W7: 0.88753799 | X7: 0.88753799 | Y7: 0.88753799 | Z7: 0.88753799 | AA7: 0.88753799 | AB7: 0.88753799 | AC7: 0.88753799 | AD7: 0.88753799 | AE7: 0.88753799 | AF7: 0.88753799 | AG7: 0.88753799 | AH7: 0.88753799 | AI7: 0.88753799 | AJ7: 0.88753799 | AK7: 0.88753799 | AL7: 0.88753799 | AM7: 0.88753799 | AN7: 0.88753799 | AO7: 0.88753799 | AP7: 0.88753799 | AQ7: 0.88753799 | AR7: 0.88753799 | AS7: 0.88753799 | AT7: 0.88753799 | AU7: 2 | AV7: 2 | AW7: 2 | AX7: 2 | AY7: 2 | AZ7: 2 | BA7: 2 | BB7: 2 | BC7: 2 | BD7: 2 | BE7: 2 | BF7: 2 | BG7: 0.42748257 | BH7: 0.42748257 | BI7: 0.42748257 | BJ7: 0.42748257 | BK7: 0.42748257
A8: =A7+1/24 -> 43892.25 | B8: 0.87428002 | C8: 0.87428002 | D8: 0.87428002 | E8: 0.87428002 | F8: 0.87428002 | G8: 0.87428002 | H8: 0.87428002 | I8: 0.87428002 | J8: 0.87428002 | K8: 0.87428002 | L8: 0.87428002 | M8: 0.87428002 | N8: 0.87428002 | O8: 0.87428002 | P8: 0.87428002 | Q8: 0.87428002 | R8: 0.87428002 | S8: 0.87428002 | T8: 0.87428002 | U8: 0.87428002 | V8: 1.0992908 | W8: 1.0992908 | X8: 1.0992908 | Y8: 1.0992908 | Z8: 1.0992908 | AA8: 1.0992908 | AB8: 1.0992908 | AC8: 1.0992908 | AD8: 1.0992908 | AE8: 1.0992908 | AF8: 1.0992908 | AG8: 1.0992908 | AH8: 1.0992908 | AI8: 1.0992908 | AJ8: 1.0992908 | AK8: 1.0992908 | AL8: 1.0992908 | AM8: 1.0992908 | AN8: 1.0992908 | AO8: 1.0992908 | AP8: 1.0992908 | AQ8: 1.0992908 | AR8: 1.0992908 | AS8: 1.0992908 | AT8: 1.0992908 | AU8: 1.5 | AV8: 1.5 | AW8: 1.5 | AX8: 1.5 | AY8: 1.5 | AZ8: 1.5 | BA8: 1.5 | BB8: 1.5 | BC8: 1.5 | BD8: 1.5 | BE8: 1.5 | BF8: 1.5 | BG8: 0.87428002 | BH8: 0.87428002 | BI8: 0.87428002 | BJ8: 0.87428002 | BK8: 0.87428002
A9: =A8+1/24 -> 43892.292 | B9: 1.0171928 | C9: 1.0171928 | D9: 1.0171928 | E9: 1.0171928 | F9: 1.0171928 | G9: 1.0171928 | H9: 1.0171928 | I9: 1.0171928 | J9: 1.0171928 | K9: 1.0171928 | L9: 1.0171928 | M9: 1.0171928 | N9: 1.0171928 | O9: 1.0171928 | P9: 1.0171928 | Q9: 1.0171928 | R9: 1.0171928 | S9: 1.0171928 | T9: 1.0171928 | U9: 1.0171928 | V9: 0.9858156 | W9: 0.9858156 | X9: 0.9858156 | Y9: 0.9858156 | Z9: 0.9858156 | AA9: 0.9858156 | AB9: 0.9858156 | AC9: 0.9858156 | AD9: 0.9858156 | AE9: 0.9858156 | AF9: 0.9858156 | AG9: 0.9858156 | AH9: 0.9858156 | AI9: 0.9858156 | AJ9: 0.9858156 | AK9: 0.9858156 | AL9: 0.9858156 | AM9: 0.9858156 | AN9: 0.9858156 | AO9: 0.9858156 | AP9: 0.9858156 | AQ9: 0.9858156 | AR9: 0.9858156 | AS9: 0.9858156 | AT9: 0.9858156 | AU9: 2.375 | AV9: 2.375 | AW9: 2.375 | AX9: 2.375 | AY9: 2.375 | AZ9: 2.375 | BA9: 2.375 | BB9: 2.375 | BC9: 2.375 | BD9: 2.375 | BE9: 2.375 | BF9: 2.375 | BG9: 1.0171928 | BH9: 1.0171928 | BI9: 1.0171928 | BJ9: 1.0171928 | BK9: 1.0171928
A10: =A9+1/24 -> 43892.333 | B10: 1 | C10: 1 | D10: 1 | E10: 1 | F10: 1 | G10: 1 | H10: 1 | I10: 1 | J10: 1 | K10: 1 | L10: 1 | M10: 1 | N10: 1 | O10: 1 | P10: 1 | Q10: 1 | R10: 1 | S10: 1 | T10: 1 | U10: 1 | V10: 1 | W10: 1 | X10: 1 | Y10: 1 | Z10: 1 | AA10: 1 | AB10: 1 | AC10: 1 | AD10: 1 | AE10: 1 | AF10: 1 | AG10: 1 | AH10: 1 | AI10: 1 | AJ10: 1 | AK10: 1 | AL10: 1 | AM10: 1 | AN10: 1 | AO10: 1 | AP10: 1 | AQ10: 1 | AR10: 1 | AS10: 1 | AT10: 1 | AU10: 1 | AV10: 1 | AW10: 1 | AX10: 1 | AY10: 1 | AZ10: 1 | BA10: 1 | BB10: 1 | BC10: 1 | BD10: 1 | BE10: 1 | BF10: 1 | BG10: 1 | BH10: 1 | BI10: 1 | BJ10: 1 | BK10: 1
A11: =A10+1/24 -> 43892.375 | B11: 0.82850461 | C11: 0.82850461 | D11: 0.82850461 | E11: 0.82850461 | F11: 0.82850461 | G11: 0.82850461 | H11: 0.82850461 | I11: 0.82850461 | J11: 0.82850461 | K11: 0.82850461 | L11: 0.82850461 | M11: 0.82850461 | N11: 0.82850461 | O11: 0.82850461 | P11: 0.82850461 | Q11: 0.82850461 | R11: 0.82850461 | S11: 0.82850461 | T11: 0.82850461 | U11: 0.82850461 | V11: 1.2056738 | W11: 1.2056738 | X11: 1.2056738 | Y11: 1.2056738 | Z11: 1.2056738 | AA11: 1.2056738 | AB11: 1.2056738 | AC11: 1.2056738 | AD11: 1.2056738 | AE11: 1.2056738 | AF11: 1.2056738 | AG11: 1.2056738 | AH11: 1.2056738 | AI11: 1.2056738 | AJ11: 1.2056738 | AK11: 1.2056738 | AL11: 1.2056738 | AM11: 1.2056738 | AN11: 1.2056738 | AO11: 1.2056738 | AP11: 1.2056738 | AQ11: 1.2056738 | AR11: 1.2056738 | AS11: 1.2056738 | AT11: 1.2056738 | AU11: 0.5 | AV11: 0.5 | AW11: 0.5 | AX11: 0.5 | AY11: 0.5 | AZ11: 0.5 | BA11: 0.5 | BB11: 0.5 | BC11: 0.5 | BD11: 0.5 | BE11: 0.5 | BF11: 0.5 | BG11: 0.82850461 | BH11: 0.82850461 | BI11: 0.82850461 | BJ11: 0.82850461 | BK11: 0.82850461
A12: =A11+1/24 -> 43892.417 | B12: 0.84028409 | C12: 0.84028409 | D12: 0.84028409 | E12: 0.84028409 | F12: 0.84028409 | G12: 0.84028409 | H12: 0.84028409 | I12: 0.84028409 | J12: 0.84028409 | K12: 0.84028409 | L12: 0.84028409 | M12: 0.84028409 | N12: 0.84028409 | O12: 0.84028409 | P12: 0.84028409 | Q12: 0.84028409 | R12: 0.84028409 | S12: 0.84028409 | T12: 0.84028409 | U12: 0.84028409 | V12: 1.2613982 | W12: 1.2613982 | X12: 1.2613982 | Y12: 1.2613982 | Z12: 1.2613982 | AA12: 1.2613982 | AB12: 1.2613982 | AC12: 1.2613982 | AD12: 1.2613982 | AE12: 1.2613982 | AF12: 1.2613982 | AG12: 1.2613982 | AH12: 1.2613982 | AI12: 1.2613982 | AJ12: 1.2613982 | AK12: 1.2613982 | AL12: 1.2613982 | AM12: 1.2613982 | AN12: 1.2613982 | AO12: 1.2613982 | AP12: 1.2613982 | AQ12: 1.2613982 | AR12: 1.2613982 | AS12: 1.2613982 | AT12: 1.2613982 | AU12: 0.375 | AV12: 0.375 | AW12: 0.375 | AX12: 0.375 | AY12: 0.375 | AZ12: 0.375 | BA12: 0.375 | BB12: 0.375 | BC12: 0.375 | BD12: 0.375 | BE12: 0.375 | BF12: 0.375 | BG12: 0.84028409 | BH12: 0.84028409 | BI12: 0.84028409 | BJ12: 0.84028409 | BK12: 0.84028409
A13: =A12+1/24 -> 43892.458 | B13: 0.81274089 | C13: 0.81274089 | D13: 0.81274089 | E13: 0.81274089 | F13: 0.81274089 | G13: 0.81274089 | H13: 0.81274089 | I13: 0.81274089 | J13: 0.81274089 | K13: 0.81274089 | L13: 0.81274089 | M13: 0.81274089 | N13: 0.81274089 | O13: 0.81274089 | P13: 0.81274089 | Q13: 0.81274089 | R13: 0.81274089 | S13: 0.81274089 | T13: 0.81274089 | U13: 0.81274089 | V13: 1.2178318 | W13: 1.2178318 | X13: 1.2178318 | Y13: 1.2178318 | Z13: 1.2178318 | AA13: 1.2178318 | AB13: 1.2178318 | AC13: 1.2178318 | AD13: 1.2178318 | AE13: 1.2178318 | AF13: 1.2178318 | AG13: 1.2178318 | AH13: 1.2178318 | AI13: 1.2178318 | AJ13: 1.2178318 | AK13: 1.2178318 | AL13: 1.2178318 | AM13: 1.2178318 | AN13: 1.2178318 | AO13: 1.2178318 | AP13: 1.2178318 | AQ13: 1.2178318 | AR13: 1.2178318 | AS13: 1.2178318 | AT13: 1.2178318 | AU13: 0.625 | AV13: 0.625 | AW13: 0.625 | AX13: 0.625 | AY13: 0.625 | AZ13: 0.625 | BA13: 0.625 | BB13: 0.625 | BC13: 0.625 | BD13: 0.625 | BE13: 0.625 | BF13: 0.625 | BG13: 0.81274089 | BH13: 0.81274089 | BI13: 0.81274089 | BJ13: 0.81274089 | BK13: 0.81274089
A14: =A13+1/24 -> 43892.5 | B14: 0.7739379 | C14: 0.7739379 | D14: 0.7739379 | E14: 0.7739379 | F14: 0.7739379 | G14: 0.7739379 | H14: 0.7739379 | I14: 0.7739379 | J14: 0.7739379 | K14: 0.7739379 | L14: 0.7739379 | M14: 0.7739379 | N14: 0.7739379 | O14: 0.7739379 | P14: 0.7739379 | Q14: 0.7739379 | R14: 0.7739379 | S14: 0.7739379 | T14: 0.7739379 | U14: 0.7739379 | V14: 1.1367781 | W14: 1.1367781 | X14: 1.1367781 | Y14: 1.1367781 | Z14: 1.1367781 | AA14: 1.1367781 | AB14: 1.1367781 | AC14: 1.1367781 | AD14: 1.1367781 | AE14: 1.1367781 | AF14: 1.1367781 | AG14: 1.1367781 | AH14: 1.1367781 | AI14: 1.1367781 | AJ14: 1.1367781 | AK14: 1.1367781 | AL14: 1.1367781 | AM14: 1.1367781 | AN14: 1.1367781 | AO14: 1.1367781 | AP14: 1.1367781 | AQ14: 1.1367781 | AR14: 1.1367781 | AS14: 1.1367781 | AT14: 1.1367781 | AU14: 0.875 | AV14: 0.875 | AW14: 0.875 | AX14: 0.875 | AY14: 0.875 | AZ14: 0.875 | BA14: 0.875 | BB14: 0.875 | BC14: 0.875 | BD14: 0.875 | BE14: 0.875 | BF14: 0.875 | BG14: 0.7739379 | BH14: 0.7739379 | BI14: 0.7739379 | BJ14: 0.7739379 | BK14: 0.7739379
A15: =A14+1/24 -> 43892.542 | B15: 0.7764497 | C15: 0.7764497 | D15: 0.7764497 | E15: 0.7764497 | F15: 0.7764497 | G15: 0.7764497 | H15: 0.7764497 | I15: 0.7764497 | J15: 0.7764497 | K15: 0.7764497 | L15: 0.7764497 | M15: 0.7764497 | N15: 0.7764497 | O15: 0.7764497 | P15: 0.7764497 | Q15: 0.7764497 | R15: 0.7764497 | S15: 0.7764497 | T15: 0.7764497 | U15: 0.7764497 | V15: 1.0668693 | W15: 1.0668693 | X15: 1.0668693 | Y15: 1.0668693 | Z15: 1.0668693 | AA15: 1.0668693 | AB15: 1.0668693 | AC15: 1.0668693 | AD15: 1.0668693 | AE15: 1.0668693 | AF15: 1.0668693 | AG15: 1.0668693 | AH15: 1.0668693 | AI15: 1.0668693 | AJ15: 1.0668693 | AK15: 1.0668693 | AL15: 1.0668693 | AM15: 1.0668693 | AN15: 1.0668693 | AO15: 1.0668693 | AP15: 1.0668693 | AQ15: 1.0668693 | AR15: 1.0668693 | AS15: 1.0668693 | AT15: 1.0668693 | AU15: 0.625 | AV15: 0.625 | AW15: 0.625 | AX15: 0.625 | AY15: 0.625 | AZ15: 0.625 | BA15: 0.625 | BB15: 0.625 | BC15: 0.625 | BD15: 0.625 | BE15: 0.625 | BF15: 0.625 | BG15: 0.7764497 | BH15: 0.7764497 | BI15: 0.7764497 | BJ15: 0.7764497 | BK15: 0.7764497
... A169: =A168+1/24 -> 43898.958 | B169: 0.26832965 | C169: 0.26832965 | D169: 0.26832965 | E169: 0.26832965 | F169: 0.26832965 | G169: 0.26832965 | H169: 0.26832965 | I169: 0.26832965 | J169: 0.26832965 | K169: 0.26832965 | L169: 0.26832965 | M169: 0.26832965 | N169: 0.26832965 | O169: 0.26832965 | P169: 0.26832965 | Q169: 0.26832965 | R169: 0.26832965 | S169: 0.26832965 | T169: 0.26832965 | U169: 0.26832965 | V169: 0.38297872 | W169: 0.38297872 | X169: 0.38297872 | Y169: 0.38297872 | Z169: 0.38297872 | AA169: 0.38297872 | AB169: 0.38297872 | AC169: 0.38297872 | AD169: 0.38297872 | AE169: 0.38297872 | AF169: 0.38297872 | AG169: 0.38297872 | AH169: 0.38297872 | AI169: 0.38297872 | AJ169: 0.38297872 | AK169: 0.38297872 | AL169: 0.38297872 | AM169: 0.38297872 | AN169: 0.38297872 | AO169: 0.38297872 | AP169: 0.38297872 | AQ169: 0.38297872 | AR169: 0.38297872 | AS169: 0.38297872 | AT169: 0.38297872 | AU169: 0.5 | AV169: 0.5 | AW169: 0.5 | AX169: 0.5 | AY169: 0.5 | AZ169: 0.5 | BA169: 0.5 | BB169: 0.5 | BC169: 0.5 | BD169: 0.5 | BE169: 0.5 | BF169: 0.5 | BG169: 0.26832965 | BH169: 0.26832965 | BI169: 0.26832965 | BJ169: 0.26832965 | BK169: 0.26832965

Sheet mileage
A1: Age | B1: =fleet_age!B1 -> PC_MINI_G | C1: =fleet_age!C1 -> PC_SMALL_G | D1: =fleet_age!D1 -> PC_MEDIUM_G | E1: =fleet_age!E1 -> PC_SUV_G | F1: =fleet_age!F1 -> PC_MINI_D | G1: =fleet_age!G1 -> PC_SMALL_D | H1: =fleet_age!H1 -> PC_MEDIUM_D | I1: =fleet_age!I1 -> PC_SUV_D | ... BK1: =fleet_age!BK1 -> MC_ELEC
A2: 1 | B2: 11996.766 | C2: 11996.766 | D2: 11996.766 | E2: 11996.766 | F2: 11996.766 | G2: 11996.766 | H2: 11996.766 | I2: 11996.766 | J2: 11996.766 | K2: 11996.766 | L2: =K2*7 -> 83977.359 | M2: =L2 -> 83977.359 | N2: 17932.764 | O2: 17932.764 | P2: 17932.764 | Q2: 17932.764 | R2: 17932.764 | S2: 17932.764 | T2: 17932.764 | U2: 17932.764 | V2: 41083.062 | W2: 41083.062 | X2: 41083.062 | Y2: 41083.062 | Z2: 41083.062 | AA2: 41083.062 | AB2: 56223.3 | AC2: 56223.3 | AD2: 56223.3 | AE2: 41083.062 | AF2: 41083.062 | AG2: 41083.062 | AH2: 41083.062 | AI2: 41083.062 | AJ2: 41083.062 | AK2: 56223.3 | AL2: 56223.3 | AM2: 56223.3 | AN2: 56223.3 | AO2: 56223.3 | AP2: 56223.3 | AQ2: 56223.3 | AR2: 56223.3 | AS2: 56223.3 | AT2: 41083.062 | AU2: 62470.155 | AV2: 62470.155 | AW2: 62470.155 | AX2: 62470.155 | AY2: 62470.155 | AZ2: 62470.155 | BA2: 62470.155 | BB2: 62470.155 | BC2: 62470.155 | BD2: 62470.155 | BE2: 62470.155 | BF2: 62470.155 | BG2: 12806.767 | BH2: 12806.767 | BI2: 12806.767 | BJ2: 12806.767 | BK2: 12806.767
A3: =A2+1 -> 2 | B3: 12632.429 | C3: 12632.429 | D3: 12632.429 | E3: 12632.429 | F3: 12632.429 | G3: 12632.429 | H3: 12632.429 | I3: 12632.429 | J3: 12632.429 | K3: 12632.429 | L3: =K3*7 -> 88427.002 | M3: =L3 -> 88427.002 | N3: 17638.046 | O3: 17638.046 | P3: 17638.046 | Q3: 17638.046 | R3: 17638.046 | S3: 17638.046 | T3: 17638.046 | U3: 17638.046 | V3: 38116.597 | W3: 38116.597 | X3: 38116.597 | Y3: 38116.597 | Z3: 38116.597 | AA3: 38116.597 | AB3: 55199.6 | AC3: 55199.6 | AD3: 55199.6 | AE3: 38116.597 | AF3: 38116.597 | AG3: 38116.597 | AH3: 38116.597 | AI3: 38116.597 | AJ3: 38116.597 | AK3: 55199.6 | AL3: 55199.6 | AM3: 55199.6 | AN3: 55199.6 | AO3: 55199.6 | AP3: 55199.6 | AQ3: 55199.6 | AR3: 55199.6 | AS3: 55199.6 | AT3: 38116.597 | AU3: 58978.999 | AV3: 58978.999 | AW3: 58978.999 | AX3: 58978.999 | AY3: 58978.999 | AZ3: 58978.999 | BA3: 58978.999 | BB3: 58978.999 | BC3: 58978.999 | BD3: 58978.999 | BE3: 58978.999 | BF3: 58978.999 | BG3: 13077.586 | BH3: 13077.586 | BI3: 13077.586 | BJ3: 13077.586 | BK3: 13077.586
A4: =A3+1 -> 3 | B4: 13177.019 | C4: 13177.019 | D4: 13177.019 | E4: 13177.019 | F4: 13177.019 | G4: 13177.019 | H4: 13177.019 | I4: 13177.019 | J4: 13177.019 | K4: 13177.019 | L4: =K4*7 -> 92239.134 | M4: =L4 -> 92239.134 | N4: 17320.02 | O4: 17320.02 | P4: 17320.02 | Q4: 17320.02 | R4: 17320.02 | S4: 17320.02 | T4: 17320.02 | U4: 17320.02 | V4: 35564.019 | W4: 35564.019 | X4: 35564.019 | Y4: 35564.019 | Z4: 35564.019 | AA4: 35564.019 | AB4: 54175.9 | AC4: 54175.9 | AD4: 54175.9 | AE4: 35564.019 | AF4: 35564.019 | AG4: 35564.019 | AH4: 35564.019 | AI4: 35564.019 | AJ4: 35564.019 | AK4: 54175.9 | AL4: 54175.9 | AM4: 54175.9 | AN4: 54175.9 | AO4: 54175.9 | AP4: 54175.9 | AQ4: 54175.9 | AR4: 54175.9 | AS4: 54175.9 | AT4: 35564.019 | AU4: 55908.402 | AV4: 55908.402 | AW4: 55908.402 | AX4: 55908.402 | AY4: 55908.402 | AZ4: 55908.402 | BA4: 55908.402 | BB4: 55908.402 | BC4: 55908.402 | BD4: 55908.402 | BE4: 55908.402 | BF4: 55908.402 | BG4: 13243.49 | BH4: 13243.49 | BI4: 13243.49 | BJ4: 13243.49 | BK4: 13243.49
A5: =A4+1 -> 4 | B5: 13634.566 | C5: 13634.566 | D5: 13634.566 | E5: 13634.566 | F5: 13634.566 | G5: 13634.566 | H5: 13634.566 | I5: 13634.566 | J5: 13634.566 | K5: 13634.566 | L5: =K5*7 -> 95441.965 | M5: =L5 -> 95441.965 | N5: 16980.859 | O5: 16980.859 | P5: 16980.859 | Q5: 16980.859 | R5: 16980.859 | S5: 16980.859 | T5: 16980.859 | U5: 16980.859 | V5: 33385.602 | W5: 33385.602 | X5: 33385.602 | Y5: 33385.602 | Z5: 33385.602 | AA5: 33385.602 | AB5: 53152.2 | AC5: 53152.2 | AD5: 53152.2 | AE5: 33385.602 | AF5: 33385.602 | AG5: 33385.602 | AH5: 33385.602 | AI5: 33385.602 | AJ5: 33385.602 | AK5: 53152.2 | AL5: 53152.2 | AM5: 53152.2 | AN5: 53152.2 | AO5: 53152.2 | AP5: 53152.2 | AQ5: 53152.2 | AR5: 53152.2 | AS5: 53152.2 | AT5: 33385.602 | AU5: 53205.234 | AV5: 53205.234 | AW5: 53205.234 | AX5: 53205.234 | AY5: 53205.234 | AZ5: 53205.234 | BA5: 53205.234 | BB5: 53205.234 | BC5: 53205.234 | BD5: 53205.234 | BE5: 53205.234 | BF5: 53205.234 | BG5: 13312.517 | BH5: 13312.517 | BI5: 13312.517 | BJ5: 13312.517 | BK5: 13312.517
A6: =A5+1 -> 5 | B6: 14009.1 | C6: 14009.1 | D6: 14009.1 | E6: 14009.1 | F6: 14009.1 | G6: 14009.1 | H6: 14009.1 | I6: 14009.1 | J6: 14009.1 | K6: 14009.1 | L6: =K6*7 -> 98063.7 | M6: =L6 -> 98063.7 | N6: 16622.737 | O6: 16622.737 | P6: 16622.737 | Q6: 16622.737 | R6: 16622.737 | S6: 16622.737 | T6: 16622.737 | U6: 16622.737 | V6: 31543.475 | W6: 31543.475 | X6: 31543.475 | Y6: 31543.475 | Z6: 31543.475 | AA6: 31543.475 | AB6: 52128.5 | AC6: 52128.5 | AD6: 52128.5 | AE6: 31543.475 | AF6: 31543.475 | AG6: 31543.475 | AH6: 31543.475 | AI6: 31543.475 | AJ6: 31543.475 | AK6: 52128.5 | AL6: 52128.5 | AM6: 52128.5 | AN6: 52128.5 | AO6: 52128.5 | AP6: 52128.5 | AQ6: 52128.5 | AR6: 52128.5 | AS6: 52128.5 | AT6: 31543.475 | AU6: 50816.363 | AV6: 50816.363 | AW6: 50816.363 | AX6: 50816.363 | AY6: 50816.363 | AZ6: 50816.363 | BA6: 50816.363 | BB6: 50816.363 | BC6: 50816.363 | BD6: 50816.363 | BE6: 50816.363 | BF6: 50816.363 | BG6: 13292.7 | BH6: 13292.7 | BI6: 13292.7 | BJ6: 13292.7 | BK6: 13292.7
A7: =A6+1 -> 6 | B7: 14304.65 | C7: 14304.65 | D7: 14304.65 | E7: 14304.65 | F7: 14304.65 | G7: 14304.65 | H7: 14304.65 | I7: 14304.65 | J7: 14304.65 | K7: 14304.65 | L7: =K7*7 -> 100132.55 | M7: =L7 -> 100132.55 | N7: 16247.829 | O7: 16247.829 | P7: 16247.829 | Q7: 16247.829 | R7: 16247.829 | S7: 16247.829 | T7: 16247.829 | U7: 16247.829 | V7: 30001.627 | W7: 30001.627 | X7: 30001.627 | Y7: 30001.627 | Z7: 30001.627 | AA7: 30001.627 | AB7: 51104.8 | AC7: 51104.8 | AD7: 51104.8 | AE7: 30001.627 | AF7: 30001.627 | AG7: 30001.627 | AH7: 30001.627 | AI7: 30001.627 | AJ7: 30001.627 | AK7: 51104.8 | AL7: 51104.8 | AM7: 51104.8 | AN7: 51104.8 | AO7: 51104.8 | AP7: 51104.8 | AQ7: 51104.8 | AR7: 51104.8 | AS7: 51104.8 | AT7: 30001.627 | AU7: 48688.658 | AV7: 48688.658 | AW7: 48688.658 | AX7: 48688.658 | AY7: 48688.658 | AZ7: 48688.658 | BA7: 48688.658 | BB7: 48688.658 | BC7: 48688.658 | BD7: 48688.658 | BE7: 48688.658 | BF7: 48688.658 | BG7: 13192.075 | BH7: 13192.075 | BI7: 13192.075 | BJ7: 13192.075 | BK7: 13192.075
A8: =A7+1 -> 7 | B8: 14525.245 | C8: 14525.245 | D8: 14525.245 | E8: 14525.245 | F8: 14525.245 | G8: 14525.245 | H8: 14525.245 | I8: 14525.245 | J8: 14525.245 | K8: 14525.245 | L8: =K8*7 -> 101676.71 | M8: =L8 -> 101676.71 | N8: 15858.307 | O8: 15858.307 | P8: 15858.307 | Q8: 15858.307 | R8: 15858.307 | S8: 15858.307 | T8: 15858.307 | U8: 15858.307 | V8: 28725.904 | W8: 28725.904 | X8: 28725.904 | Y8: 28725.904 | Z8: 28725.904 | AA8: 28725.904 | AB8: 50081.1 | AC8: 50081.1 | AD8: 50081.1 | AE8: 28725.904 | AF8: 28725.904 | AG8: 28725.904 | AH8: 28725.904 | AI8: 28725.904 | AJ8: 28725.904 | AK8: 50081.1 | AL8: 50081.1 | AM8: 50081.1 | AN8: 50081.1 | AO8: 50081.1 | AP8: 50081.1 | AQ8: 50081.1 | AR8: 50081.1 | AS8: 50081.1 | AT8: 28725.904 | AU8: 46768.991 | AV8: 46768.991 | AW8: 46768.991 | AX8: 46768.991 | AY8: 46768.991 | AZ8: 46768.991 | BA8: 46768.991 | BB8: 46768.991 | BC8: 46768.991 | BD8: 46768.991 | BE8: 46768.991 | BF8: 46768.991 | BG8: 13018.678 | BH8: 13018.678 | BI8: 13018.678 | BJ8: 13018.678 | BK8: 13018.678
A9: =A8+1 -> 8 | B9: 14674.915 | C9: 14674.915 | D9: 14674.915 | E9: 14674.915 | F9: 14674.915 | G9: 14674.915 | H9: 14674.915 | I9: 14674.915 | J9: 14674.915 | K9: 14674.915 | L9: =K9*7 -> 102724.41 | M9: =L9 -> 102724.41 | N9: 15456.346 | O9: 15456.346 | P9: 15456.346 | Q9: 15456.346 | R9: 15456.346 | S9: 15456.346 | T9: 15456.346 | U9: 15456.346 | V9: 27684.008 | W9: 27684.008 | X9: 27684.008 | Y9: 27684.008 | Z9: 27684.008 | AA9: 27684.008 | AB9: 49057.4 | AC9: 49057.4 | AD9: 49057.4 | AE9: 27684.008 | AF9: 27684.008 | AG9: 27684.008 | AH9: 27684.008 | AI9: 27684.008 | AJ9: 27684.008 | AK9: 49057.4 | AL9: 49057.4 | AM9: 49057.4 | AN9: 49057.4 | AO9: 49057.4 | AP9: 49057.4 | AQ9: 49057.4 | AR9: 49057.4 | AS9: 49057.4 | AT9: 27684.008 | AU9: 45004.229 | AV9: 45004.229 | AW9: 45004.229 | AX9: 45004.229 | AY9: 45004.229 | AZ9: 45004.229 | BA9: 45004.229 | BB9: 45004.229 | BC9: 45004.229 | BD9: 45004.229 | BE9: 45004.229 | BF9: 45004.229 | BG9: 12780.542 | BH9: 12780.542 | BI9: 12780.542 | BJ9: 12780.542 | BK9: 12780.542
A10: =A9+1 -> 9 | B10: 14757.69 | C10: 14757.69 | D10: 14757.69 | E10: 14757.69 | F10: 14757.69 | G10: 14757.69 | H10: 14757.69 | I10: 14757.69 | J10: 14757.69 | K10: 14757.69 | L10: =K10*7 -> 103303.83 | M10: =L10 -> 103303.83 | N10: 15044.119 | O10: 15044.119 | P10: 15044.119 | Q10: 15044.119 | R10: 15044.119 | S10: 15044.119 | T10: 15044.119 | U10: 15044.119 | V10: 26845.501 | W10: 26845.501 | X10: 26845.501 | Y10: 26845.501 | Z10: 26845.501 | AA10: 26845.501 | AB10: 48033.7 | AC10: 48033.7 | AD10: 48033.7 | AE10: 26845.501 | AF10: 26845.501 | AG10: 26845.501 | AH10: 26845.501 | AI10: 26845.501 | AJ10: 26845.501 | AK10: 48033.7 | AL10: 48033.7 | AM10: 48033.7 | AN10: 48033.7 | AO10: 48033.7 | AP10: 48033.7 | AQ10: 48033.7 | AR10: 48033.7 | AS10: 48033.7 | AT10: 26845.501 | AU10: 43341.242 | AV10: 43341.242 | AW10: 43341.242 | AX10: 43341.242 | AY10: 43341.242 | AZ10: 43341.242 | BA10: 43341.242 | BB10: 43341.242 | BC10: 43341.242 | BD10: 43341.242 | BE10: 43341.242 | BF10: 43341.242 | BG10: 12485.705 | BH10: 12485.705 | BI10: 12485.705 | BJ10: 12485.705 | BK10: 12485.705
A11: =A10+1 -> 10 | B11: 14777.6 | C11: 14777.6 | D11: 14777.6 | E11: 14777.6 | F11: 14777.6 | G11: 14777.6 | H11: 14777.6 | I11: 14777.6 | J11: 14777.6 | K11: 14777.6 | L11: =K11*7 -> 103443.2 | M11: =L11 -> 103443.2 | N11: 14623.8 | O11: 14623.8 | P11: 14623.8 | Q11: 14623.8 | R11: 14623.8 | S11: 14623.8 | T11: 14623.8 | U11: 14623.8 | V11: 26181.8 | W11: 26181.8 | X11: 26181.8 | Y11: 26181.8 | Z11: 26181.8 | AA11: 26181.8 | AB11: 47010 | AC11: 47010 | AD11: 47010 | AE11: 26181.8 | AF11: 26181.8 | AG11: 26181.8 | AH11: 26181.8 | AI11: 26181.8 | AJ11: 26181.8 | AK11: 47010 | AL11: 47010 | AM11: 47010 | AN11: 47010 | AO11: 47010 | AP11: 47010 | AQ11: 47010 | AR11: 47010 | AS11: 47010 | AT11: 26181.8 | AU11: 41726.9 | AV11: 41726.9 | AW11: 41726.9 | AX11: 41726.9 | AY11: 41726.9 | AZ11: 41726.9 | BA11: 41726.9 | BB11: 41726.9 | BC11: 41726.9 | BD11: 41726.9 | BE11: 41726.9 | BF11: 41726.9 | BG11: 12142.2 | BH11: 12142.2 | BI11: 12142.2 | BJ11: 12142.2 | BK11: 12142.2
A12: =A11+1 -> 11 | B12: 14738.674 | C12: 14738.674 | D12: 14738.674 | E12: 14738.674 | F12: 14738.674 | G12: 14738.674 | H12: 14738.674 | I12: 14738.674 | J12: 14738.674 | K12: 14738.674 | L12: =K12*7 -> 103170.72 | M12: =L12 -> 103170.72 | N12: 14197.563 | O12: 14197.563 | P12: 14197.563 | Q12: 14197.563 | R12: 14197.563 | S12: 14197.563 | T12: 14197.563 | U12: 14197.563 | V12: 25666.182 | W12: 25666.182 | X12: 25666.182 | Y12: 25666.182 | Z12: 25666.182 | AA12: 25666.182 | AB12: 45986.3 | AC12: 45986.3 | AD12: 45986.3 | AE12: 25666.182 | AF12: 25666.182 | AG12: 25666.182 | AH12: 25666.182 | AI12: 25666.182 | AJ12: 25666.182 | AK12: 45986.3 | AL12: 45986.3 | AM12: 45986.3 | AN12: 45986.3 | AO12: 45986.3 | AP12: 45986.3 | AQ12: 45986.3 | AR12: 45986.3 | AS12: 45986.3 | AT12: 25666.182 | AU12: 40108.072 | AV12: 40108.072 | AW12: 40108.072 | AX12: 40108.072 | AY12: 40108.072 | AZ12: 40108.072 | BA12: 40108.072 | BB12: 40108.072 | BC12: 40108.072 | BD12: 40108.072 | BE12: 40108.072 | BF12: 40108.072 | BG12: 11758.063 | BH12: 11758.063 | BI12: 11758.063 | BJ12: 11758.063 | BK12: 11758.063
A13: =A12+1 -> 12 | B13: 14644.941 | C13: 14644.941 | D13: 14644.941 | E13: 14644.941 | F13: 14644.941 | G13: 14644.941 | H13: 14644.941 | I13: 14644.941 | J13: 14644.941 | K13: 14644.941 | L13: =K13*7 -> 102514.59 | M13: =L13 -> 102514.59 | N13: 13767.582 | O13: 13767.582 | P13: 13767.582 | Q13: 13767.582 | R13: 13767.582 | S13: 13767.582 | T13: 13767.582 | U13: 13767.582 | V13: 25273.781 | W13: 25273.781 | X13: 25273.781 | Y13: 25273.781 | Z13: 25273.781 | AA13: 25273.781 | AB13: 44962.6 | AC13: 44962.6 | AD13: 44962.6 | AE13: 25273.781 | AF13: 25273.781 | AG13: 25273.781 | AH13: 25273.781 | AI13: 25273.781 | AJ13: 25273.781 | AK13: 44962.6 | AL13: 44962.6 | AM13: 44962.6 | AN13: 44962.6 | AO13: 44962.6 | AP13: 44962.6 | AQ13: 44962.6 | AR13: 44962.6 | AS13: 44962.6 | AT13: 25273.781 | AU13: 38431.627 | AV13: 38431.627 | AW13: 38431.627 | AX13: 38431.627 | AY13: 38431.627 | AZ13: 38431.627 | BA13: 38431.627 | BB13: 38431.627 | BC13: 38431.627 | BD13: 38431.627 | BE13: 38431.627 | BF13: 38431.627 | BG13: 11341.33 | BH13: 11341.33 | BI13: 11341.33 | BJ13: 11341.33 | BK13: 11341.33
A14: =A13+1 -> 13 | B14: 14500.431 | C14: 14500.431 | D14: 14500.431 | E14: 14500.431 | F14: 14500.431 | G14: 14500.431 | H14: 14500.431 | I14: 14500.431 | J14: 14500.431 | K14: 14500.431 | L14: =K14*7 -> 101503.02 | M14: =L14 -> 101503.02 | N14: 13336.031 | O14: 13336.031 | P14: 13336.031 | Q14: 13336.031 | R14: 13336.031 | S14: 13336.031 | T14: 13336.031 | U14: 13336.031 | V14: 24981.587 | W14: 24981.587 | X14: 24981.587 | Y14: 24981.587 | Z14: 24981.587 | AA14: 24981.587 | AB14: 43938.9 | AC14: 43938.9 | AD14: 43938.9 | AE14: 24981.587 | AF14: 24981.587 | AG14: 24981.587 | AH14: 24981.587 | AI14: 24981.587 | AJ14: 24981.587 | AK14: 43938.9 | AL14: 43938.9 | AM14: 43938.9 | AN14: 43938.9 | AO14: 43938.9 | AP14: 43938.9 | AQ14: 43938.9 | AR14: 43938.9 | AS14: 43938.9 | AT14: 24981.587 | AU14: 36644.435 | AV14: 36644.435 | AW14: 36644.435 | AX14: 36644.435 | AY14: 36644.435 | AZ14: 36644.435 | BA14: 36644.435 | BB14: 36644.435 | BC14: 36644.435 | BD14: 36644.435 | BE14: 36644.435 | BF14: 36644.435 | BG14: 10900.034 | BH14: 10900.034 | BI14: 10900.034 | BJ14: 10900.034 | BK14: 10900.034
... A41: =A40+1 -> 40 | B41: 6129.2 | C41: 6129.2 | D41: 6129.2 | E41: 6129.2 | F41: 6129.2 | G41: 6129.2 | H41: 6129.2 | I41: 6129.2 | J41: 6129.2 | K41: 6129.2 | L41: =K41*7 -> 42904.4 | M41: =L41 -> 42904.4 | N41: 7865.8 | O41: 7865.8 | P41: 7865.8 | Q41: 7865.8 | R41: 7865.8 | S41: 7865.8 | T41: 7865.8 | U41: 7865.8 | V41: 21804.2 | W41: 21804.2 | X41: 21804.2 | Y41: 21804.2 | Z41: 21804.2 | AA41: 21804.2 | AB41: 16299 | AC41: 16299 | AD41: 16299 | AE41: 21804.2 | AF41: 21804.2 | AG41: 21804.2 | AH41: 21804.2 | AI41: 21804.2 | AJ41: 21804.2 | AK41: 16299 | AL41: 16299 | AM41: 16299 | AN41: 16299 | AO41: 16299 | AP41: 16299 | AQ41: 16299 | AR41: 16299 | AS41: 16299 | AT41: 21804.2 | AU41: 32525.287 | AV41: 32525.287 | AW41: 32525.287 | AX41: 32525.287 | AY41: 32525.287 | AZ41: 32525.287 | BA41: 32525.287 | BB41: 32525.287 | BC41: 32525.287 | BD41: 32525.287 | BE41: 32525.287 | BF41: 32525.287 | BG41: 7798.2 | BH41: 7798.2 | BI41: 7798.2 | BJ41: 7798.2 | BK41: 7798.2

Sheet fuel
A1: fuel | B1: density_tm3 | C1: consumption_lt | D1: UF | E1: region | F1: FUEL_M3 | G1: Year | H1: FUEL | I1: gallons
A2: G | B2: 0.75425 | C2: =F2*1000 -> 53563552 | D2: CO | E2: MANIZALES | F2: =0.00378541*I2 -> 53563.552 | G2: 2017 | H2: GASOLINE | I2: =0.55*10^6+13.6*10^6 -> 14150000
A3: D | B3: 0.84 | C3: =F3*1000 -> 35166459 | D3: CO | E3: MANIZALES | F3: =0.00378541*I3 -> 35166.459 | G3: 2017 | H3: DIESEL | I3: =9.29*10^6 -> 9290000

Sheet euro
A1: Year | B1: =metadata!B2 -> PC_MINI_G | C1: =metadata!B3 -> PC_SMALL_G | D1: =metadata!B4 -> PC_MEDIUM_G | E1: =metadata!B5 -> PC_SUV_G | F1: =metadata!B6 -> PC_MINI_D | G1: =metadata!B7 -> PC_SMALL_D | H1: =metadata!B8 -> PC_MEDIUM_D | I1: =metadata!B9 -> PC_SUV_D | J1: =metadata!B10 -> PC_ELEC | K1: =metadata!B11 -> PC_SMALL_HY | L1: =metadata!B12 -> TAXI_SMALL_G | M1: =metadata!B13 -> TAXI_SMALL_GLP | N1: =metadata!B14 -> LCV_NI_G | O1: =metadata!B15 -> LCV_NII_G | P1: =metadata!B16 -> LCV_NIII_G | Q1: =metadata!B17 -> LCV_NI_D | R1: =metadata!B18 -> LCV_NII_D | S1: =metadata!B19 -> LCV_NIII_D | T1: =metadata!B20 -> LCV_ELEC | U1: =metadata!B21 -> LCV_HY | V1: =metadata!B22 -> TRUCKS_RT_7_D | W1: =metadata!B23 -> TRUCKS_RT_7_12_D | X1: =metadata!B24 -> TRUCKS_RT_12_14_D | Y1: =metadata!B25 -> TRUCKS_RT_14_16_D | Z1: =metadata!B26 -> TRUCKS_RT_16_20_D | AA1: =metadata!B27 -> TRUCKS_RT_20_26_D | AB1: =metadata!B28 -> TRUCKS_RT_26_28_D | AC1: =metadata!B29 -> TRUCKS_RT_28_32_D | AD1: =metadata!B30 -> TRUCKS_RT_32_D | AE1: =metadata!B31 -> TRUCKS_RT_7_G | AF1: =metadata!B32 -> TRUCKS_RT_7_12_G | AG1: =metadata!B33 -> TRUCKS_RT_12_14_G | AH1: =metadata!B34 -> TRUCKS_RT_14_16_G | AI1: =metadata!B35 -> TRUCKS_RT_16_20_G | AJ1: =metadata!B36 -> TRUCKS_RT_20_26_G | AK1: =metadata!B37 -> TRUCKS_RT_26_28_G | AL1: =metadata!B38 -> TRUCKS_RT_28_32_G | AM1: =metadata!B39 -> TRUCKS_RT_32_G | AN1: =metadata!B40 -> TRUCKS_AT_16_20_D | AO1: =metadata!B41 -> TRUCKS_AT_20_28_D | AP1: =metadata!B42 -> TRUCKS_AT_28_34_D | AQ1: =metadata!B43 -> TRUCKS_AT_34_40_D | AR1: =metadata!B44 -> TRUCKS_AT_40_50_D | AS1: =metadata!B45 -> TRUCKS_AT_50_60_D | AT1: =metadata!B46 -> TRUCKS_ELEC | AU1: =metadata!B47 -> BUS_UB_15_D | AV1: =metadata!B48 -> BUS_UB_15_18_D | AW1: =metadata!B49 -> BUS_UB_18_D | AX1: =metadata!B50 -> BUS_UB_15_G | AY1: =metadata!B51 -> BUS_UB_15_18_G | AZ1: =metadata!B52 -> BUS_UB_18_G | BA1: =metadata!B53 -> BUS_COACH_17_D | BB1: =metadata!B54 -> BUS_COACH_18_D | BC1: =metadata!B55 -> BUS_COACH_17_G | BD1: =metadata!B56 -> BUS_COACH_18_G | BE1: =metadata!B57 -> BUS_UB_15_HY | BF1: =metadata!B58 -> BUS_ELEC | BG1: =metadata!B59 -> MC_2S_50_G | BH1: =metadata!B60 -> MC_4S_50_250_G | BI1: =metadata!B61 -> MC_4S_250_750_G | BJ1: =metadata!B62 -> MC_4S_750_G | BK1: =metadata!B63 -> MC_ELEC
A2: 2017 | B2: Euro 3 | C2: Euro 3 | D2: Euro 3 | E2: Euro 3 | F2: Euro 4 | G2: Euro 4 | H2: Euro 4 | I2: Euro 4 | J2: ELEC | K2: Euro 2 | L2: Euro 3 | M2: Euro 4 | N2: Euro 3 | O2: Euro 3 | P2: Euro 3 | Q2: Euro 4 | R2: Euro 4 | S2: Euro 4 | T2: ELEC | U2: Euro 4 | V2: Euro 4 | W2: Euro 4 | X2: Euro 4 | Y2: Euro 4 | Z2: Euro 4 | AA2: Euro 4 | AB2: Euro 4 | AC2: Euro 4 | AD2: Euro 4 | AE2: Euro 3 | AF2: Euro 3 | AG2: Euro 3 | AH2: Euro 3 | AI2: Euro 3 | AJ2: Euro 3 | AK2: Euro 3 | AL2: Euro 3 | AM2: Euro 3 | AN2: Euro 4 | AO2: Euro 4 | AP2: Euro 4 | AQ2: Euro 4 | AR2: Euro 4 | AS2: Euro 4 | AT2: ELEC | AU2: Euro 3 | AV2: Euro 3 | AW2: Euro 3 | AX2: Euro 3 | AY2: Euro 3 | AZ2: Euro 3 | BA2: Euro 3 | BB2: Euro 3 | BC2: Euro 3 | BD2: Euro 3 | BE2: Euro 2 | BF2: ELEC | BG2: Euro 3 | BH2: Euro 3 | BI2: Euro 3 | BJ2: Euro 3 | BK2: ELEC
A3: =A2-1 -> 2016 | B3: Euro 3 | C3: Euro 3 | D3: Euro 3 | E3: Euro 3 | F3: Euro 4 | G3: Euro 4 | H3: Euro 4 | I3: Euro 4 | J3: ELEC | K3: Euro 2 | L3: Euro 3 | M3: Euro 4 | N3: Euro 3 | O3: Euro 3 | P3: Euro 3 | Q3: Euro 4 | R3: Euro 4 | S3: Euro 4 | T3: ELEC | U3: Euro 4 | V3: Euro 4 | W3: Euro 4 | X3: Euro 4 | Y3: Euro 4 | Z3: Euro 4 | AA3: Euro 4 | AB3: Euro 4 | AC3: Euro 4 | AD3: Euro 4 | AE3: Euro 3 | AF3: Euro 3 | AG3: Euro 3 | AH3: Euro 3 | AI3: Euro 3 | AJ3: Euro 3 | AK3: Euro 3 | AL3: Euro 3 | AM3: Euro 3 | AN3: Euro 4 | AO3: Euro 4 | AP3: Euro 4 | AQ3: Euro 4 | AR3: Euro 4 | AS3: Euro 4 | AT3: ELEC | AU3: Euro 3 | AV3: Euro 3 | AW3: Euro 3 | AX3: Euro 3 | AY3: Euro 3 | AZ3: Euro 3 | BA3: Euro 3 | BB3: Euro 3 | BC3: Euro 3 | BD3: Euro 3 | BE3: Euro 2 | BF3: ELEC | BG3: Euro 3 | BH3: Euro 3 | BI3: Euro 3 | BJ3: Euro 3 | BK3: ELEC
A4: =A3-1 -> 2015 | B4: Euro 3 | C4: Euro 3 | D4: Euro 3 | E4: Euro 3 | F4: Euro 4 | G4: Euro 4 | H4: Euro 4 | I4: Euro 4 | J4: ELEC | K4: Euro 2 | L4: Euro 3 | M4: Euro 4 | N4: Euro 3 | O4: Euro 3 | P4: Euro 3 | Q4: Euro 4 | R4: Euro 4 | S4: Euro 4 | T4: ELEC | U4: Euro 4 | V4: Euro 4 | W4: Euro 4 | X4: Euro 4 | Y4: Euro 4 | Z4: Euro 4 | AA4: Euro 4 | AB4: Euro 4 | AC4: Euro 4 | AD4: Euro 4 | AE4: Euro 3 | AF4: Euro 3 | AG4: Euro 3 | AH4: Euro 3 | AI4: Euro 3 | AJ4: Euro 3 | AK4: Euro 3 | AL4: Euro 3 | AM4: Euro 3 | AN4: Euro 4 | AO4: Euro 4 | AP4: Euro 4 | AQ4: Euro 4 | AR4: Euro 4 | AS4: Euro 4 | AT4: ELEC | AU4: Euro 3 | AV4: Euro 3 | AW4: Euro 3 | AX4: Euro 3 | AY4: Euro 3 | AZ4: Euro 3 | BA4: Euro 3 | BB4: Euro 3 | BC4: Euro 3 | BD4: Euro 3 | BE4: Euro 2 | BF4: ELEC | BG4: Euro 3 | BH4: Euro 3 | BI4: Euro 3 | BJ4: Euro 3 | BK4: ELEC
A5: =A4-1 -> 2014 | B5: Euro 3 | C5: Euro 3 | D5: Euro 3 | E5: Euro 3 | F5: Euro 4 | G5: Euro 4 | H5: Euro 4 | I5: Euro 4 | J5: ELEC | K5: Euro 2 | L5: Euro 3 | M5: Euro 4 | N5: Euro 3 | O5: Euro 3 | P5: Euro 3 | Q5: Euro 4 | R5: Euro 4 | S5: Euro 4 | T5: ELEC | U5: Euro 4 | V5: Euro 4 | W5: Euro 4 | X5: Euro 4 | Y5: Euro 4 | Z5: Euro 4 | AA5: Euro 4 | AB5: Euro 4 | AC5: Euro 4 | AD5: Euro 4 | AE5: Euro 3 | AF5: Euro 3 | AG5: Euro 3 | AH5: Euro 3 | AI5: Euro 3 | AJ5: Euro 3 | AK5: Euro 3 | AL5: Euro 3 | AM5: Euro 3 | AN5: Euro 4 | AO5: Euro 4 | AP5: Euro 4 | AQ5: Euro 4 | AR5: Euro 4 | AS5: Euro 4 | AT5: ELEC | AU5: Euro 3 | AV5: Euro 3 | AW5: Euro 3 | AX5: Euro 3 | AY5: Euro 3 | AZ5: Euro 3 | BA5: Euro 3 | BB5: Euro 3 | BC5: Euro 3 | BD5: Euro 3 | BE5: Euro 2 | BF5: ELEC | BG5: Euro 3 | BH5: Euro 3 | BI5: Euro 3 | BJ5: Euro 3 | BK5: ELEC
A6: =A5-1 -> 2013 | B6: Euro 3 | C6: Euro 3 | D6: Euro 3 | E6: Euro 3 | F6: Euro 4 | G6: Euro 4 | H6: Euro 4 | I6: Euro 4 | J6: ELEC | K6: Euro 2 | L6: Euro 3 | M6: Euro 4 | N6: Euro 3 | O6: Euro 3 | P6: Euro 3 | Q6: Euro 4 | R6: Euro 4 | S6: Euro 4 | T6: ELEC | U6: Euro 4 | V6: Euro 4 | W6: Euro 4 | X6: Euro 4 | Y6: Euro 4 | Z6: Euro 4 | AA6: Euro 4 | AB6: Euro 4 | AC6: Euro 4 | AD6: Euro 4 | AE6: Euro 3 | AF6: Euro 3 | AG6: Euro 3 | AH6: Euro 3 | AI6: Euro 3 | AJ6: Euro 3 | AK6: Euro 3 | AL6: Euro 3 | AM6: Euro 3 | AN6: Euro 4 | AO6: Euro 4 | AP6: Euro 4 | AQ6: Euro 4 | AR6: Euro 4 | AS6: Euro 4 | AT6: ELEC | AU6: Euro 3 | AV6: Euro 3 | AW6: Euro 3 | AX6: Euro 3 | AY6: Euro 3 | AZ6: Euro 3 | BA6: Euro 3 | BB6: Euro 3 | BC6: Euro 3 | BD6: Euro 3 | BE6: Euro 2 | BF6: ELEC | BG6: Euro 3 | BH6: Euro 3 | BI6: Euro 3 | BJ6: Euro 3 | BK6: ELEC
A7: =A6-1 -> 2012 | B7: Euro 2 | C7: Euro 2 | D7: Euro 2 | E7: Euro 2 | F7: Euro 2 | G7: Euro 2 | H7: Euro 2 | I7: Euro 2 | J7: ELEC | K7: Euro 2 | L7: Euro 2 | M7: Euro 2 | N7: Euro 2 | O7: Euro 2 | P7: Euro 2 | Q7: Euro 2 | R7: Euro 2 | S7: Euro 2 | T7: ELEC | U7: Euro 2 | V7: Euro 2 | W7: Euro 2 | X7: Euro 2 | Y7: Euro 2 | Z7: Euro 2 | AA7: Euro 2 | AB7: Euro 2 | AC7: Euro 2 | AD7: Euro 2 | AE7: Euro 2 | AF7: Euro 2 | AG7: Euro 2 | AH7: Euro 2 | AI7: Euro 2 | AJ7: Euro 2 | AK7: Euro 2 | AL7: Euro 2 | AM7: Euro 2 | AN7: Euro 2 | AO7: Euro 2 | AP7: Euro 2 | AQ7: Euro 2 | AR7: Euro 2 | AS7: Euro 2 | AT7: ELEC | AU7: Euro 2 | AV7: Euro 2 | AW7: Euro 2 | AX7: Euro 2 | AY7: Euro 2 | AZ7: Euro 2 | BA7: Euro 2 | BB7: Euro 2 | BC7: Euro 2 | BD7: Euro 2 | BE7: Euro 2 | BF7: ELEC | BG7: Euro 2 | BH7: Euro 2 | BI7: Euro 2 | BJ7: Euro 2 | BK7: ELEC
A8: =A7-1 -> 2011 | B8: Euro 2 | C8: Euro 2 | D8: Euro 2 | E8: Euro 2 | F8: Euro 2 | G8: Euro 2 | H8: Euro 2 | I8: Euro 2 | J8: ELEC | K8: Euro 2 | L8: Euro 2 | M8: Euro 2 | N8: Euro 2 | O8: Euro 2 | P8: Euro 2 | Q8: Euro 2 | R8: Euro 2 | S8: Euro 2 | T8: ELEC | U8: Euro 2 | V8: Euro 2 | W8: Euro 2 | X8: Euro 2 | Y8: Euro 2 | Z8: Euro 2 | AA8: Euro 2 | AB8: Euro 2 | AC8: Euro 2 | AD8: Euro 2 | AE8: Euro 2 | AF8: Euro 2 | AG8: Euro 2 | AH8: Euro 2 | AI8: Euro 2 | AJ8: Euro 2 | AK8: Euro 2 | AL8: Euro 2 | AM8: Euro 2 | AN8: Euro 2 | AO8: Euro 2 | AP8: Euro 2 | AQ8: Euro 2 | AR8: Euro 2 | AS8: Euro 2 | AT8: ELEC | AU8: Euro 2 | AV8: Euro 2 | AW8: Euro 2 | AX8: Euro 2 | AY8: Euro 2 | AZ8: Euro 2 | BA8: Euro 2 | BB8: Euro 2 | BC8: Euro 2 | BD8: Euro 2 | BE8: Euro 2 | BF8: ELEC | BG8: Euro 2 | BH8: Euro 2 | BI8: Euro 2 | BJ8: Euro 2 | BK8: ELEC
A9: =A8-1 -> 2010 | B9: Euro 2 | C9: Euro 2 | D9: Euro 2 | E9: Euro 2 | F9: Euro 2 | G9: Euro 2 | H9: Euro 2 | I9: Euro 2 | J9: ELEC | K9: Euro 2 | L9: Euro 2 | M9: Euro 2 | N9: Euro 2 | O9: Euro 2 | P9: Euro 2 | Q9: Euro 2 | R9: Euro 2 | S9: Euro 2 | T9: ELEC | U9: Euro 2 | V9: Euro 2 | W9: Euro 2 | X9: Euro 2 | Y9: Euro 2 | Z9: Euro 2 | AA9: Euro 2 | AB9: Euro 2 | AC9: Euro 2 | AD9: Euro 2 | AE9: Euro 2 | AF9: Euro 2 | AG9: Euro 2 | AH9: Euro 2 | AI9: Euro 2 | AJ9: Euro 2 | AK9: Euro 2 | AL9: Euro 2 | AM9: Euro 2 | AN9: Euro 2 | AO9: Euro 2 | AP9: Euro 2 | AQ9: Euro 2 | AR9: Euro 2 | AS9: Euro 2 | AT9: ELEC | AU9: Euro 2 | AV9: Euro 2 | AW9: Euro 2 | AX9: Euro 2 | AY9: Euro 2 | AZ9: Euro 2 | BA9: Euro 2 | BB9: Euro 2 | BC9: Euro 2 | BD9: Euro 2 | BE9: Euro 2 | BF9: ELEC | BG9: Euro 2 | BH9: Euro 2 | BI9: Euro 2 | BJ9: Euro 2 | BK9: ELEC
A10: =A9-1 -> 2009 | B10: Euro 1 | C10: Euro 1 | D10: Euro 1 | E10: Euro 1 | F10: Euro 2 | G10: Euro 2 | H10: Euro 2 | I10: Euro 2 | J10: ELEC | K10: Euro 2 | L10: Euro 1 | M10: Euro 2 | N10: Euro 1 | O10: Euro 1 | P10: Euro 1 | Q10: Euro 2 | R10: Euro 2 | S10: Euro 2 | T10: ELEC | U10: Euro 2 | V10: Euro 2 | W10: Euro 1 | X10: Euro 1 | Y10: Euro 1 | Z10: Euro 1 | AA10: Euro 1 | AB10: Euro 1 | AC10: Euro 1 | AD10: Euro 1 | AE10: Euro 1 | AF10: Euro 1 | AG10: Euro 1 | AH10: Euro 1 | AI10: Euro 1 | AJ10: Euro 1 | AK10: Euro 1 | AL10: Euro 1 | AM10: Euro 1 | AN10: Euro 1 | AO10: Euro 1 | AP10: Euro 1 | AQ10: Euro 1 | AR10: Euro 1 | AS10: Euro 1 | AT10: ELEC | AU10: Euro 1 | AV10: Euro 1 | AW10: Euro 1 | AX10: Euro 1 | AY10: Euro 1 | AZ10: Euro 1 | BA10: Euro 1 | BB10: Euro 1 | BC10: Euro 1 | BD10: Euro 1 | BE10: Euro 2 | BF10: ELEC | BG10: Euro 1 | BH10: Euro 1 | BI10: Euro 1 | BJ10: Euro 1 | BK10: ELEC
A11: =A10-1 -> 2008 | B11: Euro 1 | C11: Euro 1 | D11: Euro 1 | E11: Euro 1 | F11: Euro 2 | G11: Euro 2 | H11: Euro 2 | I11: Euro 2 | J11: ELEC | K11: Euro 2 | L11: Euro 1 | M11: Euro 2 | N11: Euro 1 | O11: Euro 1 | P11: Euro 1 | Q11: Euro 2 | R11: Euro 2 | S11: Euro 2 | T11: ELEC | U11: Euro 2 | V11: Euro 2 | W11: Euro 1 | X11: Euro 1 | Y11: Euro 1 | Z11: Euro 1 | AA11: Euro 1 | AB11: Euro 1 | AC11: Euro 1 | AD11: Euro 1 | AE11: Euro 1 | AF11: Euro 1 | AG11: Euro 1 | AH11: Euro 1 | AI11: Euro 1 | AJ11: Euro 1 | AK11: Euro 1 | AL11: Euro 1 | AM11: Euro 1 | AN11: Euro 1 | AO11: Euro 1 | AP11: Euro 1 | AQ11: Euro 1 | AR11: Euro 1 | AS11: Euro 1 | AT11: ELEC | AU11: Euro 1 | AV11: Euro 1 | AW11: Euro 1 | AX11: Euro 1 | AY11: Euro 1 | AZ11: Euro 1 | BA11: Euro 1 | BB11: Euro 1 | BC11: Euro 1 | BD11: Euro 1 | BE11: Euro 2 | BF11: ELEC | BG11: Euro 1 | BH11: Euro 1 | BI11: Euro 1 | BJ11: Euro 1 | BK11: ELEC
A12: =A11-1 -> 2007 | B12: Euro 1 | C12: Euro 1 | D12: Euro 1 | E12: Euro 1 | F12: Euro 2 | G12: Euro 2 | H12: Euro 2 | I12: Euro 2 | J12: ELEC | K12: Euro 2 | L12: Euro 1 | M12: Euro 2 | N12: Euro 1 | O12: Euro 1 | P12: Euro 1 | Q12: Euro 2 | R12: Euro 2 | S12: Euro 2 | T12: ELEC | U12: Euro 2 | V12: Euro 2 | W12: Euro 1 | X12: Euro 1 | Y12: Euro 1 | Z12: Euro 1 | AA12: Euro 1 | AB12: Euro 1 | AC12: Euro 1 | AD12: Euro 1 | AE12: Euro 1 | AF12: Euro 1 | AG12: Euro 1 | AH12: Euro 1 | AI12: Euro 1 | AJ12: Euro 1 | AK12: Euro 1 | AL12: Euro 1 | AM12: Euro 1 | AN12: Euro 1 | AO12: Euro 1 | AP12: Euro 1 | AQ12: Euro 1 | AR12: Euro 1 | AS12: Euro 1 | AT12: ELEC | AU12: Euro 1 | AV12: Euro 1 | AW12: Euro 1 | AX12: Euro 1 | AY12: Euro 1 | AZ12: Euro 1 | BA12: Euro 1 | BB12: Euro 1 | BC12: Euro 1 | BD12: Euro 1 | BE12: Euro 2 | BF12: ELEC | BG12: Euro 1 | BH12: Euro 1 | BI12: Euro 1 | BJ12: Euro 1 | BK12: ELEC
A13: =A12-1 -> 2006 | B13: Euro 1 | C13: Euro 1 | D13: Euro 1 | E13: Euro 1 | F13: Euro 2 | G13: Euro 2 | H13: Euro 2 | I13: Euro 2 | J13: ELEC | K13: Euro 2 | L13: Euro 1 | M13: Euro 2 | N13: Euro 1 | O13: Euro 1 | P13: Euro 1 | Q13: Euro 2 | R13: Euro 2 | S13: Euro 2 | T13: ELEC | U13: Euro 2 | V13: Euro 2 | W13: Euro 1 | X13: Euro 1 | Y13: Euro 1 | Z13: Euro 1 | AA13: Euro 1 | AB13: Euro 1 | AC13: Euro 1 | AD13: Euro 1 | AE13: Euro 1 | AF13: Euro 1 | AG13: Euro 1 | AH13: Euro 1 | AI13: Euro 1 | AJ13: Euro 1 | AK13: Euro 1 | AL13: Euro 1 | AM13: Euro 1 | AN13: Euro 1 | AO13: Euro 1 | AP13: Euro 1 | AQ13: Euro 1 | AR13: Euro 1 | AS13: Euro 1 | AT13: ELEC | AU13: Euro 1 | AV13: Euro 1 | AW13: Euro 1 | AX13: Euro 1 | AY13: Euro 1 | AZ13: Euro 1 | BA13: Euro 1 | BB13: Euro 1 | BC13: Euro 1 | BD13: Euro 1 | BE13: Euro 2 | BF13: ELEC | BG13: Euro 1 | BH13: Euro 1 | BI13: Euro 1 | BJ13: Euro 1 | BK13: ELEC
A14: =A13-1 -> 2005 | B14: Euro 1 | C14: Euro 1 | D14: Euro 1 | E14: Euro 1 | F14: Euro 2 | G14: Euro 2 | H14: Euro 2 | I14: Euro 2 | J14: ELEC | K14: Euro 2 | L14: Euro 1 | M14: Euro 2 | N14: Euro 1 | O14: Euro 1 | P14: Euro 1 | Q14: Euro 2 | R14: Euro 2 | S14: Euro 2 | T14: ELEC | U14: Euro 2 | V14: Euro 2 | W14: Euro 1 | X14: Euro 1 | Y14: Euro 1 | Z14: Euro 1 | AA14: Euro 1 | AB14: Euro 1 | AC14: Euro 1 | AD14: Euro 1 | AE14: Euro 1 | AF14: Euro 1 | AG14: Euro 1 | AH14: Euro 1 | AI14: Euro 1 | AJ14: Euro 1 | AK14: Euro 1 | AL14: Euro 1 | AM14: Euro 1 | AN14: Euro 1 | AO14: Euro 1 | AP14: Euro 1 | AQ14: Euro 1 | AR14: Euro 1 | AS14: Euro 1 | AT14: ELEC | AU14: Euro 1 | AV14: Euro 1 | AW14: Euro 1 | AX14: Euro 1 | AY14: Euro 1 | AZ14: Euro 1 | BA14: Euro 1 | BB14: Euro 1 | BC14: Euro 1 | BD14: Euro 1 | BE14: Euro 2 | BF14: ELEC | BG14: Euro 1 | BH14: Euro 1 | BI14: Euro 1 | BJ14: Euro 1 | BK14: ELEC
... A60: =A59-1 -> 1959 | B60: ECE 15/04 | C60: ECE 15/04 | D60: ECE 15/04 | E60: ECE 15/04 | F60: Conventional | G60: Conventional | H60: Conventional | I60: Conventional | J60: ELEC | K60: PRE | L60: ECE 15/04 | M60: Conventional | N60: ECE 15/04 | O60: ECE 15/04 | P60: ECE 15/04 | Q60: Conventional | R60: Conventional | S60: Conventional | T60: ELEC | U60: PRE | V60: Conventional | W60: Conventional | X60: Conventional | Y60: Conventional | Z60: Conventional | AA60: Conventional | AB60: Conventional | AC60: Conventional | AD60: Conventional | AE60: ECE 15/04 | AF60: ECE 15/04 | AG60: ECE 15/04 | AH60: ECE 15/04 | AI60: ECE 15/04 | AJ60: ECE 15/04 | AK60: ECE 15/04 | AL60: ECE 15/04 | AM60: ECE 15/04 | AN60: Conventional | AO60: Conventional | AP60: Conventional | AQ60: Conventional | AR60: Conventional | AS60: Conventional | AT60: ELEC | AU60: Conventional | AV60: Conventional | AW60: Conventional | AX60: ECE 15/04 | AY60: ECE 15/04 | AZ60: ECE 15/04 | BA60: Conventional | BB60: Conventional | BC60: ECE 15/04 | BD60: ECE 15/04 | BE60: PRE | BF60: ELEC | BG60: ECE 15/04 | BH60: ECE 15/04 | BI60: ECE 15/04 | BJ60: ECE 15/04 | BK60: ELEC

Sheet old_euro
A1: Year | B1: =metadata!B2 -> PC_MINI_G | C1: =metadata!B3 -> PC_SMALL_G | D1: =metadata!B4 -> PC_MEDIUM_G | E1: =metadata!B5 -> PC_SUV_G | F1: =metadata!B6 -> PC_MINI_D | G1: =metadata!B7 -> PC_SMALL_D | H1: =metadata!B8 -> PC_MEDIUM_D | I1: =metadata!B9 -> PC_SUV_D | J1: =metadata!B10 -> PC_ELEC | K1: =metadata!B11 -> PC_SMALL_HY | L1: =metadata!B12 -> TAXI_SMALL_G | M1: =metadata!B13 -> TAXI_SMALL_GLP | N1: =metadata!B14 -> LCV_NI_G | O1: =metadata!B15 -> LCV_NII_G | P1: =metadata!B16 -> LCV_NIII_G | Q1: =metadata!B17 -> LCV_NI_D | R1: =metadata!B18 -> LCV_NII_D | S1: =metadata!B19 -> LCV_NIII_D | T1: =metadata!B20 -> LCV_ELEC | U1: =metadata!B21 -> LCV_HY | V1: =metadata!B22 -> TRUCKS_RT_7_D | W1: =metadata!B23 -> TRUCKS_RT_7_12_D | X1: =metadata!B24 -> TRUCKS_RT_12_14_D | Y1: =metadata!B25 -> TRUCKS_RT_14_16_D | Z1: =metadata!B26 -> TRUCKS_RT_16_20_D | AA1: =metadata!B27 -> TRUCKS_RT_20_26_D | AB1: =metadata!B28 -> TRUCKS_RT_26_28_D | AC1: =metadata!B29 -> TRUCKS_RT_28_32_D | AD1: =metadata!B30 -> TRUCKS_RT_32_D | AE1: =metadata!B31 -> TRUCKS_RT_7_G | AF1: =metadata!B32 -> TRUCKS_RT_7_12_G | AG1: =metadata!B33 -> TRUCKS_RT_12_14_G | AH1: =metadata!B34 -> TRUCKS_RT_14_16_G | AI1: =metadata!B35 -> TRUCKS_RT_16_20_G | AJ1: =metadata!B36 -> TRUCKS_RT_20_26_G | AK1: =metadata!B37 -> TRUCKS_RT_26_28_G | AL1: =metadata!B38 -> TRUCKS_RT_28_32_G | AM1: =metadata!B39 -> TRUCKS_RT_32_G | AN1: =metadata!B40 -> TRUCKS_AT_16_20_D | AO1: =metadata!B41 -> TRUCKS_AT_20_28_D | AP1: =metadata!B42 -> TRUCKS_AT_28_34_D | AQ1: =metadata!B43 -> TRUCKS_AT_34_40_D | AR1: =metadata!B44 -> TRUCKS_AT_40_50_D | AS1: =metadata!B45 -> TRUCKS_AT_50_60_D | AT1: =metadata!B46 -> TRUCKS_ELEC | AU1: =metadata!B47 -> BUS_UB_15_D | AV1: =metadata!B48 -> BUS_UB_15_18_D | AW1: =metadata!B49 -> BUS_UB_18_D | AX1: =metadata!B50 -> BUS_UB_15_G | AY1: =metadata!B51 -> BUS_UB_15_18_G | AZ1: =metadata!B52 -> BUS_UB_18_G | BA1: =metadata!B53 -> BUS_COACH_17_D | BB1: =metadata!B54 -> BUS_COACH_18_D | BC1: =metadata!B55 -> BUS_COACH_17_G | BD1: =metadata!B56 -> BUS_COACH_18_G | BE1: =metadata!B57 -> BUS_UB_15_HY | BF1: =metadata!B58 -> BUS_ELEC | BG1: =metadata!B59 -> MC_2S_50_G | BH1: =metadata!B60 -> MC_4S_50_250_G | BI1: =metadata!B61 -> MC_4S_250_750_G | BJ1: =metadata!B62 -> MC_4S_750_G | BK1: =metadata!B63 -> MC_ELEC
A2: 2017 | B2: III | C2: III | D2: III | E2: III | F2: IV | G2: IV | H2: IV | I2: IV | J2: ELEC | K2: II | L2: III | M2: IV | N2: III | O2: III | P2: III | Q2: IV | R2: IV | S2: IV | T2: ELEC | U2: IV | V2: IV | W2: IV | X2: IV | Y2: IV | Z2: IV | AA2: IV | AB2: IV | AC2: IV | AD2: IV | AE2: III | AF2: III | AG2: III | AH2: III | AI2: III | AJ2: III | AK2: III | AL2: III | AM2: III | AN2: IV | AO2: IV | AP2: IV | AQ2: IV | AR2: IV | AS2: IV | AT2: ELEC | AU2: III | AV2: III | AW2: III | AX2: III | AY2: III | AZ2: III | BA2: III | BB2: III | BC2: III | BD2: III | BE2: II | BF2: ELEC | BG2: III | BH2: III | BI2: III | BJ2: III | BK2: ELEC
A3: =A2-1 -> 2016 | B3: III | C3: III | D3: III | E3: III | F3: IV | G3: IV | H3: IV | I3: IV | J3: ELEC | K3: II | L3: III | M3: IV | N3: III | O3: III | P3: III | Q3: IV | R3: IV | S3: IV | T3: ELEC | U3: IV | V3: IV | W3: IV | X3: IV | Y3: IV | Z3: IV | AA3: IV | AB3: IV | AC3: IV | AD3: IV | AE3: III | AF3: III | AG3: III | AH3: III | AI3: III | AJ3: III | AK3: III | AL3: III | AM3: III | AN3: IV | AO3: IV | AP3: IV | AQ3: IV | AR3: IV | AS3: IV | AT3: ELEC | AU3: III | AV3: III | AW3: III | AX3: III | AY3: III | AZ3: III | BA3: III | BB3: III | BC3: III | BD3: III | BE3: II | BF3: ELEC | BG3: III | BH3: III | BI3: III | BJ3: III | BK3: ELEC
A4: =A3-1 -> 2015 | B4: III | C4: III | D4: III | E4: III | F4: IV | G4: IV | H4: IV | I4: IV | J4: ELEC | K4: II | L4: III | M4: IV | N4: III | O4: III | P4: III | Q4: IV | R4: IV | S4: IV | T4: ELEC | U4: IV | V4: IV | W4: IV | X4: IV | Y4: IV | Z4: IV | AA4: IV | AB4: IV | AC4: IV | AD4: IV | AE4: III | AF4: III | AG4: III | AH4: III | AI4: III | AJ4: III | AK4: III | AL4: III | AM4: III | AN4: IV | AO4: IV | AP4: IV | AQ4: IV | AR4: IV | AS4: IV | AT4: ELEC | AU4: III | AV4: III | AW4: III | AX4: III | AY4: III | AZ4: III | BA4: III | BB4: III | BC4: III | BD4: III | BE4: II | BF4: ELEC | BG4: III | BH4: III | BI4: III | BJ4: III | BK4: ELEC
A5: =A4-1 -> 2014 | B5: III | C5: III | D5: III | E5: III | F5: IV | G5: IV | H5: IV | I5: IV | J5: ELEC | K5: II | L5: III | M5: IV | N5: III | O5: III | P5: III | Q5: IV | R5: IV | S5: IV | T5: ELEC | U5: IV | V5: IV | W5: IV | X5: IV | Y5: IV | Z5: IV | AA5: IV | AB5: IV | AC5: IV | AD5: IV | AE5: III | AF5: III | AG5: III | AH5: III | AI5: III | AJ5: III | AK5: III | AL5: III | AM5: III | AN5: IV | AO5: IV | AP5: IV | AQ5: IV | AR5: IV | AS5: IV | AT5: ELEC | AU5: III | AV5: III | AW5: III | AX5: III | AY5: III | AZ5: III | BA5: III | BB5: III | BC5: III | BD5: III | BE5: II | BF5: ELEC | BG5: III | BH5: III | BI5: III | BJ5: III | BK5: ELEC
A6: =A5-1 -> 2013 | B6: III | C6: III | D6: III | E6: III | F6: IV | G6: IV | H6: IV | I6: IV | J6: ELEC | K6: II | L6: III | M6: IV | N6: III | O6: III | P6: III | Q6: IV | R6: IV | S6: IV | T6: ELEC | U6: IV | V6: IV | W6: IV | X6: IV | Y6: IV | Z6: IV | AA6: IV | AB6: IV | AC6: IV | AD6: IV | AE6: III | AF6: III | AG6: III | AH6: III | AI6: III | AJ6: III | AK6: III | AL6: III | AM6: III | AN6: IV | AO6: IV | AP6: IV | AQ6: IV | AR6: IV | AS6: IV | AT6: ELEC | AU6: III | AV6: III | AW6: III | AX6: III | AY6: III | AZ6: III | BA6: III | BB6: III | BC6: III | BD6: III | BE6: II | BF6: ELEC | BG6: III | BH6: III | BI6: III | BJ6: III | BK6: ELEC
A7: =A6-1 -> 2012 | B7: II | C7: II | D7: II | E7: II | F7: II | G7: II | H7: II | I7: II | J7: ELEC | K7: II | L7: II | M7: II | N7: II | O7: II | P7: II | Q7: II | R7: II | S7: II | T7: ELEC | U7: II | V7: II | W7: II | X7: II | Y7: II | Z7: II | AA7: II | AB7: II | AC7: II | AD7: II | AE7: II | AF7: II | AG7: II | AH7: II | AI7: II | AJ7: II | AK7: II | AL7: II | AM7: II | AN7: II | AO7: II | AP7: II | AQ7: II | AR7: II | AS7: II | AT7: ELEC | AU7: II | AV7: II | AW7: II | AX7: II | AY7: II | AZ7: II | BA7: II | BB7: II | BC7: II | BD7: II | BE7: II | BF7: ELEC | BG7: II | BH7: II | BI7: II | BJ7: II | BK7: ELEC
A8: =A7-1 -> 2011 | B8: II | C8: II | D8: II | E8: II | F8: II | G8: II | H8: II | I8: II | J8: ELEC | K8: II | L8: II | M8: II | N8: II | O8: II | P8: II | Q8: II | R8: II | S8: II | T8: ELEC | U8: II | V8: II | W8: II | X8: II | Y8: II | Z8: II | AA8: II | AB8: II | AC8: II | AD8: II | AE8: II | AF8: II | AG8: II | AH8: II | AI8: II | AJ8: II | AK8: II | AL8: II | AM8: II | AN8: II | AO8: II | AP8: II | AQ8: II | AR8: II | AS8: II | AT8: ELEC | AU8: II | AV8: II | AW8: II | AX8: II | AY8: II | AZ8: II | BA8: II | BB8: II | BC8: II | BD8: II | BE8: II | BF8: ELEC | BG8: II | BH8: II | BI8: II | BJ8: II | BK8: ELEC
A9: =A8-1 -> 2010 | B9: II | C9: II | D9: II | E9: II | F9: II | G9: II | H9: II | I9: II | J9: ELEC | K9: II | L9: II | M9: II | N9: II | O9: II | P9: II | Q9: II | R9: II | S9: II | T9: ELEC | U9: II | V9: II | W9: II | X9: II | Y9: II | Z9: II | AA9: II | AB9: II | AC9: II | AD9: II | AE9: II | AF9: II | AG9: II | AH9: II | AI9: II | AJ9: II | AK9: II | AL9: II | AM9: II | AN9: II | AO9: II | AP9: II | AQ9: II | AR9: II | AS9: II | AT9: ELEC | AU9: II | AV9: II | AW9: II | AX9: II | AY9: II | AZ9: II | BA9: II | BB9: II | BC9: II | BD9: II | BE9: II | BF9: ELEC | BG9: II | BH9: II | BI9: II | BJ9: II | BK9: ELEC
A10: =A9-1 -> 2009 | B10: I | C10: I | D10: I | E10: I | F10: II | G10: II | H10: II | I10: II | J10: ELEC | K10: II | L10: I | M10: II | N10: I | O10: I | P10: I | Q10: II | R10: II | S10: II | T10: ELEC | U10: II | V10: II | W10: I | X10: I | Y10: I | Z10: I | AA10: I | AB10: I | AC10: I | AD10: I | AE10: I | AF10: I | AG10: I | AH10: I | AI10: I | AJ10: I | AK10: I | AL10: I | AM10: I | AN10: I | AO10: I | AP10: I | AQ10: I | AR10: I | AS10: I | AT10: ELEC | AU10: I | AV10: I | AW10: I | AX10: I | AY10: I | AZ10: I | BA10: I | BB10: I | BC10: I | BD10: I | BE10: II | BF10: ELEC | BG10: I | BH10: I | BI10: I | BJ10: I | BK10: ELEC
A11: =A10-1 -> 2008 | B11: I | C11: I | D11: I | E11: I | F11: II | G11: II | H11: II | I11: II | J11: ELEC | K11: II | L11: I | M11: II | N11: I | O11: I | P11: I | Q11: II | R11: II | S11: II | T11: ELEC | U11: II | V11: II | W11: I | X11: I | Y11: I | Z11: I | AA11: I | AB11: I | AC11: I | AD11: I | AE11: I | AF11: I | AG11: I | AH11: I | AI11: I | AJ11: I | AK11: I | AL11: I | AM11: I | AN11: I | AO11: I | AP11: I | AQ11: I | AR11: I | AS11: I | AT11: ELEC | AU11: I | AV11: I | AW11: I | AX11: I | AY11: I | AZ11: I | BA11: I | BB11: I | BC11: I | BD11: I | BE11: II | BF11: ELEC | BG11: I | BH11: I | BI11: I | BJ11: I | BK11: ELEC
A12: =A11-1 -> 2007 | B12: I | C12: I | D12: I | E12: I | F12: II | G12: II | H12: II | I12: II | J12: ELEC | K12: II | L12: I | M12: II | N12: I | O12: I | P12: I | Q12: II | R12: II | S12: II | T12: ELEC | U12: II | V12: II | W12: I | X12: I | Y12: I | Z12: I | AA12: I | AB12: I | AC12: I | AD12: I | AE12: I | AF12: I | AG12: I | AH12: I | AI12: I | AJ12: I | AK12: I | AL12: I | AM12: I | AN12: I | AO12: I | AP12: I | AQ12: I | AR12: I | AS12: I | AT12: ELEC | AU12: I | AV12: I | AW12: I | AX12: I | AY12: I | AZ12: I | BA12: I | BB12: I | BC12: I | BD12: I | BE12: II | BF12: ELEC | BG12: I | BH12: I | BI12: I | BJ12: I | BK12: ELEC
A13: =A12-1 -> 2006 | B13: I | C13: I | D13: I | E13: I | F13: II | G13: II | H13: II | I13: II | J13: ELEC | K13: II | L13: I | M13: II | N13: I | O13: I | P13: I | Q13: II | R13: II | S13: II | T13: ELEC | U13: II | V13: II | W13: I | X13: I | Y13: I | Z13: I | AA13: I | AB13: I | AC13: I | AD13: I | AE13: I | AF13: I | AG13: I | AH13: I | AI13: I | AJ13: I | AK13: I | AL13: I | AM13: I | AN13: I | AO13: I | AP13: I | AQ13: I | AR13: I | AS13: I | AT13: ELEC | AU13: I | AV13: I | AW13: I | AX13: I | AY13: I | AZ13: I | BA13: I | BB13: I | BC13: I | BD13: I | BE13: II | BF13: ELEC | BG13: I | BH13: I | BI13: I | BJ13: I | BK13: ELEC
A14: =A13-1 -> 2005 | B14: I | C14: I | D14: I | E14: I | F14: II | G14: II | H14: II | I14: II | J14: ELEC | K14: II | L14: I | M14: II | N14: I | O14: I | P14: I | Q14: II | R14: II | S14: II | T14: ELEC | U14: II | V14: II | W14: I | X14: I | Y14: I | Z14: I | AA14: I | AB14: I | AC14: I | AD14: I | AE14: I | AF14: I | AG14: I | AH14: I | AI14: I | AJ14: I | AK14: I | AL14: I | AM14: I | AN14: I | AO14: I | AP14: I | AQ14: I | AR14: I | AS14: I | AT14: ELEC | AU14: I | AV14: I | AW14: I | AX14: I | AY14: I | AZ14: I | BA14: I | BB14: I | BC14: I | BD14: I | BE14: II | BF14: ELEC | BG14: I | BH14: I | BI14: I | BJ14: I | BK14: ELEC
... A60: =A59-1 -> 1959 | B60: ECE 15/04 | C60: ECE 15/04 | D60: ECE 15/04 | E60: ECE 15/04 | F60: PRE | G60: PRE | H60: PRE | I60: PRE | J60: ELEC | K60: PRE | L60: ECE 15/04 | M60: PRE | N60: ECE 15/04 | O60: ECE 15/04 | P60: ECE 15/04 | Q60: PRE | R60: PRE | S60: PRE | T60: ELEC | U60: PRE | V60: PRE | W60: PRE | X60: PRE | Y60: PRE | Z60: PRE | AA60: PRE | AB60: PRE | AC60: PRE | AD60: PRE | AE60: ECE 15/04 | AF60: ECE 15/04 | AG60: ECE 15/04 | AH60: ECE 15/04 | AI60: ECE 15/04 | AJ60: ECE 15/04 | AK60: ECE 15/04 | AL60: ECE 15/04 | AM60: ECE 15/04 | AN60: PRE | AO60: PRE | AP60: PRE | AQ60: PRE | AR60: PRE | AS60: PRE | AT60: ELEC | AU60: PRE | AV60: PRE | AW60: PRE | AX60: ECE 15/04 | AY60: ECE 15/04 | AZ60: ECE 15/04 | BA60: PRE | BB60: PRE | BC60: ECE 15/04 | BD60: ECE 15/04 | BE60: PRE | BF60: ELEC | BG60: ECE 15/04 | BH60: ECE 15/04 | BI60: ECE 15/04 | BJ60: ECE 15/04 | BK60: ELEC

Sheet tech
A1: Year | B1: =metadata!B2 -> PC_MINI_G | C1: =metadata!B3 -> PC_SMALL_G | D1: =metadata!B4 -> PC_MEDIUM_G | E1: =metadata!B5 -> PC_SUV_G | F1: =metadata!B6 -> PC_MINI_D | G1: =metadata!B7 -> PC_SMALL_D | H1: =metadata!B8 -> PC_MEDIUM_D | I1: =metadata!B9 -> PC_SUV_D | J1: =metadata!B10 -> PC_ELEC | K1: =metadata!B11 -> PC_SMALL_HY | L1: =metadata!B12 -> TAXI_SMALL_G | M1: =metadata!B13 -> TAXI_SMALL_GLP | N1: =metadata!B14 -> LCV_NI_G | O1: =metadata!B15 -> LCV_NII_G | P1: =metadata!B16 -> LCV_NIII_G | Q1: =metadata!B17 -> LCV_NI_D | R1: =metadata!B18 -> LCV_NII_D | S1: =metadata!B19 -> LCV_NIII_D | T1: =metadata!B20 -> LCV_ELEC | U1: =metadata!B21 -> LCV_HY | V1: =metadata!B22 -> TRUCKS_RT_7_D | W1: =metadata!B23 -> TRUCKS_RT_7_12_D | X1: =metadata!B24 -> TRUCKS_RT_12_14_D | Y1: =metadata!B25 -> TRUCKS_RT_14_16_D | Z1: =metadata!B26 -> TRUCKS_RT_16_20_D | AA1: =metadata!B27 -> TRUCKS_RT_20_26_D | AB1: =metadata!B28 -> TRUCKS_RT_26_28_D | AC1: =metadata!B29 -> TRUCKS_RT_28_32_D | AD1: =metadata!B30 -> TRUCKS_RT_32_D | AE1: =metadata!B31 -> TRUCKS_RT_7_G | AF1: =metadata!B32 -> TRUCKS_RT_7_12_G | AG1: =metadata!B33 -> TRUCKS_RT_12_14_G | AH1: =metadata!B34 -> TRUCKS_RT_14_16_G | AI1: =metadata!B35 -> TRUCKS_RT_16_20_G | AJ1: =metadata!B36 -> TRUCKS_RT_20_26_G | AK1: =metadata!B37 -> TRUCKS_RT_26_28_G | AL1: =metadata!B38 -> TRUCKS_RT_28_32_G | AM1: =metadata!B39 -> TRUCKS_RT_32_G | AN1: =metadata!B40 -> TRUCKS_AT_16_20_D | AO1: =metadata!B41 -> TRUCKS_AT_20_28_D | AP1: =metadata!B42 -> TRUCKS_AT_28_34_D | AQ1: =metadata!B43 -> TRUCKS_AT_34_40_D | AR1: =metadata!B44 -> TRUCKS_AT_40_50_D | AS1: =metadata!B45 -> TRUCKS_AT_50_60_D | AT1: =metadata!B46 -> TRUCKS_ELEC | AU1: =metadata!B47 -> BUS_UB_15_D | AV1: =metadata!B48 -> BUS_UB_15_18_D | AW1: =metadata!B49 -> BUS_UB_18_D | AX1: =metadata!B50 -> BUS_UB_15_G | AY1: =metadata!B51 -> BUS_UB_15_18_G | AZ1: =metadata!B52 -> BUS_UB_18_G | BA1: =metadata!B53 -> BUS_COACH_17_D | BB1: =metadata!B54 -> BUS_COACH_18_D | BC1: =metadata!B55 -> BUS_COACH_17_G | BD1: =metadata!B56 -> BUS_COACH_18_G | BE1: =metadata!B57 -> BUS_UB_15_HY | BF1: =metadata!B58 -> BUS_ELEC | BG1: =metadata!B59 -> MC_2S_50_G | BH1: =metadata!B60 -> MC_4S_50_250_G | BI1: =metadata!B61 -> MC_4S_250_750_G | BJ1: =metadata!B62 -> MC_4S_750_G | BK1: =metadata!B63 -> MC_ELEC
A2: 2017 | B2: PFI | C2: PFI | D2: PFI | E2: PFI | F2: DPF | G2: DPF | H2: DPF | I2: DPF | J2: DPF | K2: DPF | L2: PFI | N2: PFI | O2: PFI | P2: PFI | Q2: DPF | R2: DPF | S2: DPF | T2: DPF | U2: DPF | V2: DPF | W2: DPF | X2: DPF | Y2: DPF | Z2: DPF | AA2: DPF | AB2: DPF | AC2: DPF | AD2: DPF | AE2: PFI | AF2: PFI | AG2: PFI | AH2: PFI | AI2: PFI | AJ2: PFI | AK2: PFI | AL2: PFI | AM2: PFI | AN2: DPF | AO2: DPF | AP2: DPF | AQ2: DPF | AR2: DPF | AS2: DPF | AT2: DPF | AU2: DPF | AV2: DPF | AW2: DPF | AX2: PFI | AY2: PFI | AZ2: PFI | BA2: DPF | BB2: DPF | BC2: PFI | BD2: PFI | BE2: PFI
A3: =A2-1 -> 2016 | B3: PFI | C3: PFI | D3: PFI | E3: PFI | F3: DPF | G3: DPF | H3: DPF | I3: DPF | J3: DPF | K3: DPF | L3: PFI | N3: PFI | O3: PFI | P3: PFI | Q3: DPF | R3: DPF | S3: DPF | T3: DPF | U3: DPF | V3: DPF | W3: DPF | X3: DPF | Y3: DPF | Z3: DPF | AA3: DPF | AB3: DPF | AC3: DPF | AD3: DPF | AE3: PFI | AF3: PFI | AG3: PFI | AH3: PFI | AI3: PFI | AJ3: PFI | AK3: PFI | AL3: PFI | AM3: PFI | AN3: DPF | AO3: DPF | AP3: DPF | AQ3: DPF | AR3: DPF | AS3: DPF | AT3: DPF | AU3: DPF | AV3: DPF | AW3: DPF | AX3: PFI | AY3: PFI | AZ3: PFI | BA3: DPF | BB3: DPF | BC3: PFI | BD3: PFI | BE3: PFI
A4: =A3-1 -> 2015 | B4: PFI | C4: PFI | D4: PFI | E4: PFI | F4: DPF | G4: DPF | H4: DPF | I4: DPF | J4: DPF | K4: DPF | L4: PFI | N4: PFI | O4: PFI | P4: PFI | Q4: DPF | R4: DPF | S4: DPF | T4: DPF | U4: DPF | V4: DPF | W4: DPF | X4: DPF | Y4: DPF | Z4: DPF | AA4: DPF | AB4: DPF | AC4: DPF | AD4: DPF | AE4: PFI | AF4: PFI | AG4: PFI | AH4: PFI | AI4: PFI | AJ4: PFI | AK4: PFI | AL4: PFI | AM4: PFI | AN4: DPF | AO4: DPF | AP4: DPF | AQ4: DPF | AR4: DPF | AS4: DPF | AT4: DPF | AU4: DPF | AV4: DPF | AW4: DPF | AX4: PFI | AY4: PFI | AZ4: PFI | BA4: DPF | BB4: DPF | BC4: PFI | BD4: PFI | BE4: PFI
A5: =A4-1 -> 2014 | B5: PFI | C5: PFI | D5: PFI | E5: PFI | F5: DPF | G5: DPF | H5: DPF | I5: DPF | J5: DPF | K5: DPF | L5: PFI | N5: PFI | O5: PFI | P5: PFI | Q5: DPF | R5: DPF | S5: DPF | T5: DPF | U5: DPF | V5: DPF | W5: DPF | X5: DPF | Y5: DPF | Z5: DPF | AA5: DPF | AB5: DPF | AC5: DPF | AD5: DPF | AE5: PFI | AF5: PFI | AG5: PFI | AH5: PFI | AI5: PFI | AJ5: PFI | AK5: PFI | AL5: PFI | AM5: PFI | AN5: DPF | AO5: DPF | AP5: DPF | AQ5: DPF | AR5: DPF | AS5: DPF | AT5: DPF | AU5: DPF | AV5: DPF | AW5: DPF | AX5: PFI | AY5: PFI | AZ5: PFI | BA5: DPF | BB5: DPF | BC5: PFI | BD5: PFI | BE5: PFI
A6: =A5-1 -> 2013 | B6: PFI | C6: PFI | D6: PFI | E6: PFI | F6: DPF | G6: DPF | H6: DPF | I6: DPF | J6: DPF | K6: DPF | L6: PFI | N6: PFI | O6: PFI | P6: PFI | Q6: DPF | R6: DPF | S6: DPF | T6: DPF | U6: DPF | V6: DPF | W6: DPF | X6: DPF | Y6: DPF | Z6: DPF | AA6: DPF | AB6: DPF | AC6: DPF | AD6: DPF | AE6: PFI | AF6: PFI | AG6: PFI | AH6: PFI | AI6: PFI | AJ6: PFI | AK6: PFI | AL6: PFI | AM6: PFI | AN6: DPF | AO6: DPF | AP6: DPF | AQ6: DPF | AR6: DPF | AS6: DPF | AT6: DPF | AU6: DPF | AV6: DPF | AW6: DPF | AX6: PFI | AY6: PFI | AZ6: PFI | BA6: DPF | BB6: DPF | BC6: PFI | BD6: PFI | BE6: PFI
A7: =A6-1 -> 2012
A8: =A7-1 -> 2011
A9: =A8-1 -> 2010
A10: =A9-1 -> 2009
A11: =A10-1 -> 2008
A12: =A11-1 -> 2007
A13: =A12-1 -> 2006
A14: =A13-1 -> 2005
A15: =A14-1 -> 2004
A16: =A15-1 -> 2003
A17: =A16-1 -> 2002
A18: =A17-1 -> 2001
... A60: =A59-1 -> 1959

Sheet met
A1: UF | B1: capitals | C1: variable | D1: value | E1: region | F1: Estados | G1: Temperature | H1: date | I1: Year | J1: Month
A2: EC | B2: MANIZALES | C2: X2017.01.01 | D2: 16 | E2: MANIZALES | F2: MANIZALES | G2: 16 | H2: 42736 | I2: 2017 | J2: 1
A3: EC | B3: MANIZALES | C3: X2017.02.01 | D3: 17 | E3: MANIZALES | F3: MANIZALES | G3: 17 | H3: 42767 | I3: 2017 | J3: 2
A4: EC | B4: MANIZALES | C4: X2017.03.01 | D4: 17 | E4: MANIZALES | F4: MANIZALES | G4: 17 | H4: 42795 | I4: 2017 | J4: 3
A5: EC | B5: MANIZALES | C5: X2017.04.01 | D5: 16 | E5: MANIZALES | F5: MANIZALES | G5: 16 | H5: 42826 | I5: 2017 | J5: 4
A6: EC | B6: MANIZALES | C6: X2017.05.01 | D6: 15.2 | E6: MANIZALES | F6: MANIZALES | G6: 15.2 | H6: 42856 | I6: 2017 | J6: 5
A7: EC | B7: MANIZALES | C7: X2017.06.01 | D7: 15.1 | E7: MANIZALES | F7: MANIZALES | G7: 15.1 | H7: 42887 | I7: 2017 | J7: 6
A8: EC | B8: MANIZALES | C8: X2017.07.01 | D8: 15 | E8: MANIZALES | F8: MANIZALES | G8: 15 | H8: 42917 | I8: 2017 | J8: 7
A9: EC | B9: MANIZALES | C9: X2017.08.01 | D9: 15.1 | E9: MANIZALES | F9: MANIZALES | G9: 15.1 | H9: 42948 | I9: 2017 | J9: 8
A10: EC | B10: MANIZALES | C10: X2017.09.01 | D10: 15.3 | E10: MANIZALES | F10: MANIZALES | G10: 15.3 | H10: 42979 | I10: 2017 | J10: 9
A11: EC | B11: MANIZALES | C11: X2017.10.01 | D11: 15.5 | E11: MANIZALES | F11: MANIZALES | G11: 15.5 | H11: 43009 | I11: 2017 | J11: 10
A12: EC | B12: MANIZALES | C12: X2017.11.01 | D12: 16 | E12: MANIZALES | F12: MANIZALES | G12: 16 | H12: 43040 | I12: 2017 | J12: 11
A13: EC | B13: MANIZALES | C13: X2017.12.01 | D13: 17 | E13: MANIZALES | F13: MANIZALES | G13: 17 | H13: 43070 | I13: 2017 | J13: 12

Sheet pmonth
A1: Month | B1: PC_MINI_G | C1: PC_SMALL_G | D1: PC_MEDIUM_G | E1: PC_SUV_G | F1: PC_MINI_D | G1: PC_SMALL_D | H1: PC_MEDIUM_D | I1: PC_SUV_D | J1: PC_ELEC | K1: PC_SMALL_HY | L1: TAXI_SMALL_G | M1: TAXI_SMALL_GLP | N1: LCV_NI_G | O1: LCV_NII_G | P1: LCV_NIII_G | Q1: LCV_NI_D | R1: LCV_NII_D | S1: LCV_NIII_D | T1: LCV_ELEC | U1: LCV_HY | V1: TRUCKS_RT_7_D | W1: TRUCKS_RT_7_12_D | X1: TRUCKS_RT_12_14_D | Y1: TRUCKS_RT_14_16_D | Z1: TRUCKS_RT_16_20_D | AA1: TRUCKS_RT_20_26_D | AB1: TRUCKS_RT_26_28_D | AC1: TRUCKS_RT_28_32_D | AD1: TRUCKS_RT_32_D | AE1: TRUCKS_RT_7_G | AF1: TRUCKS_RT_7_12_G | AG1: TRUCKS_RT_12_14_G | AH1: TRUCKS_RT_14_16_G | AI1: TRUCKS_RT_16_20_G | AJ1: TRUCKS_RT_20_26_G | AK1: TRUCKS_RT_26_28_G | AL1: TRUCKS_RT_28_32_G | AM1: TRUCKS_RT_32_G | AN1: TRUCKS_AT_16_20_D | AO1: TRUCKS_AT_20_28_D | AP1: TRUCKS_AT_28_34_D | AQ1: TRUCKS_AT_34_40_D | AR1: TRUCKS_AT_40_50_D | AS1: TRUCKS_AT_50_60_D | AT1: TRUCKS_ELEC | AU1: BUS_UB_15_D | AV1: BUS_UB_15_18_D | AW1: BUS_UB_18_D | AX1: BUS_UB_15_G | AY1: BUS_UB_15_18_G | AZ1: BUS_UB_18_G | BA1: BUS_COACH_17_D | BB1: BUS_COACH_18_D | BC1: BUS_COACH_17_G | BD1: BUS_COACH_18_G | BE1: BUS_UB_15_HY | BF1: BUS_ELEC | BG1: MC_2S_50_G | BH1: MC_4S_50_250_G | BI1: MC_4S_250_750_G | BJ1: MC_4S_750_G | BK1: MC_ELEC
A2: 1 | B2: 102632965 | C2: 102632965 | D2: 102632965 | E2: 102632965 | F2: 78333691 | G2: 78333691 | H2: 78333691 | I2: 78333691 | J2: 102632965 | K2: 102632965 | L2: 102632965 | M2: 102632965 | N2: 102632965 | O2: 102632965 | P2: 102632965 | Q2: 78333691 | R2: 78333691 | S2: 78333691 | T2: 78333691 | U2: 78333691 | V2: 78333691 | W2: 78333691 | X2: 78333691 | Y2: 78333691 | Z2: 78333691 | AA2: 78333691 | AB2: 78333691 | AC2: 78333691 | AD2: 78333691 | AE2: 102632965 | AF2: 102632965 | AG2: 102632965 | AH2: 102632965 | AI2: 102632965 | AJ2: 102632965 | AK2: 102632965 | AL2: 102632965 | AM2: 102632965 | AN2: 78333691 | AO2: 78333691 | AP2: 78333691 | AQ2: 78333691 | AR2: 78333691 | AS2: 78333691 | AT2: 78333691 | AU2: 78333691 | AV2: 78333691 | AW2: 78333691 | AX2: 102632965 | AY2: 102632965 | AZ2: 102632965 | BA2: 78333691 | BB2: 78333691 | BC2: 102632965 | BD2: 102632965 | BE2: 102632965 | BF2: 102632965 | BG2: 102632965 | BH2: 102632965 | BI2: 102632965 | BJ2: 102632965 | BK2: 102632965
A3: =A2+1 -> 2 | B3: 95920675 | C3: 95920675 | D3: 95920675 | E3: 95920675 | F3: 71921635 | G3: 71921635 | H3: 71921635 | I3: 71921635 | J3: 95920675 | K3: 95920675 | L3: 95920675 | M3: 95920675 | N3: 95920675 | O3: 95920675 | P3: 95920675 | Q3: 71921635 | R3: 71921635 | S3: 71921635 | T3: 71921635 | U3: 71921635 | V3: 71921635 | W3: 71921635 | X3: 71921635 | Y3: 71921635 | Z3: 71921635 | AA3: 71921635 | AB3: 71921635 | AC3: 71921635 | AD3: 71921635 | AE3: 95920675 | AF3: 95920675 | AG3: 95920675 | AH3: 95920675 | AI3: 95920675 | AJ3: 95920675 | AK3: 95920675 | AL3: 95920675 | AM3: 95920675 | AN3: 71921635 | AO3: 71921635 | AP3: 71921635 | AQ3: 71921635 | AR3: 71921635 | AS3: 71921635 | AT3: 71921635 | AU3: 71921635 | AV3: 71921635 | AW3: 71921635 | AX3: 95920675 | AY3: 95920675 | AZ3: 95920675 | BA3: 71921635 | BB3: 71921635 | BC3: 95920675 | BD3: 95920675 | BE3: 95920675 | BF3: 95920675 | BG3: 95920675 | BH3: 95920675 | BI3: 95920675 | BJ3: 95920675 | BK3: 95920675
A4: =A3+1 -> 3 | B4: 106368903 | C4: 106368903 | D4: 106368903 | E4: 106368903 | F4: 76205707 | G4: 76205707 | H4: 76205707 | I4: 76205707 | J4: 106368903 | K4: 106368903 | L4: 106368903 | M4: 106368903 | N4: 106368903 | O4: 106368903 | P4: 106368903 | Q4: 76205707 | R4: 76205707 | S4: 76205707 | T4: 76205707 | U4: 76205707 | V4: 76205707 | W4: 76205707 | X4: 76205707 | Y4: 76205707 | Z4: 76205707 | AA4: 76205707 | AB4: 76205707 | AC4: 76205707 | AD4: 76205707 | AE4: 106368903 | AF4: 106368903 | AG4: 106368903 | AH4: 106368903 | AI4: 106368903 | AJ4: 106368903 | AK4: 106368903 | AL4: 106368903 | AM4: 106368903 | AN4: 76205707 | AO4: 76205707 | AP4: 76205707 | AQ4: 76205707 | AR4: 76205707 | AS4: 76205707 | AT4: 76205707 | AU4: 76205707 | AV4: 76205707 | AW4: 76205707 | AX4: 106368903 | AY4: 106368903 | AZ4: 106368903 | BA4: 76205707 | BB4: 76205707 | BC4: 106368903 | BD4: 106368903 | BE4: 106368903 | BF4: 106368903 | BG4: 106368903 | BH4: 106368903 | BI4: 106368903 | BJ4: 106368903 | BK4: 106368903
A5: =A4+1 -> 4 | B5: 104245066 | C5: 104245066 | D5: 104245066 | E5: 104245066 | F5: 77557898 | G5: 77557898 | H5: 77557898 | I5: 77557898 | J5: 104245066 | K5: 104245066 | L5: 104245066 | M5: 104245066 | N5: 104245066 | O5: 104245066 | P5: 104245066 | Q5: 77557898 | R5: 77557898 | S5: 77557898 | T5: 77557898 | U5: 77557898 | V5: 77557898 | W5: 77557898 | X5: 77557898 | Y5: 77557898 | Z5: 77557898 | AA5: 77557898 | AB5: 77557898 | AC5: 77557898 | AD5: 77557898 | AE5: 104245066 | AF5: 104245066 | AG5: 104245066 | AH5: 104245066 | AI5: 104245066 | AJ5: 104245066 | AK5: 104245066 | AL5: 104245066 | AM5: 104245066 | AN5: 77557898 | AO5: 77557898 | AP5: 77557898 | AQ5: 77557898 | AR5: 77557898 | AS5: 77557898 | AT5: 77557898 | AU5: 77557898 | AV5: 77557898 | AW5: 77557898 | AX5: 104245066 | AY5: 104245066 | AZ5: 104245066 | BA5: 77557898 | BB5: 77557898 | BC5: 104245066 | BD5: 104245066 | BE5: 104245066 | BF5: 104245066 | BG5: 104245066 | BH5: 104245066 | BI5: 104245066 | BJ5: 104245066 | BK5: 104245066
A6: =A5+1 -> 5 | B6: 108543913 | C6: 108543913 | D6: 108543913 | E6: 108543913 | F6: 81648787 | G6: 81648787 | H6: 81648787 | I6: 81648787 | J6: 108543913 | K6: 108543913 | L6: 108543913 | M6: 108543913 | N6: 108543913 | O6: 108543913 | P6: 108543913 | Q6: 81648787 | R6: 81648787 | S6: 81648787 | T6: 81648787 | U6: 81648787 | V6: 81648787 | W6: 81648787 | X6: 81648787 | Y6: 81648787 | Z6: 81648787 | AA6: 81648787 | AB6: 81648787 | AC6: 81648787 | AD6: 81648787 | AE6: 108543913 | AF6: 108543913 | AG6: 108543913 | AH6: 108543913 | AI6: 108543913 | AJ6: 108543913 | AK6: 108543913 | AL6: 108543913 | AM6: 108543913 | AN6: 81648787 | AO6: 81648787 | AP6: 81648787 | AQ6: 81648787 | AR6: 81648787 | AS6: 81648787 | AT6: 81648787 | AU6: 81648787 | AV6: 81648787 | AW6: 81648787 | AX6: 108543913 | AY6: 108543913 | AZ6: 108543913 | BA6: 81648787 | BB6: 81648787 | BC6: 108543913 | BD6: 108543913 | BE6: 108543913 | BF6: 108543913 | BG6: 108543913 | BH6: 108543913 | BI6: 108543913 | BJ6: 108543913 | BK6: 108543913
A7: =A6+1 -> 6 | B7: 102249069 | C7: 102249069 | D7: 102249069 | E7: 102249069 | F7: 78407301 | G7: 78407301 | H7: 78407301 | I7: 78407301 | J7: 102249069 | K7: 102249069 | L7: 102249069 | M7: 102249069 | N7: 102249069 | O7: 102249069 | P7: 102249069 | Q7: 78407301 | R7: 78407301 | S7: 78407301 | T7: 78407301 | U7: 78407301 | V7: 78407301 | W7: 78407301 | X7: 78407301 | Y7: 78407301 | Z7: 78407301 | AA7: 78407301 | AB7: 78407301 | AC7: 78407301 | AD7: 78407301 | AE7: 102249069 | AF7: 102249069 | AG7: 102249069 | AH7: 102249069 | AI7: 102249069 | AJ7: 102249069 | AK7: 102249069 | AL7: 102249069 | AM7: 102249069 | AN7: 78407301 | AO7: 78407301 | AP7: 78407301 | AQ7: 78407301 | AR7: 78407301 | AS7: 78407301 | AT7: 78407301 | AU7: 78407301 | AV7: 78407301 | AW7: 78407301 | AX7: 102249069 | AY7: 102249069 | AZ7: 102249069 | BA7: 78407301 | BB7: 78407301 | BC7: 102249069 | BD7: 102249069 | BE7: 102249069 | BF7: 102249069 | BG7: 102249069 | BH7: 102249069 | BI7: 102249069 | BJ7: 102249069 | BK7: 102249069
A8: =A7+1 -> 7 | B8: 108254199 | C8: 108254199 | D8: 108254199 | E8: 108254199 | F8: 85380723 | G8: 85380723 | H8: 85380723 | I8: 85380723 | J8: 108254199 | K8: 108254199 | L8: 108254199 | M8: 108254199 | N8: 108254199 | O8: 108254199 | P8: 108254199 | Q8: 85380723 | R8: 85380723 | S8: 85380723 | T8: 85380723 | U8: 85380723 | V8: 85380723 | W8: 85380723 | X8: 85380723 | Y8: 85380723 | Z8: 85380723 | AA8: 85380723 | AB8: 85380723 | AC8: 85380723 | AD8: 85380723 | AE8: 108254199 | AF8: 108254199 | AG8: 108254199 | AH8: 108254199 | AI8: 108254199 | AJ8: 108254199 | AK8: 108254199 | AL8: 108254199 | AM8: 108254199 | AN8: 85380723 | AO8: 85380723 | AP8: 85380723 | AQ8: 85380723 | AR8: 85380723 | AS8: 85380723 | AT8: 85380723 | AU8: 85380723 | AV8: 85380723 | AW8: 85380723 | AX8: 108254199 | AY8: 108254199 | AZ8: 108254199 | BA8: 85380723 | BB8: 85380723 | BC8: 108254199 | BD8: 108254199 | BE8: 108254199 | BF8: 108254199 | BG8: 108254199 | BH8: 108254199 | BI8: 108254199 | BJ8: 108254199 | BK8: 108254199
A9: =A8+1 -> 8 | B9: 111422921 | C9: 111422921 | D9: 111422921 | E9: 111422921 | F9: 86610087 | G9: 86610087 | H9: 86610087 | I9: 86610087 | J9: 111422921 | K9: 111422921 | L9: 111422921 | M9: 111422921 | N9: 111422921 | O9: 111422921 | P9: 111422921 | Q9: 86610087 | R9: 86610087 | S9: 86610087 | T9: 86610087 | U9: 86610087 | V9: 86610087 | W9: 86610087 | X9: 86610087 | Y9: 86610087 | Z9: 86610087 | AA9: 86610087 | AB9: 86610087 | AC9: 86610087 | AD9: 86610087 | AE9: 111422921 | AF9: 111422921 | AG9: 111422921 | AH9: 111422921 | AI9: 111422921 | AJ9: 111422921 | AK9: 111422921 | AL9: 111422921 | AM9: 111422921 | AN9: 86610087 | AO9: 86610087 | AP9: 86610087 | AQ9: 86610087 | AR9: 86610087 | AS9: 86610087 | AT9: 86610087 | AU9: 86610087 | AV9: 86610087 | AW9: 86610087 | AX9: 111422921 | AY9: 111422921 | AZ9: 111422921 | BA9: 86610087 | BB9: 86610087 | BC9: 111422921 | BD9: 111422921 | BE9: 111422921 | BF9: 111422921 | BG9: 111422921 | BH9: 111422921 | BI9: 111422921 | BJ9: 111422921 | BK9: 111422921
A10: =A9+1 -> 9 | B10: 102744148 | C10: 102744148 | D10: 102744148 | E10: 102744148 | F10: 82320986 | G10: 82320986 | H10: 82320986 | I10: 82320986 | J10: 102744148 | K10: 102744148 | L10: 102744148 | M10: 102744148 | N10: 102744148 | O10: 102744148 | P10: 102744148 | Q10: 82320986 | R10: 82320986 | S10: 82320986 | T10: 82320986 | U10: 82320986 | V10: 82320986 | W10: 82320986 | X10: 82320986 | Y10: 82320986 | Z10: 82320986 | AA10: 82320986 | AB10: 82320986 | AC10: 82320986 | AD10: 82320986 | AE10: 102744148 | AF10: 102744148 | AG10: 102744148 | AH10: 102744148 | AI10: 102744148 | AJ10: 102744148 | AK10: 102744148 | AL10: 102744148 | AM10: 102744148 | AN10: 82320986 | AO10: 82320986 | AP10: 82320986 | AQ10: 82320986 | AR10: 82320986 | AS10: 82320986 | AT10: 82320986 | AU10: 82320986 | AV10: 82320986 | AW10: 82320986 | AX10: 102744148 | AY10: 102744148 | AZ10: 102744148 | BA10: 82320986 | BB10: 82320986 | BC10: 102744148 | BD10: 102744148 | BE10: 102744148 | BF10: 102744148 | BG10: 102744148 | BH10: 102744148 | BI10: 102744148 | BJ10: 102744148 | BK10: 102744148
A11: =A10+1 -> 10 | B11: 96792174 | C11: 96792174 | D11: 96792174 | E11: 96792174 | F11: 74832328 | G11: 74832328 | H11: 74832328 | I11: 74832328 | J11: 96792174 | K11: 96792174 | L11: 96792174 | M11: 96792174 | N11: 96792174 | O11: 96792174 | P11: 96792174 | Q11: 74832328 | R11: 74832328 | S11: 74832328 | T11: 74832328 | U11: 74832328 | V11: 74832328 | W11: 74832328 | X11: 74832328 | Y11: 74832328 | Z11: 74832328 | AA11: 74832328 | AB11: 74832328 | AC11: 74832328 | AD11: 74832328 | AE11: 96792174 | AF11: 96792174 | AG11: 96792174 | AH11: 96792174 | AI11: 96792174 | AJ11: 96792174 | AK11: 96792174 | AL11: 96792174 | AM11: 96792174 | AN11: 74832328 | AO11: 74832328 | AP11: 74832328 | AQ11: 74832328 | AR11: 74832328 | AS11: 74832328 | AT11: 74832328 | AU11: 74832328 | AV11: 74832328 | AW11: 74832328 | AX11: 96792174 | AY11: 96792174 | AZ11: 96792174 | BA11: 74832328 | BB11: 74832328 | BC11: 96792174 | BD11: 96792174 | BE11: 96792174 | BF11: 96792174 | BG11: 96792174 | BH11: 96792174 | BI11: 96792174 | BJ11: 96792174 | BK11: 96792174
A12: =A11+1 -> 11 | B12: 104645989 | C12: 104645989 | D12: 104645989 | E12: 104645989 | F12: 83678709 | G12: 83678709 | H12: 83678709 | I12: 83678709 | J12: 104645989 | K12: 104645989 | L12: 104645989 | M12: 104645989 | N12: 104645989 | O12: 104645989 | P12: 104645989 | Q12: 83678709 | R12: 83678709 | S12: 83678709 | T12: 83678709 | U12: 83678709 | V12: 83678709 | W12: 83678709 | X12: 83678709 | Y12: 83678709 | Z12: 83678709 | AA12: 83678709 | AB12: 83678709 | AC12: 83678709 | AD12: 83678709 | AE12: 104645989 | AF12: 104645989 | AG12: 104645989 | AH12: 104645989 | AI12: 104645989 | AJ12: 104645989 | AK12: 104645989 | AL12: 104645989 | AM12: 104645989 | AN12: 83678709 | AO12: 83678709 | AP12: 83678709 | AQ12: 83678709 | AR12: 83678709 | AS12: 83678709 | AT12: 83678709 | AU12: 83678709 | AV12: 83678709 | AW12: 83678709 | AX12: 104645989 | AY12: 104645989 | AZ12: 104645989 | BA12: 83678709 | BB12: 83678709 | BC12: 104645989 | BD12: 104645989 | BE12: 104645989 | BF12: 104645989 | BG12: 104645989 | BH12: 104645989 | BI12: 104645989 | BJ12: 104645989 | BK12: 104645989
A13: =A12+1 -> 12 | B13: 114549531 | C13: 114549531 | D13: 114549531 | E13: 114549531 | F13: 86255454 | G13: 86255454 | H13: 86255454 | I13: 86255454 | J13: 114549531 | K13: 114549531 | L13: 114549531 | M13: 114549531 | N13: 114549531 | O13: 114549531 | P13: 114549531 | Q13: 86255454 | R13: 86255454 | S13: 86255454 | T13: 86255454 | U13: 86255454 | V13: 86255454 | W13: 86255454 | X13: 86255454 | Y13: 86255454 | Z13: 86255454 | AA13: 86255454 | AB13: 86255454 | AC13: 86255454 | AD13: 86255454 | AE13: 114549531 | AF13: 114549531 | AG13: 114549531 | AH13: 114549531 | AI13: 114549531 | AJ13: 114549531 | AK13: 114549531 | AL13: 114549531 | AM13: 114549531 | AN13: 86255454 | AO13: 86255454 | AP13: 86255454 | AQ13: 86255454 | AR13: 86255454 | AS13: 86255454 | AT13: 86255454 | AU13: 86255454 | AV13: 86255454 | AW13: 86255454 | AX13: 114549531 | AY13: 114549531 | AZ13: 114549531 | BA13: 86255454 | BB13: 86255454 | BC13: 114549531 | BD13: 114549531 | BE13: 114549531 | BF13: 114549531 | BG13: 114549531 | BH13: 114549531 | BI13: 114549531 | BJ13: 114549531 | BK13: 114549531

Sheet fuel_spec
A1: fuel | B1: parameter | C1: definition | D1: value
A2: G | B2: e100 | C2: Mid range volatility in | D2: 52
A3: G | B3: aro | C3: Aromatics content in | D3: 39
A4: G | B4: o2 | C4: Oxygenates | D4: 0.4
A5: G | B5: e150 | C5: Tail-end volatility in | D5: 86
A6: G | B6: olefin | C6: Olefins content in | D6: 10
A7: G | B7: s | C7: Sulphur content in ppm | D7: 50
A8: D | B8: den | C8: Density at 15 C (kg/m3) | D8: 840
A9: D | B9: pah | C9: Aromatics content in | D9: 9
A10: D | B10: cn | C10: Cetane number | D10: 51
A11: D | B11: t95 | C11: Back-end distillation in o C. | D11: 350
A12: D | B12: s | C12: Sulphur content in ppm | D12: 250

Sheet base_fleet
A1: MODELO | B1: PC_MEDIUM_DIESEL | C1: PC_MEDIUM_ELECTRICO | D1: PC_MEDIUM_GASOLINA | E1: PC_MEDIUM_HIBRIDO | F1: PC_MINI_DIESEL | G1: PC_MINI_ELECTRICO | H1: PC_MINI_GASOLINA | I1: PC_MINI_GLP | J1: PC_MINI_HIBRIDO | K1: PC_SMALL_DIESEL | L1: PC_SMALL_ELECTRICO | M1: PC_SMALL_GASOLINA | N1: PC_SMALL_GLP | O1: PC_SMALL_HIBRIDO | P1: SUV__DIESEL | Q1: SUV__ELECTRICO | R1: SUV__GASOLINA | S1: SUV__GLP | T1: SUV__HIBRIDO | U1: LCV_N1-III_DIESEL | V1: LCV_N1-III_GASOLINA | W1: LCV_N1-III_GLP | X1: LCV_N1-III_HIBRIDO | Y1: LCV_N1-II_DIESEL | Z1: LCV_N1-II_ELECTRICO | AA1: LCV_N1-II_GASOLINA | AB1: LCV_N1-II_GLP | AC1: LCV_N1-II_HIBRIDO | AD1: LCV_N1-I_DIESEL | AE1: LCV_N1-I_ELECTRICO | AF1: LCV_N1-I_GASOLINA | AG1: LCV_N1-I_GLP | AH1: LCV_N1-I_HIBRIDO | AI1: TRUCKS_RT_<=7.5_DIESEL | AJ1: TRUCKS_RT_<=7.5_ELECTRICO | AK1: TRUCKS_RT_<=7.5_GASOLINA | AL1: TRUCKS_RT_<=7.5_HIBRIDO | AM1: TRUCKS_RT_7.5-12_DIESEL | AN1: TRUCKS_RT_7.5-12_ELECTRICO | AO1: TRUCKS_RT_7.5-12_GASOLINA | AP1: TRUCKS_RT_12-14_DIESEL | AQ1: TRUCKS_RT_12-14_ELECTRICO | AR1: TRUCKS_RT_12-14_GASOLINA | AS1: TRUCKS_RT_14-16_DIESEL | AT1: TRUCKS_RT_14-16_GASOLINA | AU1: TRUCKS_RT_16-20_DIESEL | AV1: TRUCKS_RT_16-20_GASOLINA | AW1: TRUCKS_RT_20-26_DIESEL | AX1: TRUCKS_RT_20-26_GASOLINA | AY1: TRUCKS_RT_26-28_DIESEL | AZ1: TRUCKS_RT_26-28_GASOLINA | BA1: TRUCKS_RT_26-32_DIESEL | BB1: TRUCKS_RT_>32_DIESEL | BC1: TRUCKS_RT_26-32_GASOLINA | BD1: TRUCKS_AT_16-20_DIESEL | BE1: TRUCKS_AT_20-28_DIESEL | BF1: TRUCKS_AT_28-34_DIESEL | BG1: TRUCKS_AT_34-40_DIESEL | BH1: TRUCKS_AT_40-50_DIESEL | BI1: TRUCKS_AT_50-60_DIESEL | BJ1: BUS_UB_15-18_DIESEL | BK1: BUS_UB_15-18_GASOLINA | BL1: BUS_UB_<15t_DIESEL | BM1: BUS_UB_<15t_GASOLINA | BN1: BUS_UB_>=18_DIESEL | BO1: BUS_UB_>=18_GASOLINA | BP1: BUS_COACH_<18t_DIESEL | BQ1: BUS_COACH_<18t_GASOLINA | BR1: BUS_COACH_>=18_DIESEL | BS1: BUS_COACH_>=18_GASOLINA | BT1: MOTORCYCLES_250-750cc_DIESEL | BU1: MOTORCYCLES_250-750cc_ELECTRICO | BV1: MOTORCYCLES_250-750cc_GASOLINA | BW1: MOTORCYCLES_250-750cc_GLP | BX1: MOTORCYCLES_250-750cc_HIBRIDO | BY1: MOTORCYCLES_50-250cc_DIESEL | BZ1: MOTORCYCLES_50-250cc_ELECTRICO | CA1: MOTORCYCLES_50-250cc_GASOLINA | CB1: MOTORCYCLES_50-250cc_GLP | CC1: MOTORCYCLES_50-250cc_HIBRIDO | CD1: MOTORCYCLES_<=50cc_ELECTRICO | CE1: MOTORCYCLES_<=50cc_GASOLINA | CF1: MOTORCYCLES_<=50cc_GLP | CG1: MOTORCYCLES_>750cc_DIESEL | CH1: MOTORCYCLES_>750cc_GASOLINA
A2: 2019 | B2: 1 | D2: 1572 | E2: 5 | F2: 116 | G2: 1 | H2: 18575 | I2: 1 | J2: 142 | K2: 505 | L2: 3 | M2: 39778 | O2: 1467 | P2: 319 | R2: 14447 | T2: 4 | U2: 299 | V2: 221 | Y2: 148 | AA2: 85 | AD2: 2749 | AF2: 2027 | AI2: 2524 | AM2: 297 | AP2: 80 | AS2: 24 | AU2: 99 | AW2: 4 | AY2: 17 | BB2: 18 | BD2: 174 | BE2: 109 | BF2: 1 | BG2: 20 | BH2: 98 | BI2: 5 | BJ2: 30.6 | BK2: 0.85 | BL2: 417.35 | BN2: 17 | BP2: 184.35 | BQ2: 1.95 | BR2: 5.25 | BS2: 0.15 | BV2: 66 | CA2: 31369
A3: 2018 | B3: 15 | D3: 891 | E3: 7 | F3: 25 | H3: 8602 | J3: 124 | K3: 281 | M3: 25687 | N3: 1 | O3: 1403 | P3: 648 | Q3: 6 | R3: 39723 | T3: 23 | U3: 974 | V3: 946 | Y3: 728 | AA3: 605 | AD3: 12345 | AE3: 7 | AF3: 9033 | AI3: 3968 | AK3: 90 | AM3: 455 | AO3: 1 | AP3: 246 | AS3: 111 | AU3: 256 | AW3: 19 | AY3: 68 | BA3: 1 | BB3: 29 | BD3: 304 | BE3: 236 | BF3: 4 | BG3: 14 | BH3: 261 | BI3: 22 | BJ3: 232.9 | BK3: 1.7 | BL3: 1114.35 | BM3: 1.7 | BN3: 123.25 | BO3: 0.85 | BP3: 217.65 | BQ3: 1.8 | BR3: 4.5 | BU3: 56 | BV3: 767 | BZ3: 12 | CA3: 102301 | CB3: 1 | CD3: 1 | CE3: 19 | CH3: 4
A4: 2017 | C4: 25 | D4: 106 | E4: 13 | F4: 1 | G4: 6 | H4: 5522 | J4: 9 | K4: 10 | L4: 56 | M4: 16474 | O4: 1526 | P4: 525 | R4: 24392 | T4: 23 | U4: 493 | V4: 435 | Y4: 552 | AA4: 488 | AD4: 8926 | AF4: 4790 | AH4: 2 | AI4: 2936 | AK4: 9 | AM4: 342 | AP4: 222 | AS4: 73 | AU4: 203 | AW4: 15 | AY4: 32 | BB4: 4 | BD4: 164 | BE4: 90 | BF4: 1 | BG4: 22 | BH4: 71 | BI4: 7 | BJ4: 302.6 | BL4: 1210.4 | BM4: 3.4 | BN4: 66.3 | BP4: 224.1 | BQ4: 1.8 | BR4: 0.15 | BU4: 68 | BV4: 1485 | BW4: 1 | BZ4: 6 | CA4: 73869 | CB4: 2 | CD4: 2 | CE4: 3 | CH4: 2
A5: 2016 | B5: 1 | D5: 201 | E5: 2 | F5: 1 | G5: 3 | H5: 4030 | J5: 1 | K5: 193 | L5: 33 | M5: 14052 | O5: 502 | P5: 460 | Q5: 7 | R5: 14707 | S5: 1 | T5: 48 | U5: 801 | V5: 365 | Y5: 353 | AA5: 390 | AD5: 5916 | AF5: 2649 | AI5: 1045 | AK5: 13 | AM5: 159 | AO5: 1 | AP5: 18 | AS5: 45 | AU5: 43 | AW5: 10 | AY5: 8 | BB5: 1 | BD5: 21 | BE5: 1 | BH5: 1 | BJ5: 75.65 | BL5: 939.25 | BM5: 1.7 | BN5: 17 | BP5: 162.15 | BQ5: 1.35 | BR5: 1.35 | BU5: 4 | BV5: 465 | BZ5: 2 | CA5: 37270
A6: 2015 | B6: 2 | D6: 36 | F6: 1 | H6: 9792 | J6: 8 | K6: 15 | L6: 2 | M6: 25052 | O6: 667 | P6: 123 | Q6: 66 | R6: 12476 | S6: 1 | T6: 42 | U6: 961 | V6: 1085 | Y6: 192 | AA6: 293 | AD6: 4351 | AE6: 3 | AF6: 3757 | AG6: 1 | AH6: 1 | AI6: 3185 | AJ6: 1 | AK6: 45 | AM6: 328 | AO6: 3 | AP6: 81 | AS6: 200 | AU6: 165 | AV6: 2 | AW6: 18 | AY6: 19 | AZ6: 1 | BB6: 2 | BD6: 118 | BE6: 112 | BF6: 3 | BG6: 14 | BH6: 46 | BI6: 11 | BJ6: 135.15 | BK6: 0.85 | BL6: 1212.95 | BM6: 9.35 | BN6: 61.2 | BP6: 169.65 | BQ6: 1.35 | BR6: 0.3 | BU6: 1 | BV6: 86 | CA6: 24810 | CE6: 6 | CH6: 2
A7: 2014 | B7: 2 | D7: 78 | F7: 1 | H7: 15449 | J7: 3 | K7: 25 | M7: 17959 | N7: 1 | O7: 76 | P7: 93 | Q7: 2 | R7: 24529 | S7: 2 | T7: 6 | U7: 1991 | V7: 1496 | W7: 1 | Y7: 648 | AA7: 886 | AD7: 8830 | AF7: 7747 | AG7: 1 | AH7: 1 | AI7: 6124 | AK7: 60 | AM7: 1072 | AO7: 5 | AP7: 197 | AR7: 2 | AS7: 591 | AT7: 2 | AU7: 495 | AV7: 5 | AW7: 162 | AY7: 207 | AZ7: 4 | BA7: 2 | BB7: 8 | BD7: 224 | BE7: 661 | BF7: 7 | BG7: 174 | BH7: 307 | BI7: 5 | BJ7: 112.2 | BL7: 1134.75 | BM7: 10.2 | BN7: 68 | BP7: 198.6 | BQ7: 1.65 | BR7: 2.85 | BV7: 127 | BY7: 2 | CA7: 53787 | CB7: 2 | CC7: 1 | CE7: 67 | CH7: 4
A8: 2013 | B8: 2 | D8: 64 | F8: 3 | H8: 20796 | I8: 1 | J8: 73 | K8: 30 | M8: 20890 | O8: 254 | P8: 74 | Q8: 1 | R8: 21361 | S8: 1 | T8: 15 | U8: 1266 | V8: 1226 | Y8: 745 | AA8: 731 | AC8: 1 | AD8: 7922 | AF8: 7038 | AG8: 1 | AI8: 4776 | AK8: 17 | AM8: 588 | AO8: 3 | AP8: 259 | AS8: 128 | AU8: 501 | AV8: 2 | AW8: 131 | AX8: 2 | AY8: 136 | BA8: 59 | BB8: 17 | BC8: 1 | BD8: 217 | BE8: 552 | BF8: 16 | BG8: 174 | BH8: 183 | BI8: 8 | BJ8: 281.35 | BL8: 1153.45 | BM8: 1.7 | BN8: 24.65 | BP8: 114.15 | BQ8: 1.05 | BR8: 0.45 | BV8: 365 | BY8: 2 | BZ8: 5 | CA8: 46591 | CE8: 35 | CH8: 10
A9: 2012 | B9: 1 | D9: 64 | E9: 14 | F9: 6 | H9: 17643 | J9: 119 | K9: 35 | M9: 26385 | N9: 2 | O9: 131 | P9: 124 | Q9: 1 | R9: 23514 | T9: 8 | U9: 456 | V9: 569 | Y9: 908 | Z9: 1 | AA9: 1400 | AD9: 9792 | AE9: 2 | AF9: 12369 | AI9: 5860 | AK9: 50 | AM9: 532 | AO9: 6 | AP9: 335 | AQ9: 1 | AR9: 1 | AS9: 126 | AT9: 1 | AU9: 412 | AV9: 1 | AW9: 343 | AX9: 6 | AY9: 112 | BA9: 62 | BB9: 69 | BD9: 219 | BE9: 523 | BF9: 15 | BG9: 163 | BH9: 213 | BJ9: 272 | BL9: 848.3 | BM9: 2.55 | BN9: 10.2 | BP9: 230.7 | BQ9: 2.1 | BR9: 2.7 | BT9: 6 | BU9: 4 | BV9: 398 | BX9: 1 | BY9: 61 | CA9: 34545 | CB9: 2 | CE9: 11 | CH9: 31
A10: 2011 | B10: 1 | D10: 172 | E10: 5 | F10: 18 | G10: 1 | H10: 16182 | I10: 1 | J10: 40 | K10: 100 | M10: 33938 | N10: 3 | O10: 129 | P10: 81 | Q10: 1 | R10: 22476 | S10: 3 | T10: 67 | U10: 586 | V10: 246 | Y10: 696 | AA10: 2066 | AB10: 1 | AD10: 7033 | AF10: 11933 | AG10: 2 | AH10: 1 | AI10: 4794 | AK10: 50 | AM10: 688 | AO10: 4 | AP10: 607 | AR10: 4 | AS10: 81 | AU10: 304 | AV10: 1 | AW10: 311 | AX10: 4 | AY10: 9 | BA10: 13 | BB10: 36 | BD10: 243 | BE10: 338 | BF10: 28 | BG10: 159 | BH10: 180 | BI10: 2 | BJ10: 165.75 | BK10: 2.55 | BL10: 935 | BM10: 4.25 | BN10: 4.25 | BP10: 194.25 | BQ10: 1.2 | BR10: 0.75 | BV10: 318 | BY10: 5 | BZ10: 1 | CA10: 36287 | CB10: 2 | CE10: 4 | CH10: 1
A11: 2010 | B11: 3 | D11: 11 | E11: 1 | F11: 15 | H11: 11486 | I11: 3 | J11: 259 | K11: 116 | M11: 17566 | O11: 517 | P11: 135 | Q11: 2 | R11: 25762 | S11: 1 | T11: 377 | U11: 758 | V11: 184 | Y11: 914 | AA11: 1114 | AC11: 2 | AD11: 9413 | AF11: 13738 | AG11: 1 | AH11: 71 | AI11: 4665 | AK11: 72 | AM11: 962 | AO11: 5 | AP11: 450 | AR11: 2 | AS11: 125 | AT11: 3 | AU11: 243 | AV11: 1 | AW11: 80 | AX11: 1 | AY11: 34 | BA11: 22 | BB11: 12 | BD11: 217 | BE11: 343 | BF11: 34 | BG11: 96 | BH11: 75 | BJ11: 285.6 | BK11: 1.7 | BL11: 1021.7 | BM11: 10.2 | BN11: 15.3 | BP11: 197.7 | BQ11: 0.45 | BR11: 1.8 | BV11: 50 | BY11: 6 | BZ11: 1 | CA11: 22764 | CE11: 5 | CG11: 1 | CH11: 3
A12: 2009 | B12: 2 | D12: 9 | F12: 46 | H12: 16179 | I12: 2 | J12: 2 | K12: 125 | M12: 17772 | O12: 22 | P12: 604 | Q12: 4 | R12: 18996 | S12: 6 | T12: 1595 | U12: 344 | V12: 144 | Y12: 539 | AA12: 710 | AD12: 5850 | AF12: 11742 | AH12: 32 | AI12: 2385 | AK12: 39 | AM12: 567 | AO12: 5 | AP12: 404 | AR12: 1 | AS12: 226 | AT12: 3 | AU12: 256 | AW12: 119 | AX12: 1 | AY12: 9 | BA12: 17 | BB12: 15 | BD12: 176 | BE12: 206 | BF12: 31 | BG12: 92 | BH12: 58 | BJ12: 37.4 | BL12: 609.45 | BM12: 5.95 | BN12: 2.55 | BP12: 253.2 | BQ12: 0.3 | BR12: 4.35 | BV12: 65 | CA12: 18274 | CB12: 5 | CE12: 1
A13: 2008 | B13: 1 | D13: 5 | F13: 91 | G13: 1 | H13: 13810 | I13: 1 | K13: 216 | L13: 1 | M13: 12778 | O13: 4 | P13: 929 | Q13: 6 | R13: 19637 | S13: 2 | T13: 147 | U13: 477 | V13: 234 | X13: 4 | Y13: 1075 | Z13: 1 | AA13: 1279 | AC13: 3 | AD13: 8180 | AE13: 1 | AF13: 13093 | AG13: 1 | AH13: 15 | AI13: 4624 | AK13: 58 | AL13: 1 | AM13: 767 | AO13: 10 | AP13: 590 | AR13: 3 | AS13: 237 | AT13: 3 | AU13: 421 | AV13: 3 | AW13: 216 | AX13: 2 | AY13: 27 | BA13: 72 | BB13: 31 | BD13: 207 | BE13: 162 | BF13: 115 | BG13: 134 | BH13: 71 | BI13: 1 | BJ13: 107.95 | BL13: 1017.45 | BM13: 9.35 | BN13: 16.15 | BP13: 220.05 | BQ13: 1.8 | BR13: 12 | BV13: 100 | BY13: 2 | CA13: 14436 | CB13: 1
A14: 2007 | B14: 2 | D14: 13 | F14: 125 | G14: 1 | H14: 16222 | I14: 9 | K14: 196 | M14: 13904 | P14: 955 | R14: 11998 | S14: 1 | T14: 1 | U14: 295 | V14: 207 | Y14: 815 | AA14: 1780 | AB14: 2 | AD14: 3603 | AF14: 11246 | AG14: 1 | AI14: 4223 | AJ14: 1 | AK14: 60 | AM14: 616 | AO14: 4 | AP14: 550 | AR14: 2 | AS14: 152 | AT14: 3 | AU14: 252 | AV14: 3 | AW14: 112 | AX14: 2 | AY14: 7 | BA14: 45 | BB14: 23 | BD14: 143 | BE14: 119 | BF14: 80 | BG14: 54 | BH14: 49 | BJ14: 43.35 | BK14: 0.85 | BL14: 918 | BM14: 6.8 | BN14: 1.7 | BP14: 237.9 | BQ14: 1.8 | BR14: 10.8 | BV14: 92 | BY14: 2 | CA14: 12951 | CC14: 1 | CE14: 146 | CH14: 1
A15: 2006 | D15: 51 | F15: 27 | H15: 13552 | I15: 17 | K15: 87 | L15: 1 | M15: 17057 | N15: 6 | O15: 1 | P15: 1365 | R15: 12471 | S15: 2 | T15: 1 | U15: 206 | V15: 197 | W15: 1 | Y15: 342 | AA15: 1521 | AD15: 2611 | AF15: 12755 | AG15: 1 | AI15: 4542 | AK15: 71 | AM15: 633 | AO15: 7 | AP15: 313 | AR15: 3 | AS15: 117 | AT15: 2 | AU15: 195 | AV15: 5 | AW15: 36 | AY15: 1 | BA15: 39 | BB15: 14 | BD15: 100 | BE15: 57 | BF15: 41 | BG15: 44 | BH15: 58 | BJ15: 189.55 | BL15: 729.3 | BM15: 7.65 | BN15: 7.65 | BP15: 179.1 | BQ15: 0.3 | BR15: 3 | BV15: 78 | BY15: 2 | CA15: 8597 | CB15: 2 | CE15: 834 | CF15: 1
A16: 2005 | B16: 2 | D16: 10 | F16: 2 | H16: 1620 | I16: 1 | K16: 63 | M16: 25829 | P16: 1080 | R16: 8744 | S16: 5 | U16: 101 | V16: 429 | Y16: 232 | AA16: 906 | AD16: 2421 | AF16: 11361 | AG16: 4 | AH16: 1 | AI16: 3215 | AK16: 65 | AM16: 673 | AN16: 1 | AO16: 8 | AP16: 151 | AS16: 114 | AT16: 2 | AU16: 228 | AV16: 2 | AW16: 45 | AY16: 3 | BA16: 13 | BB16: 13 | BD16: 107 | BE16: 89 | BF16: 17 | BG16: 49 | BH16: 30 | BI16: 1 | BJ16: 368.9 | BK16: 0.85 | BL16: 901 | BM16: 9.35 | BN16: 0.85 | BP16: 267 | BQ16: 0.6 | BR16: 11.7 | BV16: 55 | CA16: 8126 | CB16: 2 | CE16: 1079 | CH16: 1
A17: 2004 | B17: 1 | D17: 10 | H17: 322 | K17: 46 | M17: 17829 | P17: 666 | R17: 7739 | U17: 112 | V17: 763 | Y17: 296 | AA17: 171 | AD17: 2084 | AF17: 10904 | AG17: 2 | AI17: 2494 | AK17: 58 | AM17: 710 | AO17: 12 | AP17: 66 | AS17: 178 | AT17: 4 | AU17: 112 | AV17: 2 | AW17: 34 | AX17: 1 | AY17: 3 | BA17: 6 | BB17: 3 | BD17: 74 | BE17: 55 | BF17: 20 | BG17: 25 | BH17: 5 | BJ17: 238.85 | BL17: 994.5 | BM17: 10.2 | BN17: 25.5 | BP17: 237.75 | BQ17: 0.6 | BR17: 21.75 | BS17: 0.15 | BV17: 30 | CA17: 3843 | CB17: 1 | CE17: 494
P18: 86 | R18: 5891 | U18: 175 | V18: 725 | Y18: 208 | AA18: 190 | AD18: 1876 | AE18: 1 | AF18: 8886 | AI18: 1988 | AK18: 63 | AM18: 497 | AO18: 10 | AP18: 32 | AS18: 109 | AT18: 1 | AU18: 76 | AV18: 1 | AW18: 14 | AX18: 1 | AY18: 2 | BA18: 4 | BB18: 1 | BD18: 61 | BE18: 29 | BF18: 19 | BG18: 12 | BH18: 4 | BJ18: 87.55 | BL18: 957.1 | BM18: 11.05 | BN18: 29.75 | BO18: 0.85 | BP18: 79.05 | BQ18: 0.15 | BR18: 3 | BV18: 19 | CA18: 3085 | CB18: 2 | CE18: 449

Sheet im_ok
A1: Year | B1: =metadata!B2 -> PC_MINI_G | C1: =metadata!B3 -> PC_SMALL_G | D1: =metadata!B4 -> PC_MEDIUM_G | E1: =metadata!B5 -> PC_SUV_G | F1: =metadata!B6 -> PC_MINI_D | G1: =metadata!B7 -> PC_SMALL_D | H1: =metadata!B8 -> PC_MEDIUM_D | I1: =metadata!B9 -> PC_SUV_D | J1: =metadata!B10 -> PC_ELEC | K1: =metadata!B11 -> PC_SMALL_HY | L1: =metadata!B12 -> TAXI_SMALL_G | M1: =metadata!B13 -> TAXI_SMALL_GLP | N1: =metadata!B14 -> LCV_NI_G | O1: =metadata!B15 -> LCV_NII_G | P1: =metadata!B16 -> LCV_NIII_G | Q1: =metadata!B17 -> LCV_NI_D | R1: =metadata!B18 -> LCV_NII_D | S1: =metadata!B19 -> LCV_NIII_D | T1: =metadata!B20 -> LCV_ELEC | U1: =metadata!B21 -> LCV_HY | V1: =metadata!B22 -> TRUCKS_RT_7_D | W1: =metadata!B23 -> TRUCKS_RT_7_12_D | X1: =metadata!B24 -> TRUCKS_RT_12_14_D | Y1: =metadata!B25 -> TRUCKS_RT_14_16_D | Z1: =metadata!B26 -> TRUCKS_RT_16_20_D | AA1: =metadata!B27 -> TRUCKS_RT_20_26_D | AB1: =metadata!B28 -> TRUCKS_RT_26_28_D | AC1: =metadata!B29 -> TRUCKS_RT_28_32_D | AD1: =metadata!B30 -> TRUCKS_RT_32_D | AE1: =metadata!B31 -> TRUCKS_RT_7_G | AF1: =metadata!B32 -> TRUCKS_RT_7_12_G | AG1: =metadata!B33 -> TRUCKS_RT_12_14_G | AH1: =metadata!B34 -> TRUCKS_RT_14_16_G | AI1: =metadata!B35 -> TRUCKS_RT_16_20_G | AJ1: =metadata!B36 -> TRUCKS_RT_20_26_G | AK1: =metadata!B37 -> TRUCKS_RT_26_28_G | AL1: =metadata!B38 -> TRUCKS_RT_28_32_G | AM1: =metadata!B39 -> TRUCKS_RT_32_G | AN1: =metadata!B40 -> TRUCKS_AT_16_20_D | AO1: =metadata!B41 -> TRUCKS_AT_20_28_D | AP1: =metadata!B42 -> TRUCKS_AT_28_34_D | AQ1: =metadata!B43 -> TRUCKS_AT_34_40_D | AR1: =metadata!B44 -> TRUCKS_AT_40_50_D | AS1: =metadata!B45 -> TRUCKS_AT_50_60_D | AT1: =metadata!B46 -> TRUCKS_ELEC | AU1: =metadata!B47 -> BUS_UB_15_D | AV1: =metadata!B48 -> BUS_UB_15_18_D | AW1: =metadata!B49 -> BUS_UB_18_D | AX1: =metadata!B50 -> BUS_UB_15_G | AY1: =metadata!B51 -> BUS_UB_15_18_G | AZ1: =metadata!B52 -> BUS_UB_18_G | BA1: =metadata!B53 -> BUS_COACH_17_D | BB1: =metadata!B54 -> BUS_COACH_18_D | BC1: =metadata!B55 -> BUS_COACH_17_G | BD1: =metadata!B56 -> BUS_COACH_18_G | BE1: =metadata!B57 -> BUS_UB_15_HY | BF1: =metadata!B58 -> BUS_ELEC | BG1: =metadata!B59 -> MC_2S_50_G | BH1: =metadata!B60 -> MC_4S_50_250_G | BI1: =metadata!B61 -> MC_4S_250_750_G | BJ1: =metadata!B62 -> MC_4S_750_G | BK1: =metadata!B63 -> MC_ELEC
A2: 2017 | B2: 0.7713944 | C2: =B2 -> 0.7713944 | D2: =C2 -> 0.7713944 | E2: =D2 -> 0.7713944 | F2: 1 | G2: =F2 -> 1 | H2: =G2 -> 1 | I2: =H2 -> 1 | J2: =I2 -> 1 | K2: =J2 -> 1 | L2: =B2 -> 0.7713944 | M2: =L2 -> 0.7713944 | N2: =M2 -> 0.7713944 | O2: =N2 -> 0.7713944 | P2: =O2 -> 0.7713944 | Q2: 1 | R2: =Q2 -> 1 | S2: =R2 -> 1 | T2: =S2 -> 1 | U2: =T2 -> 1 | V2: =U2 -> 1 | W2: =V2 -> 1 | X2: =W2 -> 1 | Y2: =X2 -> 1 | ... AD2: =AC2 -> 1 | AE2: =B2 -> 0.7713944 | AF2: =AE2 -> 0.7713944 | AG2: =AF2 -> 0.7713944 | AH2: =AG2 -> 0.7713944 | AI2: =AH2 -> 0.7713944 | AJ2: =AI2 -> 0.7713944 | AK2: =AJ2 -> 0.7713944 | AL2: =AK2 -> 0.7713944 | AM2: =AL2 -> 0.7713944 | AN2: 1 | AO2: =AN2 -> 1 | AP2: =AO2 -> 1 | AQ2: =AP2 -> 1 | AR2: =AQ2 -> 1 | AS2: =AR2 -> 1 | AT2: =AS2 -> 1 | AU2: =AT2 -> 1 | AV2: =AU2 -> 1 | AW2: =AV2 -> 1 | AX2: =B2 -> 0.7713944 | AY2: =AX2 -> 0.7713944 | AZ2: =AY2 -> 0.7713944 | BA2: 1 | BB2: =BA2 -> 1 | BC2: =AZ2 -> 0.7713944 | BD2: =BC2 -> 0.7713944 | BE2: 1 | BF2: 1 | BG2: =BD2 -> 0.7713944 | BH2: =BG2 -> 0.7713944 | BI2: =BH2 -> 0.7713944 | BJ2: =BI2 -> 0.7713944 | BK2: 1
A3: =A2-1 -> 2016 | B3: 0.83468576 | C3: =B3 -> 0.83468576 | D3: =C3 -> 0.83468576 | E3: =D3 -> 0.83468576 | F3: 1 | G3: =F3 -> 1 | H3: =G3 -> 1 | I3: =H3 -> 1 | J3: =I3 -> 1 | K3: =J3 -> 1 | L3: =B3 -> 0.83468576 | M3: =L3 -> 0.83468576 | N3: =M3 -> 0.83468576 | O3: =N3 -> 0.83468576 | P3: =O3 -> 0.83468576 | Q3: 1 | R3: =Q3 -> 1 | S3: =R3 -> 1 | T3: =S3 -> 1 | U3: =T3 -> 1 | V3: =U3 -> 1 | W3: =V3 -> 1 | X3: =W3 -> 1 | Y3: =X3 -> 1 | ... AD3: =AC3 -> 1 | AE3: =B3 -> 0.83468576 | AF3: =AE3 -> 0.83468576 | AG3: =AF3 -> 0.83468576 | AH3: =AG3 -> 0.83468576 | AI3: =AH3 -> 0.83468576 | AJ3: =AI3 -> 0.83468576 | AK3: =AJ3 -> 0.83468576 | AL3: =AK3 -> 0.83468576 | AM3: =AL3 -> 0.83468576 | AN3: 1 | AO3: =AN3 -> 1 | AP3: =AO3 -> 1 | AQ3: =AP3 -> 1 | AR3: =AQ3 -> 1 | AS3: =AR3 -> 1 | AT3: =AS3 -> 1 | AU3: =AT3 -> 1 | AV3: =AU3 -> 1 | AW3: =AV3 -> 1 | AX3: =B3 -> 0.83468576 | AY3: =AX3 -> 0.83468576 | AZ3: =AY3 -> 0.83468576 | BA3: 1 | BB3: =BA3 -> 1 | BC3: =AZ3 -> 0.83468576 | BD3: =BC3 -> 0.83468576 | BE3: 1 | BF3: 1 | BG3: =BD3 -> 0.83468576 | BH3: =BG3 -> 0.83468576 | BI3: =BH3 -> 0.83468576 | BJ3: =BI3 -> 0.83468576 | BK3: 1
A4: =A3-1 -> 2015 | B4: 0.85460433 | C4: =B4 -> 0.85460433 | D4: =C4 -> 0.85460433 | E4: =D4 -> 0.85460433 | F4: 1 | G4: =F4 -> 1 | H4: =G4 -> 1 | I4: =H4 -> 1 | J4: =I4 -> 1 | K4: =J4 -> 1 | L4: =B4 -> 0.85460433 | M4: =L4 -> 0.85460433 | N4: =M4 -> 0.85460433 | O4: =N4 -> 0.85460433 | P4: =O4 -> 0.85460433 | Q4: 1 | R4: =Q4 -> 1 | S4: =R4 -> 1 | T4: =S4 -> 1 | U4: =T4 -> 1 | V4: =U4 -> 1 | W4: =V4 -> 1 | X4: =W4 -> 1 | Y4: =X4 -> 1 | ... AD4: =AC4 -> 1 | AE4: =B4 -> 0.85460433 | AF4: =AE4 -> 0.85460433 | AG4: =AF4 -> 0.85460433 | AH4: =AG4 -> 0.85460433 | AI4: =AH4 -> 0.85460433 | AJ4: =AI4 -> 0.85460433 | AK4: =AJ4 -> 0.85460433 | AL4: =AK4 -> 0.85460433 | AM4: =AL4 -> 0.85460433 | AN4: 1 | AO4: =AN4 -> 1 | AP4: =AO4 -> 1 | AQ4: =AP4 -> 1 | AR4: =AQ4 -> 1 | AS4: =AR4 -> 1 | AT4: =AS4 -> 1 | AU4: =AT4 -> 1 | AV4: =AU4 -> 1 | AW4: =AV4 -> 1 | AX4: =B4 -> 0.85460433 | AY4: =AX4 -> 0.85460433 | AZ4: =AY4 -> 0.85460433 | BA4: 1 | BB4: =BA4 -> 1 | BC4: =AZ4 -> 0.85460433 | BD4: =BC4 -> 0.85460433 | BE4: 1 | BF4: 1 | BG4: =BD4 -> 0.85460433 | BH4: =BG4 -> 0.85460433 | BI4: =BH4 -> 0.85460433 | BJ4: =BI4 -> 0.85460433 | BK4: 1
A5: =A4-1 -> 2014 | B5: 0.85989609 | C5: =B5 -> 0.85989609 | D5: =C5 -> 0.85989609 | E5: =D5 -> 0.85989609 | F5: 1 | G5: =F5 -> 1 | H5: =G5 -> 1 | I5: =H5 -> 1 | J5: =I5 -> 1 | K5: =J5 -> 1 | L5: =B5 -> 0.85989609 | M5: =L5 -> 0.85989609 | N5: =M5 -> 0.85989609 | O5: =N5 -> 0.85989609 | P5: =O5 -> 0.85989609 | Q5: 1 | R5: =Q5 -> 1 | S5: =R5 -> 1 | T5: =S5 -> 1 | U5: =T5 -> 1 | V5: =U5 -> 1 | W5: =V5 -> 1 | X5: =W5 -> 1 | Y5: =X5 -> 1 | ... AD5: =AC5 -> 1 | AE5: =B5 -> 0.85989609 | AF5: =AE5 -> 0.85989609 | AG5: =AF5 -> 0.85989609 | AH5: =AG5 -> 0.85989609 | AI5: =AH5 -> 0.85989609 | AJ5: =AI5 -> 0.85989609 | AK5: =AJ5 -> 0.85989609 | AL5: =AK5 -> 0.85989609 | AM5: =AL5 -> 0.85989609 | AN5: 1 | AO5: =AN5 -> 1 | AP5: =AO5 -> 1 | AQ5: =AP5 -> 1 | AR5: =AQ5 -> 1 | AS5: =AR5 -> 1 | AT5: =AS5 -> 1 | AU5: =AT5 -> 1 | AV5: =AU5 -> 1 | AW5: =AV5 -> 1 | AX5: =B5 -> 0.85989609 | AY5: =AX5 -> 0.85989609 | AZ5: =AY5 -> 0.85989609 | BA5: 1 | BB5: =BA5 -> 1 | BC5: =AZ5 -> 0.85989609 | BD5: =BC5 -> 0.85989609 | BE5: 1 | BF5: 1 | BG5: =BD5 -> 0.85989609 | BH5: =BG5 -> 0.85989609 | BI5: =BH5 -> 0.85989609 | BJ5: =BI5 -> 0.85989609 | BK5: 1
A6: =A5-1 -> 2013 | B6: 0.88586328 | C6: =B6 -> 0.88586328 | D6: =C6 -> 0.88586328 | E6: =D6 -> 0.88586328 | F6: 1 | G6: =F6 -> 1 | H6: =G6 -> 1 | I6: =H6 -> 1 | J6: =I6 -> 1 | K6: =J6 -> 1 | L6: =B6 -> 0.88586328 | M6: =L6 -> 0.88586328 | N6: =M6 -> 0.88586328 | O6: =N6 -> 0.88586328 | P6: =O6 -> 0.88586328 | Q6: 1 | R6: =Q6 -> 1 | S6: =R6 -> 1 | T6: =S6 -> 1 | U6: =T6 -> 1 | V6: =U6 -> 1 | W6: =V6 -> 1 | X6: =W6 -> 1 | Y6: =X6 -> 1 | ... AD6: =AC6 -> 1 | AE6: =B6 -> 0.88586328 | AF6: =AE6 -> 0.88586328 | AG6: =AF6 -> 0.88586328 | AH6: =AG6 -> 0.88586328 | AI6: =AH6 -> 0.88586328 | AJ6: =AI6 -> 0.88586328 | AK6: =AJ6 -> 0.88586328 | AL6: =AK6 -> 0.88586328 | AM6: =AL6 -> 0.88586328 | AN6: 1 | AO6: =AN6 -> 1 | AP6: =AO6 -> 1 | AQ6: =AP6 -> 1 | AR6: =AQ6 -> 1 | AS6: =AR6 -> 1 | AT6: =AS6 -> 1 | AU6: =AT6 -> 1 | AV6: =AU6 -> 1 | AW6: =AV6 -> 1 | AX6: =B6 -> 0.88586328 | AY6: =AX6 -> 0.88586328 | AZ6: =AY6 -> 0.88586328 | BA6: 1 | BB6: =BA6 -> 1 | BC6: =AZ6 -> 0.88586328 | BD6: =BC6 -> 0.88586328 | BE6: 1 | BF6: 1 | BG6: =BD6 -> 0.88586328 | BH6: =BG6 -> 0.88586328 | BI6: =BH6 -> 0.88586328 | BJ6: =BI6 -> 0.88586328 | BK6: 1
A7: =A6-1 -> 2012 | B7: 0.90054628 | C7: =B7 -> 0.90054628 | D7: =C7 -> 0.90054628 | E7: =D7 -> 0.90054628 | F7: 1 | G7: =F7 -> 1 | H7: =G7 -> 1 | I7: =H7 -> 1 | J7: =I7 -> 1 | K7: =J7 -> 1 | L7: =B7 -> 0.90054628 | M7: =L7 -> 0.90054628 | N7: =M7 -> 0.90054628 | O7: =N7 -> 0.90054628 | P7: =O7 -> 0.90054628 | Q7: 1 | R7: =Q7 -> 1 | S7: =R7 -> 1 | T7: =S7 -> 1 | U7: =T7 -> 1 | V7: =U7 -> 1 | W7: =V7 -> 1 | X7: =W7 -> 1 | Y7: =X7 -> 1 | ... AD7: =AC7 -> 1 | AE7: =B7 -> 0.90054628 | AF7: =AE7 -> 0.90054628 | AG7: =AF7 -> 0.90054628 | AH7: =AG7 -> 0.90054628 | AI7: =AH7 -> 0.90054628 | AJ7: =AI7 -> 0.90054628 | AK7: =AJ7 -> 0.90054628 | AL7: =AK7 -> 0.90054628 | AM7: =AL7 -> 0.90054628 | AN7: 1 | AO7: =AN7 -> 1 | AP7: =AO7 -> 1 | AQ7: =AP7 -> 1 | AR7: =AQ7 -> 1 | AS7: =AR7 -> 1 | AT7: =AS7 -> 1 | AU7: =AT7 -> 1 | AV7: =AU7 -> 1 | AW7: =AV7 -> 1 | AX7: =B7 -> 0.90054628 | AY7: =AX7 -> 0.90054628 | AZ7: =AY7 -> 0.90054628 | BA7: 1 | BB7: =BA7 -> 1 | BC7: =AZ7 -> 0.90054628 | BD7: =BC7 -> 0.90054628 | BE7: 1 | BF7: 1 | BG7: =BD7 -> 0.90054628 | BH7: =BG7 -> 0.90054628 | BI7: =BH7 -> 0.90054628 | BJ7: =BI7 -> 0.90054628 | BK7: 1
A8: =A7-1 -> 2011 | B8: 0.92477459 | C8: =B8 -> 0.92477459 | D8: =C8 -> 0.92477459 | E8: =D8 -> 0.92477459 | F8: 1 | G8: =F8 -> 1 | H8: =G8 -> 1 | I8: =H8 -> 1 | J8: =I8 -> 1 | K8: =J8 -> 1 | L8: =B8 -> 0.92477459 | M8: =L8 -> 0.92477459 | N8: =M8 -> 0.92477459 | O8: =N8 -> 0.92477459 | P8: =O8 -> 0.92477459 | Q8: 1 | R8: =Q8 -> 1 | S8: =R8 -> 1 | T8: =S8 -> 1 | U8: =T8 -> 1 | V8: =U8 -> 1 | W8: =V8 -> 1 | X8: =W8 -> 1 | Y8: =X8 -> 1 | ... AD8: =AC8 -> 1 | AE8: =B8 -> 0.92477459 | AF8: =AE8 -> 0.92477459 | AG8: =AF8 -> 0.92477459 | AH8: =AG8 -> 0.92477459 | AI8: =AH8 -> 0.92477459 | AJ8: =AI8 -> 0.92477459 | AK8: =AJ8 -> 0.92477459 | AL8: =AK8 -> 0.92477459 | AM8: =AL8 -> 0.92477459 | AN8: 1 | AO8: =AN8 -> 1 | AP8: =AO8 -> 1 | AQ8: =AP8 -> 1 | AR8: =AQ8 -> 1 | AS8: =AR8 -> 1 | AT8: =AS8 -> 1 | AU8: =AT8 -> 1 | AV8: =AU8 -> 1 | AW8: =AV8 -> 1 | AX8: =B8 -> 0.92477459 | AY8: =AX8 -> 0.92477459 | AZ8: =AY8 -> 0.92477459 | BA8: 1 | BB8: =BA8 -> 1 | BC8: =AZ8 -> 0.92477459 | BD8: =BC8 -> 0.92477459 | BE8: 1 | BF8: 1 | BG8: =BD8 -> 0.92477459 | BH8: =BG8 -> 0.92477459 | BI8: =BH8 -> 0.92477459 | BJ8: =BI8 -> 0.92477459 | BK8: 1
A9: =A8-1 -> 2010 | B9: 0.91499552 | C9: =B9 -> 0.91499552 | D9: =C9 -> 0.91499552 | E9: =D9 -> 0.91499552 | F9: 1 | G9: =F9 -> 1 | H9: =G9 -> 1 | I9: =H9 -> 1 | J9: =I9 -> 1 | K9: =J9 -> 1 | L9: =B9 -> 0.91499552 | M9: =L9 -> 0.91499552 | N9: =M9 -> 0.91499552 | O9: =N9 -> 0.91499552 | P9: =O9 -> 0.91499552 | Q9: 1 | R9: =Q9 -> 1 | S9: =R9 -> 1 | T9: =S9 -> 1 | U9: =T9 -> 1 | V9: =U9 -> 1 | W9: =V9 -> 1 | X9: =W9 -> 1 | Y9: =X9 -> 1 | ... AD9: =AC9 -> 1 | AE9: =B9 -> 0.91499552 | AF9: =AE9 -> 0.91499552 | AG9: =AF9 -> 0.91499552 | AH9: =AG9 -> 0.91499552 | AI9: =AH9 -> 0.91499552 | AJ9: =AI9 -> 0.91499552 | AK9: =AJ9 -> 0.91499552 | AL9: =AK9 -> 0.91499552 | AM9: =AL9 -> 0.91499552 | AN9: 1 | AO9: =AN9 -> 1 | AP9: =AO9 -> 1 | AQ9: =AP9 -> 1 | AR9: =AQ9 -> 1 | AS9: =AR9 -> 1 | AT9: =AS9 -> 1 | AU9: =AT9 -> 1 | AV9: =AU9 -> 1 | AW9: =AV9 -> 1 | AX9: =B9 -> 0.91499552 | AY9: =AX9 -> 0.91499552 | AZ9: =AY9 -> 0.91499552 | BA9: 1 | BB9: =BA9 -> 1 | BC9: =AZ9 -> 0.91499552 | BD9: =BC9 -> 0.91499552 | BE9: 1 | BF9: 1 | BG9: =BD9 -> 0.91499552 | BH9: =BG9 -> 0.91499552 | BI9: =BH9 -> 0.91499552 | BJ9: =BI9 -> 0.91499552 | BK9: 1
A10: =A9-1 -> 2009 | B10: 0.91994931 | C10: =B10 -> 0.91994931 | D10: =C10 -> 0.91994931 | E10: =D10 -> 0.91994931 | F10: 1 | G10: =F10 -> 1 | H10: =G10 -> 1 | I10: =H10 -> 1 | J10: =I10 -> 1 | K10: =J10 -> 1 | L10: =B10 -> 0.91994931 | M10: =L10 -> 0.91994931 | N10: =M10 -> 0.91994931 | O10: =N10 -> 0.91994931 | P10: =O10 -> 0.91994931 | Q10: 1 | R10: =Q10 -> 1 | S10: =R10 -> 1 | T10: =S10 -> 1 | U10: =T10 -> 1 | V10: =U10 -> 1 | W10: =V10 -> 1 | X10: =W10 -> 1 | Y10: =X10 -> 1 | ... AD10: =AC10 -> 1 | AE10: =B10 -> 0.91994931 | AF10: =AE10 -> 0.91994931 | AG10: =AF10 -> 0.91994931 | AH10: =AG10 -> 0.91994931 | AI10: =AH10 -> 0.91994931 | AJ10: =AI10 -> 0.91994931 | AK10: =AJ10 -> 0.91994931 | AL10: =AK10 -> 0.91994931 | AM10: =AL10 -> 0.91994931 | AN10: 1 | AO10: =AN10 -> 1 | AP10: =AO10 -> 1 | AQ10: =AP10 -> 1 | AR10: =AQ10 -> 1 | AS10: =AR10 -> 1 | AT10: =AS10 -> 1 | AU10: =AT10 -> 1 | AV10: =AU10 -> 1 | AW10: =AV10 -> 1 | AX10: =B10 -> 0.91994931 | AY10: =AX10 -> 0.91994931 | AZ10: =AY10 -> 0.91994931 | BA10: 1 | BB10: =BA10 -> 1 | BC10: =AZ10 -> 0.91994931 | BD10: =BC10 -> 0.91994931 | BE10: 1 | BF10: 1 | BG10: =BD10 -> 0.91994931 | BH10: =BG10 -> 0.91994931 | BI10: =BH10 -> 0.91994931 | BJ10: =BI10 -> 0.91994931 | BK10: 1
A11: =A10-1 -> 2008 | B11: 0.91762285 | C11: =B11 -> 0.91762285 | D11: =C11 -> 0.91762285 | E11: =D11 -> 0.91762285 | F11: 1 | G11: =F11 -> 1 | H11: =G11 -> 1 | I11: =H11 -> 1 | J11: =I11 -> 1 | K11: =J11 -> 1 | L11: =B11 -> 0.91762285 | M11: =L11 -> 0.91762285 | N11: =M11 -> 0.91762285 | O11: =N11 -> 0.91762285 | P11: =O11 -> 0.91762285 | Q11: 1 | R11: =Q11 -> 1 | S11: =R11 -> 1 | T11: =S11 -> 1 | U11: =T11 -> 1 | V11: =U11 -> 1 | W11: =V11 -> 1 | X11: =W11 -> 1 | Y11: =X11 -> 1 | ... AD11: =AC11 -> 1 | AE11: =B11 -> 0.91762285 | AF11: =AE11 -> 0.91762285 | AG11: =AF11 -> 0.91762285 | AH11: =AG11 -> 0.91762285 | AI11: =AH11 -> 0.91762285 | AJ11: =AI11 -> 0.91762285 | AK11: =AJ11 -> 0.91762285 | AL11: =AK11 -> 0.91762285 | AM11: =AL11 -> 0.91762285 | AN11: 1 | AO11: =AN11 -> 1 | AP11: =AO11 -> 1 | AQ11: =AP11 -> 1 | AR11: =AQ11 -> 1 | AS11: =AR11 -> 1 | AT11: =AS11 -> 1 | AU11: =AT11 -> 1 | AV11: =AU11 -> 1 | AW11: =AV11 -> 1 | AX11: =B11 -> 0.91762285 | AY11: =AX11 -> 0.91762285 | AZ11: =AY11 -> 0.91762285 | BA11: 1 | BB11: =BA11 -> 1 | BC11: =AZ11 -> 0.91762285 | BD11: =BC11 -> 0.91762285 | BE11: 1 | BF11: 1 | BG11: =BD11 -> 0.91762285 | BH11: =BG11 -> 0.91762285 | BI11: =BH11 -> 0.91762285 | BJ11: =BI11 -> 0.91762285 | BK11: 1
A12: =A11-1 -> 2007 | B12: 0.91833414 | C12: =B12 -> 0.91833414 | D12: =C12 -> 0.91833414 | E12: =D12 -> 0.91833414 | F12: 1 | G12: =F12 -> 1 | H12: =G12 -> 1 | I12: =H12 -> 1 | J12: =I12 -> 1 | K12: =J12 -> 1 | L12: =B12 -> 0.91833414 | M12: =L12 -> 0.91833414 | N12: =M12 -> 0.91833414 | O12: =N12 -> 0.91833414 | P12: =O12 -> 0.91833414 | Q12: 1 | R12: =Q12 -> 1 | S12: =R12 -> 1 | T12: =S12 -> 1 | U12: =T12 -> 1 | V12: =U12 -> 1 | W12: =V12 -> 1 | X12: =W12 -> 1 | Y12: =X12 -> 1 | ... AD12: =AC12 -> 1 | AE12: =B12 -> 0.91833414 | AF12: =AE12 -> 0.91833414 | AG12: =AF12 -> 0.91833414 | AH12: =AG12 -> 0.91833414 | AI12: =AH12 -> 0.91833414 | AJ12: =AI12 -> 0.91833414 | AK12: =AJ12 -> 0.91833414 | AL12: =AK12 -> 0.91833414 | AM12: =AL12 -> 0.91833414 | AN12: 1 | AO12: =AN12 -> 1 | AP12: =AO12 -> 1 | AQ12: =AP12 -> 1 | AR12: =AQ12 -> 1 | AS12: =AR12 -> 1 | AT12: =AS12 -> 1 | AU12: =AT12 -> 1 | AV12: =AU12 -> 1 | AW12: =AV12 -> 1 | AX12: =B12 -> 0.91833414 | AY12: =AX12 -> 0.91833414 | AZ12: =AY12 -> 0.91833414 | BA12: 1 | BB12: =BA12 -> 1 | BC12: =AZ12 -> 0.91833414 | BD12: =BC12 -> 0.91833414 | BE12: 1 | BF12: 1 | BG12: =BD12 -> 0.91833414 | BH12: =BG12 -> 0.91833414 | BI12: =BH12 -> 0.91833414 | BJ12: =BI12 -> 0.91833414 | BK12: 1
A13: =A12-1 -> 2006 | B13: 0.90261239 | C13: =B13 -> 0.90261239 | D13: =C13 -> 0.90261239 | E13: =D13 -> 0.90261239 | F13: 1 | G13: =F13 -> 1 | H13: =G13 -> 1 | I13: =H13 -> 1 | J13: =I13 -> 1 | K13: =J13 -> 1 | L13: =B13 -> 0.90261239 | M13: =L13 -> 0.90261239 | N13: =M13 -> 0.90261239 | O13: =N13 -> 0.90261239 | P13: =O13 -> 0.90261239 | Q13: 1 | R13: =Q13 -> 1 | S13: =R13 -> 1 | T13: =S13 -> 1 | U13: =T13 -> 1 | V13: =U13 -> 1 | W13: =V13 -> 1 | X13: =W13 -> 1 | Y13: =X13 -> 1 | ... AD13: =AC13 -> 1 | AE13: =B13 -> 0.90261239 | AF13: =AE13 -> 0.90261239 | AG13: =AF13 -> 0.90261239 | AH13: =AG13 -> 0.90261239 | AI13: =AH13 -> 0.90261239 | AJ13: =AI13 -> 0.90261239 | AK13: =AJ13 -> 0.90261239 | AL13: =AK13 -> 0.90261239 | AM13: =AL13 -> 0.90261239 | AN13: 1 | AO13: =AN13 -> 1 | AP13: =AO13 -> 1 | AQ13: =AP13 -> 1 | AR13: =AQ13 -> 1 | AS13: =AR13 -> 1 | AT13: =AS13 -> 1 | AU13: =AT13 -> 1 | AV13: =AU13 -> 1 | AW13: =AV13 -> 1 | AX13: =B13 -> 0.90261239 | AY13: =AX13 -> 0.90261239 | AZ13: =AY13 -> 0.90261239 | BA13: 1 | BB13: =BA13 -> 1 | BC13: =AZ13 -> 0.90261239 | BD13: =BC13 -> 0.90261239 | BE13: 1 | BF13: 1 | BG13: =BD13 -> 0.90261239 | BH13: =BG13 -> 0.90261239 | BI13: =BH13 -> 0.90261239 | BJ13: =BI13 -> 0.90261239 | BK13: 1
A14: =A13-1 -> 2005 | B14: 0.89065969 | C14: =B14 -> 0.89065969 | D14: =C14 -> 0.89065969 | E14: =D14 -> 0.89065969 | F14: 1 | G14: =F14 -> 1 | H14: =G14 -> 1 | I14: =H14 -> 1 | J14: =I14 -> 1 | K14: =J14 -> 1 | L14: =B14 -> 0.89065969 | M14: =L14 -> 0.89065969 | N14: =M14 -> 0.89065969 | O14: =N14 -> 0.89065969 | P14: =O14 -> 0.89065969 | Q14: 1 | R14: =Q14 -> 1 | S14: =R14 -> 1 | T14: =S14 -> 1 | U14: =T14 -> 1 | V14: =U14 -> 1 | W14: =V14 -> 1 | X14: =W14 -> 1 | Y14: =X14 -> 1 | ... AD14: =AC14 -> 1 | AE14: =B14 -> 0.89065969 | AF14: =AE14 -> 0.89065969 | AG14: =AF14 -> 0.89065969 | AH14: =AG14 -> 0.89065969 | AI14: =AH14 -> 0.89065969 | AJ14: =AI14 -> 0.89065969 | AK14: =AJ14 -> 0.89065969 | AL14: =AK14 -> 0.89065969 | AM14: =AL14 -> 0.89065969 | AN14: 1 | AO14: =AN14 -> 1 | AP14: =AO14 -> 1 | AQ14: =AP14 -> 1 | AR14: =AQ14 -> 1 | AS14: =AR14 -> 1 | AT14: =AS14 -> 1 | AU14: =AT14 -> 1 | AV14: =AU14 -> 1 | AW14: =AV14 -> 1 | AX14: =B14 -> 0.89065969 | AY14: =AX14 -> 0.89065969 | AZ14: =AY14 -> 0.89065969 | BA14: 1 | BB14: =BA14 -> 1 | BC14: =AZ14 -> 0.89065969 | BD14: =BC14 -> 0.89065969 | BE14: 1 | BF14: 1 | BG14: =BD14 -> 0.89065969 | BH14: =BG14 -> 0.89065969 | BI14: =BH14 -> 0.89065969 | BJ14: =BI14 -> 0.89065969 | BK14: 1
... A60: =A59-1 -> 1959 | B60: 0.7173913 | C60: =B60 -> 0.7173913 | D60: =C60 -> 0.7173913 | E60: =D60 -> 0.7173913 | F60: 1 | G60: =F60 -> 1 | H60: =G60 -> 1 | I60: =H60 -> 1 | J60: =I60 -> 1 | K60: =J60 -> 1 | L60: =B60 -> 0.7173913 | M60: =L60 -> 0.7173913 | N60: =M60 -> 0.7173913 | O60: =N60 -> 0.7173913 | P60: =O60 -> 0.7173913 | Q60: 1 | R60: =Q60 -> 1 | S60: =R60 -> 1 | T60: =S60 -> 1 | U60: =T60 -> 1 | V60: =U60 -> 1 | W60: =V60 -> 1 | X60: =W60 -> 1 | Y60: =X60 -> 1 | ... AD60: =AC60 -> 1 | AE60: =B60 -> 0.7173913 | AF60: =AE60 -> 0.7173913 | AG60: =AF60 -> 0.7173913 | AH60: =AG60 -> 0.7173913 | AI60: =AH60 -> 0.7173913 | AJ60: =AI60 -> 0.7173913 | AK60: =AJ60 -> 0.7173913 | AL60: =AK60 -> 0.7173913 | AM60: =AL60 -> 0.7173913 | AN60: 1 | AO60: =AN60 -> 1 | AP60: =AO60 -> 1 | AQ60: =AP60 -> 1 | AR60: =AQ60 -> 1 | AS60: =AR60 -> 1 | AT60: =AS60 -> 1 | AU60: =AT60 -> 1 | AV60: =AU60 -> 1 | AW60: =AV60 -> 1 | AX60: =B60 -> 0.7173913 | AY60: =AX60 -> 0.7173913 | AZ60: =AY60 -> 0.7173913 | BA60: 1 | BB60: =BA60 -> 1 | BC60: =AZ60 -> 0.7173913 | BD60: =BC60 -> 0.7173913 | BE60: 1 | BF60: 1 | BG60: =BD60 -> 0.7173913 | BH60: =BG60 -> 0.7173913 | BI60: =BH60 -> 0.7173913 | BJ60: =BI60 -> 0.7173913 | BK60: 1

Sheet im_co
