Workbook

Sheet metadata
A1: family | B1: vehicles | C1: name | D1: fuel | E1: size | F1: trips_day | G1: survival | H1: survival_param_a | I1: survival_param_b | J1: sppm | K1: Category_EEA | L1: Fuel_EEA | M1: Segment_EEA | N1: Mode_EEA | O1: Slope_EEA | P1: Load_EEA | Q1: speed | R1: driving_cycle | S1: km_cycle | T1: note | U1: v_eea_old | V1: t_eea_old | W1: cc_eea_old | X1: fuel_eea_old
A2: PC | B2: PC_MINI_G | C2: Passenger cars mini with gasoline | D2: G | E2: <1400cc | F2: 4.5 | G2: gompertz | H2: 1.798 | I2: -0.137 | J2: =IF(D2="D", 250, 50) -> 50 | K2: Passenger Cars | L2: =IF(D2="G","Petrol",IF(D2="D","Diesel",IF(D2="HY","Petrol Hybrid",IF(D2="GLP","LPG Bifuell ~ LPG",D2)))) -> Petrol | M2: Small | Q2: 34.2 | R2: FTP-75 | S2: 17.787 | U2: PC | V2: 4S | W2: <=1400 | X2: =D2 -> G
A3: PC | B3: PC_SMALL_G | C3: Passenger cars small with gasoline | D3: G | E3: 1400-2000cc | F3: 4.5 | G3: gompertz | H3: 1.798 | I3: -0.137 | J3: =IF(D3="D", 250, 50) -> 50 | K3: Passenger Cars | L3: =IF(D3="G","Petrol",IF(D3="D","Diesel",IF(D3="HY","Petrol Hybrid",IF(D3="GLP","LPG Bifuell ~ LPG",D3)))) -> Petrol | M3: Small | Q3: 34.2 | R3: FTP-75 | S3: 17.787 | U3: PC | V3: 4S | W3: <=1400 | X3: =D3 -> G
A4: PC | B4: PC_MEDIUM_G | C4: Passenger cars medium with gasoline | D4: G | E4: >2000cc | F4: 4.5 | G4: gompertz | H4: 1.798 | I4: -0.137 | J4: =IF(D4="D", 250, 50) -> 50 | K4: Passenger Cars | L4: =IF(D4="G","Petrol",IF(D4="D","Diesel",IF(D4="HY","Petrol Hybrid",IF(D4="GLP","LPG Bifuell ~ LPG",D4)))) -> Petrol | M4: Medium | Q4: 34.2 | R4: FTP-75 | S4: 17.787 | U4: PC | V4: 4S | W4: 1400_2000 | X4: =D4 -> G
A5: PC | B5: PC_SUV_G | C5: Sport utility vehicle with gasoline | D5: G | E5: >1400cc | F5: 4.5 | G5: gompertz | H5: 1.798 | I5: -0.137 | J5: =IF(D5="D", 250, 50) -> 50 | K5: Passenger Cars | L5: =IF(D5="G","Petrol",IF(D5="D","Diesel",IF(D5="HY","Petrol Hybrid",IF(D5="GLP","LPG Bifuell ~ LPG",D5)))) -> Petrol | M5: Large-SUV-Executive | Q5: 34.2 | R5: FTP-75 | S5: 17.787 | U5: PC | V5: 4S | W5: >2000 | X5: =D5 -> G
A6: PC | B6: PC_MINI_D | C6: Passenger cars mini with gasoline | D6: D | E6: <1400cc | F6: 4.5 | G6: gompertz | H6: 1.798 | I6: -0.137 | J6: =IF(D6="D", 250, 50) -> 250 | K6: Passenger Cars | L6: =IF(D6="G","Petrol",IF(D6="D","Diesel",IF(D6="HY","Petrol Hybrid",IF(D6="GLP","LPG Bifuell ~ LPG",D6)))) -> Diesel | M6: Small | Q6: 34.2 | R6: FTP-75 | S6: 17.787 | U6: PC | V6: 4S | W6: <=1400 | X6: =D6 -> D
A7: PC | B7: PC_SMALL_D | C7: Passenger cars small with gasoline | D7: D | E7: 1400-2000cc | F7: 4.5 | G7: gompertz | H7: 1.798 | I7: -0.137 | J7: =IF(D7="D", 250, 50) -> 250 | K7: Passenger Cars | L7: =IF(D7="G","Petrol",IF(D7="D","Diesel",IF(D7="HY","Petrol Hybrid",IF(D7="GLP","LPG Bifuell ~ LPG",D7)))) -> Diesel | M7: Small | Q7: 34.2 | R7: FTP-75 | S7: 17.787 | U7: PC | V7: 4S | W7: <=1400 | X7: =D7 -> D
A8: PC | B8: PC_MEDIUM_D | C8: Passenger cars medium with gasoline | D8: D | E8: >2000cc | F8: 4.5 | G8: gompertz | H8: 1.798 | I8: -0.137 | J8: =IF(D8="D", 250, 50) -> 250 | K8: Passenger Cars | L8: =IF(D8="G","Petrol",IF(D8="D","Diesel",IF(D8="HY","Petrol Hybrid",IF(D8="GLP","LPG Bifuell ~ LPG",D8)))) -> Diesel | M8: Medium | Q8: 34.2 | R8: FTP-75 | S8: 17.787 | U8: PC | V8: 4S | W8: 1400_2000 | X8: =D8 -> D
A9: PC | B9: PC_SUV_D | C9: Sport utility vehicle with gasoline | D9: D | E9: >1400cc | F9: 4.5 | G9: gompertz | H9: 1.798 | I9: -0.137 | J9: =IF(D9="D", 250, 50) -> 250 | K9: Passenger Cars | L9: =IF(D9="G","Petrol",IF(D9="D","Diesel",IF(D9="HY","Petrol Hybrid",IF(D9="GLP","LPG Bifuell ~ LPG",D9)))) -> Diesel | M9: Large-SUV-Executive | Q9: 34.2 | R9: FTP-75 | S9: 17.787 | U9: PC | V9: 4S | W9: >2000 | X9: =D9 -> D
A10: PC | B10: PC_ELEC | C10: Passenger cars electric | D10: ELEC | E10: all | F10: 4.5 | G10: gompertz | H10: 1.798 | I10: -0.137 | J10: =IF(D10="D", 250, 50) -> 50 | K10: Passenger Cars | L10: =IF(D10="G","Petrol",IF(D10="D","Diesel",IF(D10="HY","Petrol Hybrid",IF(D10="GLP","LPG Bifuell ~ LPG",D10)))) -> ELEC | M10: Small | Q10: 34.2 | R10: FTP-75 | S10: 17.787 | U10: PC | V10: 4S | W10: <=1400 | X10: =D10 -> ELEC
A11: PC | B11: PC_SMALL_HY | C11: Passenger cars small with gasoline | D11: HY | E11: 1400-2000cc | F11: 4.5 | G11: gompertz | H11: 1.798 | I11: -0.137 | J11: =IF(D11="D", 250, 50) -> 50 | K11: Passenger Cars | L11: =IF(D11="G","Petrol",IF(D11="D","Diesel",IF(D11="HY","Petrol Hybrid",IF(D11="GLP","LPG Bifuell ~ LPG",D11)))) -> Petrol Hybrid | M11: Small | Q11: 34.2 | R11: FTP-75 | S11: 17.787 | U11: PC | V11: 4S | W11: 1400_2000 | X11: FH
A12: PC | B12: TAXI_SMALL_G | C12: Taxi small with gasoline | D12: G | E12: 1400-2000cc | F12: 4.5 | G12: gompertz | H12: 1.798 | I12: -0.137 | J12: =IF(D12="D", 250, 50) -> 50 | K12: Passenger Cars | L12: =IF(D12="G","Petrol",IF(D12="D","Diesel",IF(D12="HY","Petrol Hybrid",IF(D12="GLP","LPG Bifuell ~ LPG",D12)))) -> Petrol | M12: Small | Q12: 34.2 | R12: FTP-75 | S12: 17.787 | U12: PC | V12: 4S | W12: 1400_2000 | X12: =D12 -> G
A13: PC | B13: TAXI_SMALL_GLP | C13: Taxi small with glp | D13: GLP | E13: 1400-2000cc | F13: 4.5 | G13: gompertz | H13: 1.798 | I13: -0.137 | J13: =IF(D13="D", 250, 50) -> 50 | K13: Passenger Cars | L13: =IF(D13="G","Petrol",IF(D13="D","Diesel",IF(D13="HY","Petrol Hybrid",IF(D13="GLP","LPG Bifuell ~ LPG",D13)))) -> LPG Bifuell ~ LPG | M13: Small | Q13: 34.2 | R13: FTP-75 | S13: 17.787 | U13: PC | V13: 4S | W13: 1400_2000 | X13: LPG
A14: LCV | B14: LCV_NI_G | C14: Light commercial vehicles N1 with gasoline | D14: G | E14: <=1.305t | F14: 4.5 | G14: gompertz | H14: 1.618 | I14: -0.141 | J14: =IF(D14="D", 250, 50) -> 50 | K14: Light Commercial Vehicles | L14: =IF(D14="G","Petrol",IF(D14="D","Diesel",IF(D14="HY","Petrol Hybrid",IF(D14="GLP","LPG Bifuell ~ LPG",D14)))) -> Petrol | M14: N1-I | Q14: 34.2 | R14: FTP-75 | S14: 17.787 | U14: LCV | V14: 4S | W14: <3.5 | X14: =D14 -> G
A15: LCV | B15: LCV_NII_G | C15: Light commercial vehicles N2 with gasoline | D15: G | E15: 1.305-1.76t | F15: 4.5 | G15: gompertz | H15: 1.618 | I15: -0.141 | J15: =IF(D15="D", 250, 50) -> 50 | K15: Light Commercial Vehicles | L15: =IF(D15="G","Petrol",IF(D15="D","Diesel",IF(D15="HY","Petrol Hybrid",IF(D15="GLP","LPG Bifuell ~ LPG",D15)))) -> Petrol | M15: N1-II | Q15: 34.2 | R15: FTP-75 | S15: 17.787 | U15: LCV | V15: 4S | W15: <3.5 | X15: =D15 -> G
A16: LCV | B16: LCV_NIII_G | C16: Light commercial vehicles N3 with gasoline | D16: G | E16: >=1.76t | F16: 4.5 | G16: gompertz | H16: 1.618 | I16: -0.141 | J16: =IF(D16="D", 250, 50) -> 50 | K16: Light Commercial Vehicles | L16: =IF(D16="G","Petrol",IF(D16="D","Diesel",IF(D16="HY","Petrol Hybrid",IF(D16="GLP","LPG Bifuell ~ LPG",D16)))) -> Petrol | M16: N1-III | Q16: 34.2 | R16: FTP-75 | S16: 17.787 | U16: LCV | V16: 4S | W16: <3.5 | X16: =D16 -> G
A17: LCV | B17: LCV_NI_D | C17: Light commercial vehicles N1 with diesel | D17: D | E17: <=1.305t | F17: 4.5 | G17: double_logistic | H17: 0.1 | I17: 17 | J17: =IF(D17="D", 250, 50) -> 250 | K17: Light Commercial Vehicles | L17: =IF(D17="G","Petrol",IF(D17="D","Diesel",IF(D17="HY","Petrol Hybrid",IF(D17="GLP","LPG Bifuell ~ LPG",D17)))) -> Diesel | M17: N1-I | Q17: 34.2 | R17: FTP-75 | S17: 17.787 | U17: LCV | V17: 4S | W17: <3.5 | X17: =D17 -> D
A18: LCV | B18: LCV_NII_D | C18: Light commercial vehicles N2 with diesel | D18: D | E18: 1.305-1.76t | F18: 4.5 | G18: double_logistic | H18: 0.1 | I18: 17 | J18: =IF(D18="D", 250, 50) -> 250 | K18: Light Commercial Vehicles | L18: =IF(D18="G","Petrol",IF(D18="D","Diesel",IF(D18="HY","Petrol Hybrid",IF(D18="GLP","LPG Bifuell ~ LPG",D18)))) -> Diesel | M18: N1-II | Q18: 34.2 | R18: FTP-75 | S18: 17.787 | U18: LCV | V18: 4S | W18: <3.5 | X18: =D18 -> D
A19: LCV | B19: LCV_NIII_D | C19: Light commercial vehicles N3 with diesel | D19: D | E19: >=1.76t | F19: 4.5 | G19: double_logistic | H19: 0.1 | I19: 17 | J19: =IF(D19="D", 250, 50) -> 250 | K19: Light Commercial Vehicles | L19: =IF(D19="G","Petrol",IF(D19="D","Diesel",IF(D19="HY","Petrol Hybrid",IF(D19="GLP","LPG Bifuell ~ LPG",D19)))) -> Diesel | M19: N1-III | Q19: 34.2 | R19: FTP-75 | S19: 17.787 | U19: LCV | V19: 4S | W19: <3.5 | X19: =D19 -> D
A20: LCV | B20: LCV_ELEC | C20: Light commercial vehicles electric | D20: ELEC | E20: all | F20: 4.5 | G20: gompertz | H20: 1.798 | I20: -0.137 | J20: =IF(D20="D", 250, 50) -> 50 | K20: Light Commercial Vehicles | L20: =IF(D20="G","Petrol",IF(D20="D","Diesel",IF(D20="HY","Petrol Hybrid",IF(D20="GLP","LPG Bifuell ~ LPG",D20)))) -> ELEC | M20: N1-I | Q20: 34.2 | R20: FTP-75 | S20: 17.787 | U20: LCV | V20: 4S | W20: <3.5 | X20: =D20 -> ELEC
A21: LCV | B21: LCV_HY | C21: Light commercial vehicles electric | D21: HY | E21: all | F21: 4.5 | G21: gompertz | H21: 1.798 | I21: -0.137 | J21: =IF(D21="D", 250, 50) -> 50 | K21: Light Commercial Vehicles | L21: =IF(D21="G","Petrol",IF(D21="D","Diesel",IF(D21="HY","Petrol Hybrid",IF(D21="GLP","LPG Bifuell ~ LPG",D21)))) -> Petrol Hybrid | M21: N1-I | Q21: 34.2 | R21: FTP-75 | S21: 17.787 | U21: PC | V21: 4S | W21: 1400_2000 | X21: FH
A22: TRUCKS | B22: TRUCKS_RT_7_D | C22: =CONCATENATE("Rigid trucks diesel ", E22) -> Rigid trucks diesel <=7.5t | D22: D | E22: <=7.5t | G22: double_logistic | H22: 0.1 | I22: 17 | J22: =IF(D22="D", 250, 50) -> 250 | K22: Heavy Duty Trucks | L22: =IF(D22="G","Petrol",IF(D22="D","Diesel",IF(D22="HY","Petrol Hybrid",IF(D22="GLP","LPG Bifuell ~ LPG",D22)))) -> Diesel | M22: Rigid <=7,5 t | O22: 0 | P22: 0.5 | Q22: 22.8 | R22: City Suburban cycle | S22: 10.752 | U22: Trucks | V22: RT | W22: <=7.5 | X22: =D22 -> D
A23: TRUCKS | B23: TRUCKS_RT_7_12_D | C23: =CONCATENATE("Rigid trucks diesel ", E23) -> Rigid trucks diesel 7.5-12t | D23: D | E23: 7.5-12t | G23: double_logistic | H23: 0.1 | I23: 17 | J23: =IF(D23="D", 250, 50) -> 250 | K23: Heavy Duty Trucks | L23: =IF(D23="G","Petrol",IF(D23="D","Diesel",IF(D23="HY","Petrol Hybrid",IF(D23="GLP","LPG Bifuell ~ LPG",D23)))) -> Diesel | M23: Rigid 7,5 - 12 t | O23: 0 | P23: 0.5 | Q23: 22.8 | R23: City Suburban cycle | S23: 10.752 | U23: Trucks | V23: RT | W23: >7.5 & <=12 | X23: =D23 -> D
A24: TRUCKS | B24: TRUCKS_RT_12_14_D | C24: =CONCATENATE("Rigid trucks diesel ", E24) -> Rigid trucks diesel 12-14t | D24: D | E24: 12-14t | G24: double_logistic | H24: 0.1 | I24: 17 | J24: =IF(D24="D", 250, 50) -> 250 | K24: Heavy Duty Trucks | L24: =IF(D24="G","Petrol",IF(D24="D","Diesel",IF(D24="HY","Petrol Hybrid",IF(D24="GLP","LPG Bifuell ~ LPG",D24)))) -> Diesel | M24: Rigid 12 - 14 t | O24: 0 | P24: 0.5 | Q24: 22.8 | R24: City Suburban cycle | S24: 10.752 | U24: Trucks | V24: RT | W24: >12 & <=14 | X24: =D24 -> D
A25: TRUCKS | B25: TRUCKS_RT_14_16_D | C25: =CONCATENATE("Rigid trucks diesel ", E25) -> Rigid trucks diesel 14-16t | D25: D | E25: 14-16t | G25: double_logistic | H25: 0.1 | I25: 17 | J25: =IF(D25="D", 250, 50) -> 250 | K25: Heavy Duty Trucks | L25: =IF(D25="G","Petrol",IF(D25="D","Diesel",IF(D25="HY","Petrol Hybrid",IF(D25="GLP","LPG Bifuell ~ LPG",D25)))) -> Diesel | M25: Rigid 14 - 20 t | O25: 0 | P25: 0.5 | Q25: 22.8 | R25: City Suburban cycle | S25: 10.752 | U25: Trucks | V25: RT | W25: >14 & <=20 | X25: =D25 -> D
A26: TRUCKS | B26: TRUCKS_RT_16_20_D | C26: =CONCATENATE("Rigid trucks diesel ", E26) -> Rigid trucks diesel 16-20t | D26: D | E26: 16-20t | G26: double_logistic | H26: 0.1 | I26: 17 | J26: =IF(D26="D", 250, 50) -> 250 | K26: Heavy Duty Trucks | L26: =IF(D26="G","Petrol",IF(D26="D","Diesel",IF(D26="HY","Petrol Hybrid",IF(D26="GLP","LPG Bifuell ~ LPG",D26)))) -> Diesel | M26: Rigid 14 - 20 t | O26: 0 | P26: 0.5 | Q26: 22.8 | R26: City Suburban cycle | S26: 10.752 | U26: Trucks | V26: RT | W26: >14 & <=20 | X26: =D26 -> D
A27: TRUCKS | B27: TRUCKS_RT_20_26_D | C27: =CONCATENATE("Rigid trucks diesel ", E27) -> Rigid trucks diesel 20-26t | D27: D | E27: 20-26t | G27: double_logistic | H27: 0.1 | I27: 17 | J27: =IF(D27="D", 250, 50) -> 250 | K27: Heavy Duty Trucks | L27: =IF(D27="G","Petrol",IF(D27="D","Diesel",IF(D27="HY","Petrol Hybrid",IF(D27="GLP","LPG Bifuell ~ LPG",D27)))) -> Diesel | M27: Rigid 20 - 26 t | O27: 0 | P27: 0.5 | Q27: 22.8 | R27: City Suburban cycle | S27: 10.752 | U27: Trucks | V27: RT | W27: >20 & <=26 | X27: =D27 -> D
A28: TRUCKS | B28: TRUCKS_RT_26_28_D | C28: =CONCATENATE("Rigid trucks diesel ", E28) -> Rigid trucks diesel 26-28t | D28: D | E28: 26-28t | G28: double_logistic | H28: 0.1 | I28: 17 | J28: =IF(D28="D", 250, 50) -> 250 | K28: Heavy Duty Trucks | L28: =IF(D28="G","Petrol",IF(D28="D","Diesel",IF(D28="HY","Petrol Hybrid",IF(D28="GLP","LPG Bifuell ~ LPG",D28)))) -> Diesel | M28: Rigid 26 - 28 t | O28: 0 | P28: 0.5 | Q28: 22.8 | R28: City Suburban cycle | S28: 10.752 | U28: Trucks | V28: RT | W28: >26 & <=28 | X28: =D28 -> D
A29: TRUCKS | B29: TRUCKS_RT_28_32_D | C29: =CONCATENATE("Rigid trucks diesel ", E29) -> Rigid trucks diesel 38-32t | D29: D | E29: 38-32t | G29: double_logistic | H29: 0.1 | I29: 17 | J29: =IF(D29="D", 250, 50) -> 250 | K29: Heavy Duty Trucks | L29: =IF(D29="G","Petrol",IF(D29="D","Diesel",IF(D29="HY","Petrol Hybrid",IF(D29="GLP","LPG Bifuell ~ LPG",D29)))) -> Diesel | M29: Rigid 28 - 32 t | O29: 0 | P29: 0.5 | Q29: 22.8 | R29: City Suburban cycle | S29: 10.752 | U29: Trucks | V29: RT | W29: >28 & <=32 | X29: =D29 -> D
A30: TRUCKS | B30: TRUCKS_RT_32_D | C30: =CONCATENATE("Rigid trucks diesel ", E30) -> Rigid trucks diesel >=32t | D30: D | E30: >=32t | G30: double_logistic | H30: 0.1 | I30: 17 | J30: =IF(D30="D", 250, 50) -> 250 | K30: Heavy Duty Trucks | L30: =IF(D30="G","Petrol",IF(D30="D","Diesel",IF(D30="HY","Petrol Hybrid",IF(D30="GLP","LPG Bifuell ~ LPG",D30)))) -> Diesel | M30: Rigid >32 t | O30: 0 | P30: 0.5 | Q30: 22.8 | R30: City Suburban cycle | S30: 10.752 | U30: Trucks | V30: RT | W30: >32 | X30: =D30 -> D
A31: TRUCKS | B31: TRUCKS_RT_7_G | C31: =CONCATENATE("Rigid trucks gasoline ", E31) -> Rigid trucks gasoline <=7.5t | D31: G | E31: <=7.5t | G31: double_logistic | H31: 0.1 | I31: 17 | J31: =IF(D31="D", 250, 50) -> 50 | K31: Passenger Cars | L31: =IF(D31="G","Petrol",IF(D31="D","Diesel",IF(D31="HY","Petrol Hybrid",IF(D31="GLP","LPG Bifuell ~ LPG",D31)))) -> Petrol | M31: Large-SUV-Executive | Q31: 22.8 | R31: City Suburban cycle | S31: 10.752 | T31: tratados como PC para incorporar euro. Camiones gasolineros solo tienen pre-euro | U31: PC | V31: 4S | W31: >2000 | X31: =D31 -> G
A32: TRUCKS | B32: TRUCKS_RT_7_12_G | C32: =CONCATENATE("Rigid trucks gasoline ", E32) -> Rigid trucks gasoline 7.5-12t | D32: G | E32: 7.5-12t | G32: double_logistic | H32: 0.1 | I32: 17 | J32: =IF(D32="D", 250, 50) -> 50 | K32: Passenger Cars | L32: =IF(D32="G","Petrol",IF(D32="D","Diesel",IF(D32="HY","Petrol Hybrid",IF(D32="GLP","LPG Bifuell ~ LPG",D32)))) -> Petrol | M32: Large-SUV-Executive | Q32: 22.8 | R32: City Suburban cycle | S32: 10.752 | U32: PC | V32: 4S | W32: >2000 | X32: =D32 -> G
A33: TRUCKS | B33: TRUCKS_RT_12_14_G | C33: =CONCATENATE("Rigid trucks gasoline ", E33) -> Rigid trucks gasoline 12-14t | D33: G | E33: 12-14t | G33: double_logistic | H33: 0.1 | I33: 17 | J33: =IF(D33="D", 250, 50) -> 50 | K33: Passenger Cars | L33: =IF(D33="G","Petrol",IF(D33="D","Diesel",IF(D33="HY","Petrol Hybrid",IF(D33="GLP","LPG Bifuell ~ LPG",D33)))) -> Petrol | M33: Large-SUV-Executive | Q33: 22.8 | R33: City Suburban cycle | S33: 10.752 | U33: PC | V33: 4S | W33: >2000 | X33: =D33 -> G
A34: TRUCKS | B34: TRUCKS_RT_14_16_G | C34: =CONCATENATE("Rigid trucks gasoline ", E34) -> Rigid trucks gasoline 14-16t | D34: G | E34: 14-16t | G34: double_logistic | H34: 0.1 | I34: 17 | J34: =IF(D34="D", 250, 50) -> 50 | K34: Passenger Cars | L34: =IF(D34="G","Petrol",IF(D34="D","Diesel",IF(D34="HY","Petrol Hybrid",IF(D34="GLP","LPG Bifuell ~ LPG",D34)))) -> Petrol | M34: Large-SUV-Executive | Q34: 22.8 | R34: City Suburban cycle | S34: 10.752 | U34: PC | V34: 4S | W34: >2000 | X34: =D34 -> G
A35: TRUCKS | B35: TRUCKS_RT_16_20_G | C35: =CONCATENATE("Rigid trucks gasoline ", E35) -> Rigid trucks gasoline 16-20t | D35: G | E35: 16-20t | G35: double_logistic | H35: 0.1 | I35: 17 | J35: =IF(D35="D", 250, 50) -> 50 | K35: Passenger Cars | L35: =IF(D35="G","Petrol",IF(D35="D","Diesel",IF(D35="HY","Petrol Hybrid",IF(D35="GLP","LPG Bifuell ~ LPG",D35)))) -> Petrol | M35: Large-SUV-Executive | Q35: 22.8 | R35: City Suburban cycle | S35: 10.752 | U35: PC | V35: 4S | W35: >2000 | X35: =D35 -> G
A36: TRUCKS | B36: TRUCKS_RT_20_26_G | C36: =CONCATENATE("Rigid trucks gasoline ", E36) -> Rigid trucks gasoline 20-26t | D36: G | E36: 20-26t | G36: double_logistic | H36: 0.1 | I36: 17 | J36: =IF(D36="D", 250, 50) -> 50 | K36: Passenger Cars | L36: =IF(D36="G","Petrol",IF(D36="D","Diesel",IF(D36="HY","Petrol Hybrid",IF(D36="GLP","LPG Bifuell ~ LPG",D36)))) -> Petrol | M36: Large-SUV-Executive | Q36: 22.8 | R36: City Suburban cycle | S36: 10.752 | U36: PC | V36: 4S | W36: >2000 | X36: =D36 -> G
A37: TRUCKS | B37: TRUCKS_RT_26_28_G | C37: =CONCATENATE("Rigid trucks gasoline ", E37) -> Rigid trucks gasoline 26-28t | D37: G | E37: 26-28t | G37: double_logistic | H37: 0.1 | I37: 17 | J37: =IF(D37="D", 250, 50) -> 50 | K37: Passenger Cars | L37: =IF(D37="G","Petrol",IF(D37="D","Diesel",IF(D37="HY","Petrol Hybrid",IF(D37="GLP","LPG Bifuell ~ LPG",D37)))) -> Petrol | M37: Large-SUV-Executive | Q37: 22.8 | R37: City Suburban cycle | S37: 10.752 | U37: PC | V37: 4S | W37: >2000 | X37: =D37 -> G
A38: TRUCKS | B38: TRUCKS_RT_28_32_G | C38: =CONCATENATE("Rigid trucks gasoline ", E38) -> Rigid trucks gasoline 38-32t | D38: G | E38: 38-32t | G38: double_logistic | H38: 0.1 | I38: 17 | J38: =IF(D38="D", 250, 50) -> 50 | K38: Passenger Cars | L38: =IF(D38="G","Petrol",IF(D38="D","Diesel",IF(D38="HY","Petrol Hybrid",IF(D38="GLP","LPG Bifuell ~ LPG",D38)))) -> Petrol | M38: Large-SUV-Executive | Q38: 22.8 | R38: City Suburban cycle | S38: 10.752 | U38: PC | V38: 4S | W38: >2000 | X38: =D38 -> G
A39: TRUCKS | B39: TRUCKS_RT_32_G | C39: =CONCATENATE("Rigid trucks gasoline ", E39) -> Rigid trucks gasoline >=32t | D39: G | E39: >=32t | G39: double_logistic | H39: 0.1 | I39: 17 | J39: =IF(D39="D", 250, 50) -> 50 | K39: Passenger Cars | L39: =IF(D39="G","Petrol",IF(D39="D","Diesel",IF(D39="HY","Petrol Hybrid",IF(D39="GLP","LPG Bifuell ~ LPG",D39)))) -> Petrol | M39: Large-SUV-Executive | Q39: 22.8 | R39: City Suburban cycle | S39: 10.752 | U39: PC | V39: 4S | W39: >2000 | X39: =D39 -> G
A40: TRUCKS | B40: TRUCKS_AT_16_20_D | C40: =CONCATENATE("Articulated trucks diesel ", E40) -> Articulated trucks diesel 16-20t | D40: D | E40: 16-20t | G40: double_logistic | H40: 0.1 | I40: 17 | J40: =IF(D40="D", 250, 50) -> 250 | K40: Heavy Duty Trucks | L40: =IF(D40="G","Petrol",IF(D40="D","Diesel",IF(D40="HY","Petrol Hybrid",IF(D40="GLP","LPG Bifuell ~ LPG",D40)))) -> Diesel | M40: Articulated 14 - 20 t | O40: 0 | P40: 0.5 | Q40: 22.8 | R40: City Suburban cycle | S40: 10.752 | U40: Trucks | V40: TT | W40: >20 & <=28 | X40: =D40 -> D
A41: TRUCKS | B41: TRUCKS_AT_20_28_D | C41: =CONCATENATE("Articulated trucks diesel ", E41) -> Articulated trucks diesel 20-28t | D41: D | E41: 20-28t | G41: double_logistic | H41: 0.1 | I41: 17 | J41: =IF(D41="D", 250, 50) -> 250 | K41: Heavy Duty Trucks | L41: =IF(D41="G","Petrol",IF(D41="D","Diesel",IF(D41="HY","Petrol Hybrid",IF(D41="GLP","LPG Bifuell ~ LPG",D41)))) -> Diesel | M41: Articulated 20 - 28 t | O41: 0 | P41: 0.5 | Q41: 22.8 | R41: City Suburban cycle | S41: 10.752 | U41: Trucks | V41: TT | W41: >20 & <=28 | X41: =D41 -> D
A42: TRUCKS | B42: TRUCKS_AT_28_34_D | C42: =CONCATENATE("Articulated trucks diesel ", E42) -> Articulated trucks diesel 28-34t | D42: D | E42: 28-34t | G42: double_logistic | H42: 0.1 | I42: 17 | J42: =IF(D42="D", 250, 50) -> 250 | K42: Heavy Duty Trucks | L42: =IF(D42="G","Petrol",IF(D42="D","Diesel",IF(D42="HY","Petrol Hybrid",IF(D42="GLP","LPG Bifuell ~ LPG",D42)))) -> Diesel | M42: Articulated 28 - 34 t | O42: 0 | P42: 0.5 | Q42: 22.8 | R42: City Suburban cycle | S42: 10.752 | U42: Trucks | V42: TT | W42: >28 & <=34 | X42: =D42 -> D
A43: TRUCKS | B43: TRUCKS_AT_34_40_D | C43: =CONCATENATE("Articulated trucks diesel ", E43) -> Articulated trucks diesel 34-40t | D43: D | E43: 34-40t | G43: double_logistic | H43: 0.1 | I43: 17 | J43: =IF(D43="D", 250, 50) -> 250 | K43: Heavy Duty Trucks | L43: =IF(D43="G","Petrol",IF(D43="D","Diesel",IF(D43="HY","Petrol Hybrid",IF(D43="GLP","LPG Bifuell ~ LPG",D43)))) -> Diesel | M43: Articulated 34 - 40 t | O43: 0 | P43: 0.5 | Q43: 22.8 | R43: City Suburban cycle | S43: 10.752 | U43: Trucks | V43: TT | W43: >34 & <=40 | X43: =D43 -> D
A44: TRUCKS | B44: TRUCKS_AT_40_50_D | C44: =CONCATENATE("Articulated trucks diesel ", E44) -> Articulated trucks diesel 40-50t | D44: D | E44: 40-50t | G44: double_logistic | H44: 0.1 | I44: 17 | J44: =IF(D44="D", 250, 50) -> 250 | K44: Heavy Duty Trucks | L44: =IF(D44="G","Petrol",IF(D44="D","Diesel",IF(D44="HY","Petrol Hybrid",IF(D44="GLP","LPG Bifuell ~ LPG",D44)))) -> Diesel | M44: Articulated 40 - 50 t | O44: 0 | P44: 0.5 | Q44: 22.8 | R44: City Suburban cycle | S44: 10.752 | U44: Trucks | V44: TT | W44: >40 & <=50 | X44: =D44 -> D
A45: TRUCKS | B45: TRUCKS_AT_50_60_D | C45: =CONCATENATE("Articulated trucks diesel ", E45) -> Articulated trucks diesel 50-60t | D45: D | E45: 50-60t | G45: double_logistic | H45: 0.1 | I45: 17 | J45: =IF(D45="D", 250, 50) -> 250 | K45: Heavy Duty Trucks | L45: =IF(D45="G","Petrol",IF(D45="D","Diesel",IF(D45="HY","Petrol Hybrid",IF(D45="GLP","LPG Bifuell ~ LPG",D45)))) -> Diesel | M45: Articulated 50 - 60 t | O45: 0 | P45: 0.5 | Q45: 22.8 | R45: City Suburban cycle | S45: 10.752 | U45: Trucks | V45: TT | W45: >50 & <=60 | X45: =D45 -> D
A46: TRUCKS | B46: TRUCKS_ELEC | C46: Trucks electric | D46: ELEC | E46: all | G46: double_logistic | H46: 0.1 | I46: 17 | J46: =IF(D46="D", 250, 50) -> 50 | K46: Heavy Duty Trucks | L46: =IF(D46="G","Petrol",IF(D46="D","Diesel",IF(D46="HY","Petrol Hybrid",IF(D46="GLP","LPG Bifuell ~ LPG",D46)))) -> ELEC | M46: >3,5 t | O46: 0 | P46: 0.5 | Q46: 22.8 | R46: City Suburban cycle | S46: 10.752 | U46: Trucks | V46: ELEC | X46: =D46 -> ELEC
A47: BUS | B47: BUS_UB_15_D | C47: =CONCATENATE("Urban bus diesel ", E47) -> Urban bus diesel <=15t | D47: D | E47: <=15t | G47: double_logistic | H47: 0.1 | I47: 17 | J47: =IF(D47="D", 250, 50) -> 250 | K47: Buses | L47: =IF(D47="G","Petrol",IF(D47="D","Diesel",IF(D47="HY","Petrol Hybrid",IF(D47="GLP","LPG Bifuell ~ LPG",D47)))) -> Diesel | M47: Urban Buses Midi <=15 t | O47: 0 | P47: 0.5 | Q47: 22.8 | R47: City Suburban cycle | S47: 10.752 | U47: Ubus | V47: Midi | W47: <=15 | X47: =D47 -> D
A48: BUS | B48: BUS_UB_15_18_D | C48: =CONCATENATE("Urban bus diesel ", E48) -> Urban bus diesel 15-18t | D48: D | E48: 15-18t | G48: double_logistic | H48: 0.1 | I48: 17 | J48: =IF(D48="D", 250, 50) -> 250 | K48: Buses | L48: =IF(D48="G","Petrol",IF(D48="D","Diesel",IF(D48="HY","Petrol Hybrid",IF(D48="GLP","LPG Bifuell ~ LPG",D48)))) -> Diesel | M48: Urban Buses Standard 15 - 18 t | O48: 0 | P48: 0.5 | Q48: 22.8 | R48: City Suburban cycle | S48: 10.752 | U48: Ubus | V48: Std | W48: >15 & <=18 | X48: =D48 -> D
A49: BUS | B49: BUS_UB_18_D | C49: =CONCATENATE("Urban bus diesel ", E49) -> Urban bus diesel >=18t | D49: D | E49: >=18t | G49: double_logistic | H49: 0.1 | I49: 17 | J49: =IF(D49="D", 250, 50) -> 250 | K49: Buses | L49: =IF(D49="G","Petrol",IF(D49="D","Diesel",IF(D49="HY","Petrol Hybrid",IF(D49="GLP","LPG Bifuell ~ LPG",D49)))) -> Diesel | M49: Urban Buses Articulated >18 t | O49: 0 | P49: 0.5 | Q49: 22.8 | R49: City Suburban cycle | S49: 10.752 | U49: Ubus | V49: Artic | W49: >18 | X49: =D49 -> D
A50: BUS | B50: BUS_UB_15_G | C50: =CONCATENATE("Urban bus gasoline", E50) -> Urban bus gasoline<=15t | D50: G | E50: <=15t | G50: double_logistic | H50: 0.1 | I50: 17 | J50: =IF(D50="D", 250, 50) -> 50 | K50: Passenger Cars | L50: =IF(D50="G","Petrol",IF(D50="D","Diesel",IF(D50="HY","Petrol Hybrid",IF(D50="GLP","LPG Bifuell ~ LPG",D50)))) -> Petrol | M50: Large-SUV-Executive | O50: 0 | P50: 0.5 | Q50: 22.8 | R50: City Suburban cycle | S50: 10.752 | T50: No hay EF de buses usando gasolina, asi que seran usados de SUV (better than nothing) | U50: PC | V50: 4S | W50: >2000 | X50: =D50 -> G
A51: BUS | B51: BUS_UB_15_18_G | C51: =CONCATENATE("Urban bus gasoline", E51) -> Urban bus gasoline15-18t | D51: G | E51: 15-18t | G51: double_logistic | H51: 0.1 | I51: 17 | J51: =IF(D51="D", 250, 50) -> 50 | K51: Passenger Cars | L51: =IF(D51="G","Petrol",IF(D51="D","Diesel",IF(D51="HY","Petrol Hybrid",IF(D51="GLP","LPG Bifuell ~ LPG",D51)))) -> Petrol | M51: Large-SUV-Executive | O51: 0 | P51: 0.5 | Q51: 22.8 | R51: City Suburban cycle | S51: 10.752 | U51: PC | V51: 4S | W51: >2000 | X51: =D51 -> G
A52: BUS | B52: BUS_UB_18_G | C52: =CONCATENATE("Urban bus gasoline", E52) -> Urban bus gasoline>=18t | D52: G | E52: >=18t | G52: double_logistic | H52: 0.1 | I52: 17 | J52: =IF(D52="D", 250, 50) -> 50 | K52: Passenger Cars | L52: =IF(D52="G","Petrol",IF(D52="D","Diesel",IF(D52="HY","Petrol Hybrid",IF(D52="GLP","LPG Bifuell ~ LPG",D52)))) -> Petrol | M52: Large-SUV-Executive | O52: 0 | P52: 0.5 | Q52: 22.8 | R52: City Suburban cycle | S52: 10.752 | U52: PC | V52: 4S | W52: >2000 | X52: =D52 -> G
A53: BUS | B53: BUS_COACH_17_D | C53: =CONCATENATE("Coach bus diesel ", E53) -> Coach bus diesel <=18 | D53: D | E53: <=18 | G53: double_logistic | H53: 0.1 | I53: 17 | J53: =IF(D53="D", 250, 50) -> 250 | K53: Buses | L53: =IF(D53="G","Petrol",IF(D53="D","Diesel",IF(D53="HY","Petrol Hybrid",IF(D53="GLP","LPG Bifuell ~ LPG",D53)))) -> Diesel | M53: Coaches Standard <=18 t | O53: 0 | P53: 0.5 | Q53: 22.8 | R53: City Suburban cycle | S53: 10.752 | U53: Coach | V53: Std | W53: <=18 | X53: =D53 -> D
A54: BUS | B54: BUS_COACH_18_D | C54: =CONCATENATE("Coach bus diesel ", E54) -> Coach bus diesel >18t | D54: D | E54: >18t | G54: double_logistic | H54: 0.1 | I54: 17 | J54: =IF(D54="D", 250, 50) -> 250 | K54: Buses | L54: =IF(D54="G","Petrol",IF(D54="D","Diesel",IF(D54="HY","Petrol Hybrid",IF(D54="GLP","LPG Bifuell ~ LPG",D54)))) -> Diesel | M54: Coaches Articulated >18 t | O54: 0 | P54: 0.5 | Q54: 22.8 | R54: City Suburban cycle | S54: 10.752 | U54: Coach | V54: 3Axes | W54: >18 | X54: =D54 -> D
A55: BUS | B55: BUS_COACH_17_G | C55: =CONCATENATE("Coach bus gasoline ", E55) -> Coach bus gasoline <=18 | D55: G | E55: <=18 | G55: double_logistic | H55: 0.1 | I55: 17 | J55: =IF(D55="D", 250, 50) -> 50 | K55: Passenger Cars | L55: =IF(D55="G","Petrol",IF(D55="D","Diesel",IF(D55="HY","Petrol Hybrid",IF(D55="GLP","LPG Bifuell ~ LPG",D55)))) -> Petrol | M55: Large-SUV-Executive | O55: 0 | P55: 0.5 | Q55: 22.8 | R55: City Suburban cycle | S55: 10.752 | U55: PC | V55: 4S | W55: >2000 | X55: =D55 -> G
A56: BUS | B56: BUS_COACH_18_G | C56: =CONCATENATE("Coach bus gasoline ", E56) -> Coach bus gasoline >18t | D56: G | E56: >18t | G56: double_logistic | H56: 0.1 | I56: 17 | J56: =IF(D56="D", 250, 50) -> 50 | K56: Passenger Cars | L56: =IF(D56="G","Petrol",IF(D56="D","Diesel",IF(D56="HY","Petrol Hybrid",IF(D56="GLP","LPG Bifuell ~ LPG",D56)))) -> Petrol | M56: Large-SUV-Executive | O56: 0 | P56: 0.5 | Q56: 22.8 | R56: City Suburban cycle | S56: 10.752 | U56: PC | V56: 4S | W56: >2000 | X56: =D56 -> G
A57: BUS | B57: BUS_UB_15_HY | C57: Bus hybrid | D57: HY | E57: all | G57: double_logistic | H57: 0.1 | I57: 17 | J57: =IF(D57="D", 250, 50) -> 50 | K57: Buses | L57: Diesel Hybrid ~ Diesel | M57: Urban Buses Midi <=15 t | O57: 0 | P57: 0.5 | Q57: 22.8 | R57: City Suburban cycle | S57: 10.752 | U57: PC | V57: 4S | W57: 1400_2000 | X57: FH
A58: BUS | B58: BUS_ELEC | C58: Bus electric | D58: ELEC | E58: all | G58: double_logistic | H58: 0.1 | I58: 17 | J58: =IF(D58="D", 250, 50) -> 50 | K58: Buses | L58: Diesel Hybrid ~ Electricity | M58: Urban Buses Midi <=15 t | O58: 0 | P58: 0.5 | Q58: 22.8 | R58: City Suburban cycle | S58: 10.752 | U58: BUS | V58: ELEC | X58: =D58 -> ELEC
A59: MC | B59: MC_2S_50_G | C59: Motorcycle 2 strokes >=50 cc gasoline | D59: G | E59: 50cc | F59: 4.5 | G59: gompertz | H59: 1.618 | I59: -0.141 | J59: =IF(D59="D", 250, 50) -> 50 | K59: L-Category | L59: =IF(D59="G","Petrol",IF(D59="D","Diesel",IF(D59="HY","Petrol Hybrid",IF(D59="GLP","LPG Bifuell ~ LPG",D59)))) -> Petrol | M59: Mopeds 2-stroke <50 cm³ | Q59: 54.7 | R59: WMTC | S59: 9.111 | T59: espacio en blanco significa NA en R, que es diferente de 0 | U59: Motorcycle | V59: 2S | W59: >=50 | X59: =D59 -> G
A60: MC | B60: MC_4S_50_250_G | C60: Motorcycle 4 strokes <=250 cc gasoline | D60: G | E60: 50_250 | F60: 4.5 | G60: gompertz | H60: 1.618 | I60: -0.141 | J60: =IF(D60="D", 250, 50) -> 50 | K60: L-Category | L60: =IF(D60="G","Petrol",IF(D60="D","Diesel",IF(D60="HY","Petrol Hybrid",IF(D60="GLP","LPG Bifuell ~ LPG",D60)))) -> Petrol | M60: Motorcycles 4-stroke <250 cm³ | Q60: 54.7 | R60: WMTC | S60: 9.111 | U60: Motorcycle | V60: 4S | W60: <=250 | X60: =D60 -> G
A61: MC | B61: MC_4S_250_750_G | C61: Motorcycle 4 strokes 250-750 cc gasoline | D61: G | E61: 250-750cc | F61: 4.5 | G61: gompertz | H61: 1.618 | I61: -0.141 | J61: =IF(D61="D", 250, 50) -> 50 | K61: L-Category | L61: =IF(D61="G","Petrol",IF(D61="D","Diesel",IF(D61="HY","Petrol Hybrid",IF(D61="GLP","LPG Bifuell ~ LPG",D61)))) -> Petrol | M61: Motorcycles 4-stroke 250 - 750 cm³ | Q61: 54.7 | R61: WMTC | S61: 9.111 | U61: Motorcycle | V61: 4S | W61: 250_750 | X61: =D61 -> G
A62: MC | B62: MC_4S_750_G | C62: Motorcycle 4 strokes >=750 cc gasoline | D62: G | E62: >=750cc | F62: 4.5 | G62: gompertz | H62: 1.618 | I62: -0.141 | J62: =IF(D62="D", 250, 50) -> 50 | K62: L-Category | L62: =IF(D62="G","Petrol",IF(D62="D","Diesel",IF(D62="HY","Petrol Hybrid",IF(D62="GLP","LPG Bifuell ~ LPG",D62)))) -> Petrol | M62: Motorcycles 4-stroke >750 cm³ | Q62: 54.7 | R62: WMTC | S62: 9.111 | U62: Motorcycle | V62: 4S | W62: >=750 | X62: =D62 -> G
A63: MC | B63: MC_ELEC | C63: Motorcycle electric | D63: ELEC | E63: all | F63: 4.5 | G63: gompertz | H63: 1.618 | I63: -0.141 | J63: =IF(D63="D", 250, 50) -> 50 | K63: L-Category | L63: =IF(D63="G","Petrol",IF(D63="D","Diesel",IF(D63="HY","Petrol Hybrid",IF(D63="GLP","LPG Bifuell ~ LPG",D63)))) -> ELEC | M63: Mopeds 2-stroke <50 cm³ | Q63: 54.7 | R63: WMTC | S63: 9.111 | U63: Motorcycle | V63: 4S | W63: <=250 | X63: =D63 -> ELEC

Sheet fleet_age
A1: Year | B1: PC_MINI_G | C1: PC_SMALL_G | D1: PC_MEDIUM_G | E1: PC_SUV_G | F1: PC_MINI_D | G1: PC_SMALL_D | H1: PC_MEDIUM_D | I1: PC_SUV_D | J1: PC_ELEC | K1: PC_SMALL_HY | L1: TAXI_SMALL_G | M1: TAXI_SMALL_GLP | N1: LCV_NI_G | O1: LCV_NII_G | P1: LCV_NIII_G | Q1: LCV_NI_D | R1: LCV_NII_D | S1: LCV_NIII_D | T1: LCV_ELEC | U1: LCV_HY | V1: TRUCKS_RT_7_D | W1: TRUCKS_RT_7_12_D | X1: TRUCKS_RT_12_14_D | Y1: TRUCKS_RT_14_16_D | Z1: TRUCKS_RT_16_20_D | AA1: TRUCKS_RT_20_26_D | AB1: TRUCKS_RT_26_28_D | AC1: TRUCKS_RT_28_32_D | AD1: TRUCKS_RT_32_D | AE1: TRUCKS_RT_7_G | AF1: TRUCKS_RT_7_12_G | AG1: TRUCKS_RT_12_14_G | AH1: TRUCKS_RT_14_16_G | AI1: TRUCKS_RT_16_20_G | AJ1: TRUCKS_RT_20_26_G | AK1: TRUCKS_RT_26_28_G | AL1: TRUCKS_RT_28_32_G | AM1: TRUCKS_RT_32_G | AN1: TRUCKS_AT_16_20_D | AO1: TRUCKS_AT_20_28_D | AP1: TRUCKS_AT_28_34_D | AQ1: TRUCKS_AT_34_40_D | AR1: TRUCKS_AT_40_50_D | AS1: TRUCKS_AT_50_60_D | AT1: TRUCKS_ELEC | AU1: BUS_UB_15_D | AV1: BUS_UB_15_18_D | AW1: BUS_UB_18_D | AX1: BUS_UB_15_G | AY1: BUS_UB_15_18_G | AZ1: BUS_UB_18_G | BA1: BUS_COACH_17_D | BB1: BUS_COACH_18_D | BC1: BUS_COACH_17_G | BD1: BUS_COACH_18_G | BE1: BUS_UB_15_HY | BF1: BUS_ELEC | BG1: MC_2S_50_G | BH1: MC_4S_50_250_G | BI1: MC_4S_250_750_G | BJ1: MC_4S_750_G | BK1: MC_ELEC | BL1: Region
A2: 2026 | B2: 0 | C2: 0 | D2: 0 | E2: 0 | F2: 0 | G2: 0 | H2: 0 | I2: 0 | J2: 0 | K2: 0 | L2: 0 | M2: 0 | N2: 0 | O2: 0 | P2: 0 | Q2: 0 | R2: 0 | S2: 0 | T2: 0 | U2: 0 | V2: 0 | W2: 0 | X2: 0 | Y2: 0 | Z2: 0 | AA2: 0 | AB2: 0 | AC2: 0 | AD2: 0 | AE2: 0 | AF2: 0 | AG2: 0 | AH2: 0 | AI2: 0 | AJ2: 0 | AK2: 0 | AL2: 0 | AM2: 0 | AN2: 0 | AO2: 0 | AP2: 0 | AQ2: 0 | AR2: 0 | AS2: 0 | AT2: 0 | AU2: 0 | AV2: 0 | AW2: 0 | AX2: 0 | AY2: 0 | AZ2: 0 | BA2: 0 | BB2: 0 | BC2: 0 | BD2: 0 | BE2: 0 | BF2: 0 | BG2: 0.15734693 | BH2: 26.592981 | BI2: 0.22778869 | BJ2: 0.00296881 | BK2: 0.0080967545 | BL2: EC
A3: 2025 | B3: 153.02269 | C3: 4820.2146 | D3: 2677.897 | E3: 17070.015 | F3: 1.0821987 | G3: 34.089258 | H3: 18.938476 | I3: 120.72162 | J3: 5.026721 | K3: 83.650287 | L3: 245.44069 | M3: 0.21506944 | N3: 1073.1759 | O3: 98.682844 | P3: 61.676777 | Q3: 1033.3332 | R3: 406.02968 | S3: 131.86612 | T3: 0.021478315 | U3: 0.0070199318 | V3: 1733.2907 | W3: 681.06535 | X3: 221.18935 | Y3: 221.18935 | Z3: 144.58622 | AA3: 144.58622 | AB3: 144.58622 | AC3: 144.58622 | AD3: 144.58622 | AE3: 6.6374673 | AF3: 2.6080732 | AG3: 0.847023 | AH3: 0.847023 | AI3: 0.55367879 | AJ3: 0.55367879 | AK3: 0.55367879 | AL3: 0.55367879 | AM3: 0.55367879 | AN3: 1.1949731 | AO3: 19.453051 | AP3: 21.509516 | AQ3: 78.515432 | AR3: 78.515432 | AS3: 78.515432 | AT3: 0.0002188176 | AU3: 56.413013 | AV3: 62.221217 | AW3: 4.1391797 | AX3: 0.19587852 | AY3: 0.21604589 | AZ3: 0.014372152 | BA3: 27.861575 | BB3: 71.901557 | BC3: 0.09674158 | BD3: 0.24965818 | BE3: 0.19587852 | BF3: 0.0019587852 | BG3: 471.03843 | BH3: 79609.535 | BI3: 681.91498 | BJ3: 8.8875176 | BK3: 24.238684 | BL3: EC
A4: 2024 | B4: 537.38322 | C4: 16927.571 | D4: 9404.2064 | E4: 52188.01 | F4: 3.8004522 | G4: 119.71424 | H4: 66.507913 | I4: 369.08118 | J4: 17.652778 | K4: 293.76207 | L4: 861.93565 | M4: 0.51792232 | N4: 2584.3828 | O4: 237.6444 | P4: 148.52775 | Q4: 2107.7791 | R4: 805.86754 | S4: 252.68 | T4: 0.041156446 | U4: 0.012180902 | V4: 3535.5427 | W4: 1351.7447 | X4: 423.83994 | Y4: 423.83994 | Z4: 250.88429 | AA4: 250.88429 | AB4: 250.88429 | AC4: 250.88429 | AD4: 250.88429 | AE4: 13.539015 | AF4: 5.1763741 | AG4: 1.6230536 | AH4: 1.6230536 | AI4: 0.96073686 | AJ4: 0.96073686 | AK4: 0.96073686 | AL4: 0.96073686 | AM4: 0.96073686 | AN4: 3.8932995 | AO4: 63.379294 | AP4: 70.079391 | AQ4: 255.80834 | AR4: 255.80834 | AS4: 255.80834 | AT4: 0.00044634116 | AU4: 177.68857 | AV4: 195.98313 | AW4: 13.037504 | AX4: 0.61697419 | AY4: 0.68049698 | AZ4: 0.045269112 | BA4: 87.757825 | BB4: 226.47407 | BC4: 0.30471467 | BD4: 0.78636829 | BE4: 0.61697419 | BF4: 0.0061697419 | BG4: 797.32934 | BH4: 134755.5 | BI4: 1154.2812 | BJ4: 15.04395 | BK4: 41.028954 | BL4: EC
A5: 2023 | B5: 536.23268 | C5: 16891.329 | D5: 9384.0718 | E5: 56070.616 | F5: 3.7923153 | G5: 119.45793 | H5: 66.365519 | I5: 396.53954 | J5: 17.614983 | K5: 293.13312 | L5: 860.09024 | M5: 0.38313226 | N5: 1911.7933 | O5: 175.79709 | P5: 109.87318 | Q5: 2548.6759 | R5: 972.33124 | S5: 304.30424 | T5: 0.049564987 | U5: 0.013920418 | V5: 4275.0935 | W5: 1630.9673 | X5: 510.43331 | Y5: 510.43331 | Z5: 286.71227 | AA5: 286.71227 | AB5: 286.71227 | AC5: 286.71227 | AD5: 286.71227 | AE5: 16.371053 | AF5: 6.2456297 | AG5: 1.9546544 | AH5: 1.9546544 | AI5: 1.0979366 | AJ5: 1.0979366 | AK5: 1.0979366 | AL5: 1.0979366 | AM5: 1.0979366 | AN5: 5.7821279 | AO5: 94.127664 | AP5: 104.0783 | AQ5: 379.91338 | AR5: 379.91338 | AS5: 379.91338 | AT5: 0.00053970503 | AU5: 151.09741 | AV5: 166.65419 | AW5: 11.086437 | AX5: 0.52464379 | AY5: 0.57866037 | AZ5: 0.038494574 | BA5: 74.624836 | BB5: 192.58214 | BC5: 0.25911401 | BD5: 0.668688 | BE5: 0.52464379 | BF5: 0.0052464379 | BG5: 575.45852 | BH5: 97257.424 | BI5: 833.08231 | BJ5: 10.857708 | BK5: 29.61193 | BL5: EC
A6: 2022 | B6: 473.86915 | C6: 14926.878 | D6: 8292.7102 | E6: 39429.619 | F6: 3.3512715 | G6: 105.56505 | H6: 58.647251 | I6: 278.85199 | J6: 15.566372 | K6: 259.04192 | L6: 760.06229 | M6: 0.22016654 | N6: 1098.61 | O6: 101.02161 | P6: 63.138505 | Q6: 2410.6848 | R6: 908.60895 | S6: 279.85111 | T6: 0.045582068 | U6: 0.011902171 | V6: 4043.6302 | W6: 1524.0809 | X6: 469.41616 | Y6: 469.41616 | Z6: 245.1434 | AA6: 245.1434 | AB6: 245.1434 | AC6: 245.1434 | AD6: 245.1434 | AE6: 15.484687 | AF6: 5.8363187 | AG6: 1.7975833 | AH6: 1.7975833 | AI6: 0.93875268 | AJ6: 0.93875268 | AK6: 0.93875268 | AL6: 0.93875268 | AM6: 0.93875268 | AN6: 3.5378057 | AO6: 57.592186 | AP6: 63.680502 | AQ6: 232.45071 | AR6: 232.45071 | AS6: 232.45071 | AT6: 0.00051048417 | AU6: 42.744662 | AV6: 47.145592 | AW6: 3.1362947 | AX6: 0.14841897 | AY6: 0.16369997 | AZ6: 0.010889912 | BA6: 21.110973 | BB6: 54.480475 | BC6: 0.07330199 | BD6: 0.18916832 | BE6: 0.14841897 | BF6: 0.0014841897 | BG6: 542.02521 | BH6: 91606.909 | BI6: 784.68143 | BJ6: 10.226891 | BK6: 27.89152 | BL6: EC
A7: 2021 | B7: 285.35503 | C7: 8988.6836 | D7: 4993.7131 | E7: 18133.783 | F7: 2.0180722 | G7: 63.569276 | H7: 35.316264 | I7: 128.24475 | J7: 9.3737745 | K7: 155.99014 | L7: 457.69512 | M7: 0.15871813 | N7: 791.98829 | O7: 72.826509 | P7: 45.516568 | Q7: 1637.441 | R7: 609.88192 | S7: 184.82906 | T7: 0.030104904 | U7: 0.0072774567 | V7: 2746.608 | W7: 1023.0027 | X7: 310.02824 | Y7: 310.02824 | Z7: 149.89034 | AA7: 149.89034 | AB7: 149.89034 | AC7: 149.89034 | AD7: 149.89034 | AE7: 10.517867 | AF7: 3.9174887 | AG7: 1.1872228 | AH7: 1.1872228 | AI7: 0.57399039 | AJ7: 0.57399039 | AK7: 0.57399039 | AL7: 0.57399039 | AM7: 0.57399039 | AN7: 1.7988843 | AO7: 29.284162 | AP7: 32.379917 | AQ7: 118.19527 | AR7: 118.19527 | AS7: 118.19527 | AT7: 0.00034674286 | AU7: 100.89728 | AV7: 111.28553 | AW7: 7.4031143 | AX7: 0.35033779 | AY7: 0.38640807 | AZ7: 0.025705258 | BA7: 49.831716 | BB7: 128.59926 | BC7: 0.17302679 | BD7: 0.44652521 | BE7: 0.35033779 | BF7: 0.0035033779 | BG7: 425.99059 | BH7: 71996.063 | BI7: 616.69992 | BJ7: 8.0375583 | BK7: 21.920613 | BL7: EC
A8: 2020 | B8: 726.93088 | C8: 22898.323 | D8: 12721.29 | E8: 29570.995 | F8: 5.1409608 | G8: 161.94026 | H8: 89.966813 | I8: 209.13037 | J8: 23.879327 | K8: 397.37884 | L8: 1165.9606 | M8: 0.3334355 | N8: 1663.8113 | O8: 152.99414 | P8: 95.621337 | Q8: 1848.291 | R8: 689.83681 | S8: 209.58498 | T8: 0.034137141 | U8: 0.0085121119 | V8: 3100.2831 | W8: 1157.1173 | X8: 351.55328 | Y8: 351.55328 | Z8: 175.31995 | AA8: 175.31995 | AB8: 175.31995 | AC8: 175.31995 | AD8: 175.31995 | AE8: 11.872231 | AF8: 4.4310674 | AG8: 1.3462389 | AH8: 1.3462389 | AI8: 0.67137059 | AJ8: 0.67137059 | AK8: 0.67137059 | AL8: 0.67137059 | AM8: 0.67137059 | AN8: 4.3644358 | AO8: 71.048955 | AP8: 78.559845 | AQ8: 286.76425 | AR8: 286.76425 | AS8: 286.76425 | AT8: 0.00039139223 | AU8: 343.69691 | AV8: 379.08345 | AW8: 25.217998 | AX8: 1.193392 | AY8: 1.316262 | AZ8: 0.087562492 | BA8: 169.74695 | BB8: 438.06103 | BC8: 0.58939914 | BD8: 1.5210452 | BE8: 1.193392 | BF8: 0.01193392 | BG8: 386.89279 | BH8: 65388.2 | BI8: 560.09865 | BJ8: 7.2998639 | BK8: 19.90872 | BL8: EC
A9: 2019 | B9: 1197.7774 | C9: 37729.989 | D9: 20961.105 | E9: 41756.063 | F9: 8.4708558 | G9: 266.83196 | H9: 148.23998 | I9: 295.30494 | J9: 39.346407 | K9: 654.76844 | L9: 1921.1747 | M9: 0.61108604 | N9: 3049.2609 | O9: 280.39181 | P9: 175.24488 | Q9: 1851.9599 | R9: 707.0356 | S9: 221.50145 | T9: 0.036078093 | U9: 0.010133562 | V9: 3106.4373 | W9: 1185.9661 | X9: 371.54171 | Y9: 371.54171 | Z9: 208.71619 | AA9: 208.71619 | AB9: 208.71619 | AC9: 208.71619 | AD9: 208.71619 | AE9: 11.895798 | AF9: 4.5415414 | AG9: 1.4227827 | AH9: 1.4227827 | AI9: 0.79925825 | AJ9: 0.79925825 | AK9: 0.79925825 | AL9: 0.79925825 | AM9: 0.79925825 | AN9: 3.7262602 | AO9: 60.66005 | AP9: 67.072684 | AQ9: 244.83307 | AR9: 244.83307 | AS9: 244.83307 | AT9: 0.00039216916 | AU9: 469.19722 | AV9: 517.5051 | AW9: 34.426305 | AX9: 1.629157 | AY9: 1.7968927 | AZ9: 0.11953578 | BA9: 231.72975 | BB9: 598.01823 | BC9: 0.8046172 | BD9: 2.0764522 | BE9: 1.629157 | BF9: 0.01629157 | BG9: 321.54136 | BH9: 54343.248 | BI9: 465.49041 | BJ9: 6.0668182 | BK9: 16.545868 | BL9: EC
A10: 2018 | B10: 777.06741 | C10: 24477.623 | D10: 13598.68 | E10: 27488.311 | F10: 5.4955336 | G10: 173.10931 | H10: 96.171837 | I10: 194.40133 | J10: 25.526288 | K10: 424.78612 | L10: 1246.377 | M10: 0.2513155 | N10: 1254.0403 | O10: 115.31405 | P10: 72.071283 | Q10: 1366.3423 | R10: 518.41614 | S10: 161.10965 | T10: 0.026241493 | U10: 0.0070886619 | V10: 2291.8728 | W10: 869.57995 | X10: 270.24182 | Y10: 270.24182 | Z10: 146.00182 | AA10: 146.00182 | AB10: 146.00182 | AC10: 146.00182 | AD10: 146.00182 | AE10: 8.776503 | AF10: 3.3299714 | AG10: 1.0348646 | AH10: 1.0348646 | AI10: 0.55909969 | AJ10: 0.55909969 | AK10: 0.55909969 | AL10: 0.55909969 | AM10: 0.55909969 | AN10: 1.5847314 | AO10: 25.797952 | AP10: 28.525165 | AQ10: 104.12441 | AR10: 104.12441 | AS10: 104.12441 | AT10: 0.00028933526 | AU10: 456.27442 | AV10: 503.25178 | AW10: 33.478123 | AX10: 1.5842862 | AY10: 1.747402 | AZ10: 0.11624348 | BA10: 225.34737 | BB10: 581.54739 | BC10: 0.78245613 | BD10: 2.0192618 | BE10: 1.5842862 | BF10: 0.015842862 | BG10: 307.29273 | BH10: 51935.106 | BI10: 444.86288 | BJ10: 5.797976 | BK10: 15.812662 | BL10: EC
A11: 2017 | B11: 479.52438 | C11: 15105.018 | D11: 8391.6767 | E11: 16290.959 | F11: 3.3912661 | G11: 106.82488 | H11: 59.347156 | I11: 115.21202 | J11: 15.752143 | K11: 262.13337 | L11: 769.13299 | M11: 0.17046978 | N11: 850.62792 | O11: 78.218659 | P11: 48.886662 | Q11: 486.5305 | R11: 185.30993 | S11: 57.92656 | T11: 0.0094350614 | U11: 0.0025132049 | V11: 816.09567 | W11: 310.83485 | X11: 97.164751 | Y11: 97.164751 | Z11: 51.763293 | AA11: 51.763293 | AB11: 51.763293 | AC11: 51.763293 | AD11: 51.763293 | AE11: 3.1251586 | AF11: 1.1903117 | AG11: 0.37208291 | AH11: 0.37208291 | AI11: 0.19822247 | AJ11: 0.19822247 | AK11: 0.19822247 | AL11: 0.19822247 | AM11: 0.19822247 | AN11: 0.081378097 | AO11: 1.3247597 | AP11: 1.4648057 | AQ11: 5.3469291 | AR11: 5.3469291 | AS11: 5.3469291 | AT11: 0.00010302721 | AU11: 306.91662 | AV11: 338.51631 | AW11: 22.519326 | AX11: 1.0656827 | AY11: 1.1754039 | AZ11: 0.078192103 | BA11: 151.5817 | BB11: 391.18248 | BC11: 0.52632534 | BD11: 1.3582725 | BE11: 1.0656827 | BF11: 0.010656827 | BG11: 165.03362 | BH11: 27892.097 | BI11: 238.91659 | BJ11: 3.1138419 | BK11: 8.492296 | BL11: EC
A12: 2016 | B12: 381.25991 | C12: 12009.687 | D12: 6672.0484 | E12: 13641.776 | F12: 2.6963255 | G12: 84.934252 | H12: 47.185695 | I12: 96.476624 | J12: 12.524203 | K12: 208.41682 | L12: 611.52172 | M12: 0.34051481 | N12: 1699.1363 | O12: 156.24242 | P12: 97.651514 | Q12: 1453.8493 | R12: 551.3448 | S12: 171.24342 | T12: 0.027892079 | U12: 0.0074870442 | V12: 2438.6553 | W12: 924.81376 | X12: 287.23998 | Y12: 287.23998 | Z12: 154.20711 | AA12: 154.20711 | AB12: 154.20711 | AC12: 154.20711 | AD12: 154.20711 | AE12: 9.3385919 | AF12: 3.5414839 | AG12: 1.0999574 | AH12: 1.0999574 | AI12: 0.59052106 | AJ12: 0.59052106 | AK12: 0.59052106 | AL12: 0.59052106 | AM12: 0.59052106 | AN12: 1.3919938 | AO12: 22.660364 | AP12: 25.055888 | AQ12: 91.460629 | AR12: 91.460629 | AS12: 91.460629 | AT12: 0.00030786567 | AU12: 414.02679 | AV12: 456.6544 | AW12: 30.378297 | AX12: 1.437593 | AY12: 1.5856055 | AZ12: 0.1054802 | BA12: 204.48187 | BB12: 527.70041 | BC12: 0.71000649 | BD12: 1.8322931 | BE12: 1.437593 | BF12: 0.01437593 | BG12: 106.05766 | BH12: 17924.654 | BI12: 153.53802 | BJ12: 2.0010879 | BK12: 5.4575124 | BL12: EC
A13: 2015 | B13: 707.39109 | C13: 22282.819 | D13: 12379.344 | E13: 25691.313 | F13: 5.0027725 | G13: 157.58733 | H13: 87.548519 | I13: 181.6927 | J13: 23.237454 | K13: 386.69736 | L13: 1134.6197 | M13: 0.54284149 | N13: 2708.7271 | O13: 249.07836 | P13: 155.67397 | Q13: 3006.8076 | R13: 1163.4883 | S13: 370.83174 | T13: 0.060400967 | U13: 0.018223972 | V13: 5043.5536 | W13: 1951.6099 | X13: 622.02509 | Y13: 622.02509 | Z13: 375.35055 | AA13: 375.35055 | AB13: 375.35055 | AC13: 375.35055 | AD13: 375.35055 | AE13: 19.313796 | AF13: 7.4734994 | AG13: 2.3819843 | AH13: 2.3819843 | AI13: 1.4373682 | AJ13: 1.4373682 | AK13: 1.4373682 | AL13: 1.4373682 | AM13: 1.4373682 | AN13: 5.863506 | AO13: 95.452424 | AP13: 105.54311 | AQ13: 385.26031 | AR13: 385.26031 | AS13: 385.26031 | AT13: 0.00063671854 | AU13: 377.74353 | AV13: 416.63546 | AW13: 27.716093 | AX13: 1.3116095 | AY13: 1.4466509 | AZ13: 0.096236434 | BA13: 186.56209 | BB13: 481.45536 | BC13: 0.64778503 | BD13: 1.67172 | BE13: 1.3116095 | BF13: 0.013116095 | BG13: 234.92479 | BH13: 39704.305 | BI13: 340.09696 | BJ13: 4.4325433 | BK13: 12.088754 | BL13: EC
... A68: 1960 | B68: 0.7664258 | C68: 24.142413 | D68: 13.412452 | E68: 17.004837 | F68: 0.0054202746 | G68: 0.17073865 | H68: 0.094854805 | I68: 0.12026068 | J68: 0.025176716 | K68: 0.41896885 | L68: 1.2293084 | M68: 0.00029485027 | N68: 1.4712747 | O68: 0.13528962 | P68: 0.084556014 | Q68: 2.3759937 | R68: 0.9484651 | S68: 0.31391977 | T68: 5.1131163e-05 | U68: 1.7813954e-05 | V68: 3.9854402 | W68: 1.5909347 | X68: 0.5265622 | Y68: 0.5265622 | Z68: 0.36690559 | AA68: 0.36690559 | AB68: 0.36690559 | AC68: 0.36690559 | AD68: 0.36690559 | AE68: 0.015261853 | AF68: 0.006092329 | AG68: 0.0020164185 | AH68: 0.0020164185 | AI68: 0.0014050291 | AJ68: 0.0014050291 | AK68: 0.0014050291 | AL68: 0.0014050291 | AM68: 0.0014050291 | AN68: 0.0025625017 | AO68: 0.041715145 | AP68: 0.046125031 | AQ68: 0.16836859 | AR68: 0.16836859 | AS68: 0.16836859 | AT68: 5.0313803e-07 | AU68: 0.28081034 | AV68: 0.30972217 | AW68: 0.020603835 | AX68: 0.00097503589 | AY68: 0.0010754242 | AZ68: 7.1541095e-05 | BA68: 0.13868818 | BB68: 0.35790856 | BC68: 0.00048155619 | BD68: 0.0012427381 | BE68: 0.00097503589 | BF68: 0 | BG68: 0.034269312 | BH68: 5.7918077 | BI68: 0.049611149 | BJ68: 0.0006465908 | BK68: 0 | BL68: EC

Sheet fleet_age_2019
A1: Year | B1: =metadata!B2 -> PC_MINI_G | C1: =metadata!B3 -> PC_SMALL_G | D1: =metadata!B4 -> PC_MEDIUM_G | E1: =metadata!B5 -> PC_SUV_G | F1: =metadata!B6 -> PC_MINI_D | G1: =metadata!B7 -> PC_SMALL_D | H1: =metadata!B8 -> PC_MEDIUM_D | I1: =metadata!B9 -> PC_SUV_D | J1: =metadata!B10 -> PC_ELEC | K1: =metadata!B11 -> PC_SMALL_HY | L1: =metadata!B12 -> TAXI_SMALL_G | M1: =metadata!B13 -> TAXI_SMALL_GLP | N1: =metadata!B14 -> LCV_NI_G | O1: =metadata!B15 -> LCV_NII_G | P1: =metadata!B16 -> LCV_NIII_G | Q1: =metadata!B17 -> LCV_NI_D | R1: =metadata!B18 -> LCV_NII_D | S1: =metadata!B19 -> LCV_NIII_D | T1: =metadata!B20 -> LCV_ELEC | U1: =metadata!B21 -> LCV_HY | V1: =metadata!B22 -> TRUCKS_RT_7_D | W1: =metadata!B23 -> TRUCKS_RT_7_12_D | X1: =metadata!B24 -> TRUCKS_RT_12_14_D | Y1: =metadata!B25 -> TRUCKS_RT_14_16_D | Z1: =metadata!B26 -> TRUCKS_RT_16_20_D | AA1: =metadata!B27 -> TRUCKS_RT_20_26_D | AB1: =metadata!B28 -> TRUCKS_RT_26_28_D | AC1: =metadata!B29 -> TRUCKS_RT_28_32_D | AD1: =metadata!B30 -> TRUCKS_RT_32_D | AE1: =metadata!B31 -> TRUCKS_RT_7_G | AF1: =metadata!B32 -> TRUCKS_RT_7_12_G | AG1: =metadata!B33 -> TRUCKS_RT_12_14_G | AH1: =metadata!B34 -> TRUCKS_RT_14_16_G | AI1: =metadata!B35 -> TRUCKS_RT_16_20_G | AJ1: =metadata!B36 -> TRUCKS_RT_20_26_G | AK1: =metadata!B37 -> TRUCKS_RT_26_28_G | AL1: =metadata!B38 -> TRUCKS_RT_28_32_G | AM1: =metadata!B39 -> TRUCKS_RT_32_G | AN1: =metadata!B40 -> TRUCKS_AT_16_20_D | AO1: =metadata!B41 -> TRUCKS_AT_20_28_D | AP1: =metadata!B42 -> TRUCKS_AT_28_34_D | AQ1: =metadata!B43 -> TRUCKS_AT_34_40_D | AR1: =metadata!B44 -> TRUCKS_AT_40_50_D | AS1: =metadata!B45 -> TRUCKS_AT_50_60_D | AT1: =metadata!B46 -> TRUCKS_ELEC | AU1: =metadata!B47 -> BUS_UB_15_D | AV1: =metadata!B48 -> BUS_UB_15_18_D | AW1: =metadata!B49 -> BUS_UB_18_D | AX1: =metadata!B50 -> BUS_UB_15_G | AY1: =metadata!B51 -> BUS_UB_15_18_G | AZ1: =metadata!B52 -> BUS_UB_18_G | BA1: =metadata!B53 -> BUS_COACH_17_D | BB1: =metadata!B54 -> BUS_COACH_18_D | BC1: =metadata!B55 -> BUS_COACH_17_G | BD1: =metadata!B56 -> BUS_COACH_18_G | BE1: =metadata!B57 -> BUS_UB_15_HY | BF1: =metadata!B58 -> BUS_ELEC | BG1: =metadata!B59 -> MC_2S_50_G | BH1: =metadata!B60 -> MC_4S_50_250_G | BI1: =metadata!B61 -> MC_4S_250_750_G | BJ1: =metadata!B62 -> MC_4S_750_G | BK1: =metadata!B63 -> MC_ELEC
A2: 2019 | B2: =base_fleet!H2 -> 18575 | C2: =base_fleet!M2*0.95 -> 37789.1 | D2: =base_fleet!D2 -> 1572 | E2: =base_fleet!R2 -> 14447 | F2: =base_fleet!F2 -> 116 | G2: =base_fleet!K2 -> 505 | H2: =base_fleet!B2 -> 1 | I2: =base_fleet!P2 -> 319 | J2: =base_fleet!C2+base_fleet!G2+base_fleet!L2+base_fleet!Q2 -> 4 | K2: =base_fleet!E2+base_fleet!J2+base_fleet!O2+base_fleet!T2 -> 1618 | L2: =base_fleet!M2*0.05 -> 1988.9 | M2: =base_fleet!I2+base_fleet!N2+base_fleet!S2 -> 1 | N2: =base_fleet!AF2 -> 2027 | O2: =base_fleet!AA2 -> 85 | P2: =base_fleet!V2 -> 221 | Q2: =base_fleet!AD2 -> 2749 | R2: =base_fleet!Y2 -> 148 | S2: =base_fleet!U2 -> 299 | T2: 0 | U2: =base_fleet!X2+base_fleet!AC2+base_fleet!AH2 -> 0 | V2: =base_fleet!AI2 -> 2524 | W2: =base_fleet!AM2 -> 297 | X2: =base_fleet!AP2 -> 80 | Y2: =base_fleet!AS2 -> 24 | Z2: =base_fleet!AU2 -> 99 | AA2: =base_fleet!AW2 -> 4 | AB2: =base_fleet!AY2/2 -> 8.5 | AC2: =base_fleet!AY2/2 -> 8.5 | AD2: =base_fleet!BB2 -> 18 | AE2: =base_fleet!AK2 -> 0 | AF2: =base_fleet!AO2 -> 0 | AG2: =base_fleet!AR2 -> 0 | AH2: =base_fleet!AT2 -> 0 | AI2: =base_fleet!AV2 -> 0 | AJ2: =base_fleet!AX2 -> 0 | AK2: =base_fleet!AZ2 -> 0 | AL2: =base_fleet!BC2 -> 0 | AM2: 0 | AN2: =base_fleet!BD2 -> 174 | AO2: =base_fleet!BE2 -> 109 | AP2: =base_fleet!BF2 -> 1 | AQ2: =base_fleet!BG2 -> 20 | AR2: =base_fleet!BH2 -> 98 | AS2: =base_fleet!BI2 -> 5 | AT2: =base_fleet!AQ2+base_fleet!AN2+base_fleet!AJ2 -> 0 | AU2: =base_fleet!BL2 -> 417.35 | AV2: =base_fleet!BJ2 -> 30.6 | AW2: =base_fleet!BN2 -> 17 | AX2: =base_fleet!BM2 -> 0 | AY2: =base_fleet!BK2 -> 0.85 | AZ2: =base_fleet!BO2 -> 0 | BA2: =base_fleet!BP2 -> 184.35 | BB2: =base_fleet!BR2 -> 5.25 | BC2: =base_fleet!BQ2 -> 1.95 | BD2: =base_fleet!BS2 -> 0.15 | BE2: 0 | BF2: 0 | BG2: =base_fleet!CE2 -> 0 | BH2: =base_fleet!CA2 -> 31369 | BI2: =base_fleet!BV2 -> 66 | BJ2: =base_fleet!CH2 -> 0 | BK2: =base_fleet!BU2+base_fleet!BZ2+base_fleet!CD2 -> 0
A3: =A2-1 -> 2018 | B3: =base_fleet!H3 -> 8602 | C3: =base_fleet!M3*0.95 -> 24402.65 | D3: =base_fleet!D3 -> 891 | E3: =base_fleet!R3 -> 39723 | F3: =base_fleet!F3 -> 25 | G3: =base_fleet!K3 -> 281 | H3: =base_fleet!B3 -> 15 | I3: =base_fleet!P3 -> 648 | J3: =base_fleet!C3+base_fleet!G3+base_fleet!L3+base_fleet!Q3 -> 6 | K3: =base_fleet!E3+base_fleet!J3+base_fleet!O3+base_fleet!T3 -> 1557 | L3: =base_fleet!M3*0.05 -> 1284.35 | M3: =base_fleet!I3+base_fleet!N3+base_fleet!S3 -> 1 | N3: =base_fleet!AF3 -> 9033 | O3: =base_fleet!AA3 -> 605 | P3: =base_fleet!V3 -> 946 | Q3: =base_fleet!AD3 -> 12345 | R3: =base_fleet!Y3 -> 728 | S3: =base_fleet!U3 -> 974 | T3: =base_fleet!Z3+base_fleet!AE3 -> 7 | U3: =base_fleet!X3+base_fleet!AC3+base_fleet!AH3 -> 0 | V3: =base_fleet!AI3 -> 3968 | W3: =base_fleet!AM3 -> 455 | X3: =base_fleet!AP3 -> 246 | Y3: =base_fleet!AS3 -> 111 | Z3: =base_fleet!AU3 -> 256 | AA3: =base_fleet!AW3 -> 19 | AB3: =base_fleet!AY3/2 -> 34 | AC3: =base_fleet!AY3/2 -> 34 | AD3: =base_fleet!BB3 -> 29 | AE3: =base_fleet!AK3 -> 90 | AF3: =base_fleet!AO3 -> 1 | AG3: =base_fleet!AR3 -> 0 | AH3: =base_fleet!AT3 -> 0 | AI3: =base_fleet!AV3 -> 0 | AJ3: =base_fleet!AX3 -> 0 | AK3: =base_fleet!AZ3 -> 0 | AL3: =base_fleet!BC3 -> 0 | AM3: 0 | AN3: =base_fleet!BD3 -> 304 | AO3: =base_fleet!BE3 -> 236 | AP3: =base_fleet!BF3 -> 4 | AQ3: =base_fleet!BG3 -> 14 | AR3: =base_fleet!BH3 -> 261 | AS3: =base_fleet!BI3 -> 22 | AT3: =base_fleet!AQ3+base_fleet!AN3+base_fleet!AJ3 -> 0 | AU3: =base_fleet!BL3 -> 1114.35 | AV3: =base_fleet!BJ3 -> 232.9 | AW3: =base_fleet!BN3 -> 123.25 | AX3: =base_fleet!BM3 -> 1.7 | AY3: =base_fleet!BK3 -> 1.7 | AZ3: =base_fleet!BO3 -> 0.85 | BA3: =base_fleet!BP3 -> 217.65 | BB3: =base_fleet!BR3 -> 4.5 | BC3: =base_fleet!BQ3 -> 1.8 | BD3: =base_fleet!BS3 -> 0 | BE3: 0 | BF3: 0 | BG3: =base_fleet!CE3 -> 19 | BH3: =base_fleet!CA3 -> 102301 | BI3: =base_fleet!BV3 -> 767 | BJ3: =base_fleet!CH3 -> 4 | BK3: =base_fleet!BU3+base_fleet!BZ3+base_fleet!CD3 -> 69
A4: =A3-1 -> 2017 | B4: =base_fleet!H4 -> 5522 | C4: =base_fleet!M4*0.95 -> 15650.3 | D4: =base_fleet!D4 -> 106 | E4: =base_fleet!R4 -> 24392 | F4: =base_fleet!F4 -> 1 | G4: =base_fleet!K4 -> 10 | H4: =base_fleet!B4 -> 0 | I4: =base_fleet!P4 -> 525 | J4: =base_fleet!C4+base_fleet!G4+base_fleet!L4+base_fleet!Q4 -> 87 | K4: =base_fleet!E4+base_fleet!J4+base_fleet!O4+base_fleet!T4 -> 1571 | L4: =base_fleet!M4*0.05 -> 823.7 | M4: =base_fleet!I4+base_fleet!N4+base_fleet!S4 -> 0 | N4: =base_fleet!AF4 -> 4790 | O4: =base_fleet!AA4 -> 488 | P4: =base_fleet!V4 -> 435 | Q4: =base_fleet!AD4 -> 8926 | R4: =base_fleet!Y4 -> 552 | S4: =base_fleet!U4 -> 493 | T4: =base_fleet!Z4+base_fleet!AE4 -> 0 | U4: =base_fleet!X4+base_fleet!AC4+base_fleet!AH4 -> 2 | V4: =base_fleet!AI4 -> 2936 | W4: =base_fleet!AM4 -> 342 | X4: =base_fleet!AP4 -> 222 | Y4: =base_fleet!AS4 -> 73 | Z4: =base_fleet!AU4 -> 203 | AA4: =base_fleet!AW4 -> 15 | AB4: =base_fleet!AY4/2 -> 16 | AC4: =base_fleet!AY4/2 -> 16 | AD4: =base_fleet!BB4 -> 4 | AE4: =base_fleet!AK4 -> 9 | AF4: =base_fleet!AO4 -> 0 | AG4: =base_fleet!AR4 -> 0 | AH4: =base_fleet!AT4 -> 0 | AI4: =base_fleet!AV4 -> 0 | AJ4: =base_fleet!AX4 -> 0 | AK4: =base_fleet!AZ4 -> 0 | AL4: =base_fleet!BC4 -> 0 | AM4: 0 | AN4: =base_fleet!BD4 -> 164 | AO4: =base_fleet!BE4 -> 90 | AP4: =base_fleet!BF4 -> 1 | AQ4: =base_fleet!BG4 -> 22 | AR4: =base_fleet!BH4 -> 71 | AS4: =base_fleet!BI4 -> 7 | AT4: =base_fleet!AQ4+base_fleet!AN4+base_fleet!AJ4 -> 0 | AU4: =base_fleet!BL4 -> 1210.4 | AV4: =base_fleet!BJ4 -> 302.6 | AW4: =base_fleet!BN4 -> 66.3 | AX4: =base_fleet!BM4 -> 3.4 | AY4: =base_fleet!BK4 -> 0 | AZ4: =base_fleet!BO4 -> 0 | BA4: =base_fleet!BP4 -> 224.1 | BB4: =base_fleet!BR4 -> 0.15 | BC4: =base_fleet!BQ4 -> 1.8 | BD4: =base_fleet!BS4 -> 0 | BE4: 0 | BF4: 0 | BG4: =base_fleet!CE4 -> 3 | BH4: =base_fleet!CA4 -> 73869 | BI4: =base_fleet!BV4 -> 1485 | BJ4: =base_fleet!CH4 -> 2 | BK4: =base_fleet!BU4+base_fleet!BZ4+base_fleet!CD4 -> 76
A5: =A4-1 -> 2016 | B5: =base_fleet!H5 -> 4030 | C5: =base_fleet!M5*0.95 -> 13349.4 | D5: =base_fleet!D5 -> 201 | E5: =base_fleet!R5 -> 14707 | F5: =base_fleet!F5 -> 1 | G5: =base_fleet!K5 -> 193 | H5: =base_fleet!B5 -> 1 | I5: =base_fleet!P5 -> 460 | J5: =base_fleet!C5+base_fleet!G5+base_fleet!L5+base_fleet!Q5 -> 43 | K5: =base_fleet!E5+base_fleet!J5+base_fleet!O5+base_fleet!T5 -> 553 | L5: =base_fleet!M5*0.05 -> 702.6 | M5: =base_fleet!I5+base_fleet!N5+base_fleet!S5 -> 1 | N5: =base_fleet!AF5 -> 2649 | O5: =base_fleet!AA5 -> 390 | P5: =base_fleet!V5 -> 365 | Q5: =base_fleet!AD5 -> 5916 | R5: =base_fleet!Y5 -> 353 | S5: =base_fleet!U5 -> 801 | T5: =base_fleet!Z5+base_fleet!AE5 -> 0 | U5: =base_fleet!X5+base_fleet!AC5+base_fleet!AH5 -> 0 | V5: =base_fleet!AI5 -> 1045 | W5: =base_fleet!AM5 -> 159 | X5: =base_fleet!AP5 -> 18 | Y5: =base_fleet!AS5 -> 45 | Z5: =base_fleet!AU5 -> 43 | AA5: =base_fleet!AW5 -> 10 | AB5: =base_fleet!AY5/2 -> 4 | AC5: =base_fleet!AY5/2 -> 4 | AD5: =base_fleet!BB5 -> 1 | AE5: =base_fleet!AK5 -> 13 | AF5: =base_fleet!AO5 -> 1 | AG5: =base_fleet!AR5 -> 0 | AH5: =base_fleet!AT5 -> 0 | AI5: =base_fleet!AV5 -> 0 | AJ5: =base_fleet!AX5 -> 0 | AK5: =base_fleet!AZ5 -> 0 | AL5: =base_fleet!BC5 -> 0 | AM5: 0 | AN5: =base_fleet!BD5 -> 21 | AO5: =base_fleet!BE5 -> 1 | AP5: =base_fleet!BF5 -> 0 | AQ5: =base_fleet!BG5 -> 0 | AR5: =base_fleet!BH5 -> 1 | AS5: =base_fleet!BI5 -> 0 | AT5: =base_fleet!AQ5+base_fleet!AN5+base_fleet!AJ5 -> 0 | AU5: =base_fleet!BL5 -> 939.25 | AV5: =base_fleet!BJ5 -> 75.65 | AW5: =base_fleet!BN5 -> 17 | AX5: =base_fleet!BM5 -> 1.7 | AY5: =base_fleet!BK5 -> 0 | AZ5: =base_fleet!BO5 -> 0 | BA5: =base_fleet!BP5 -> 162.15 | BB5: =base_fleet!BR5 -> 1.35 | BC5: =base_fleet!BQ5 -> 1.35 | BD5: =base_fleet!BS5 -> 0 | BE5: 0 | BF5: 0 | BG5: =base_fleet!CE5 -> 0 | BH5: =base_fleet!CA5 -> 37270 | BI5: =base_fleet!BV5 -> 465 | BJ5: =base_fleet!CH5 -> 0 | BK5: =base_fleet!BU5+base_fleet!BZ5+base_fleet!CD5 -> 6
A6: =A5-1 -> 2015 | B6: =base_fleet!H6 -> 9792 | C6: =base_fleet!M6*0.95 -> 23799.4 | D6: =base_fleet!D6 -> 36 | E6: =base_fleet!R6 -> 12476 | F6: =base_fleet!F6 -> 1 | G6: =base_fleet!K6 -> 15 | H6: =base_fleet!B6 -> 2 | I6: =base_fleet!P6 -> 123 | J6: =base_fleet!C6+base_fleet!G6+base_fleet!L6+base_fleet!Q6 -> 68 | K6: =base_fleet!E6+base_fleet!J6+base_fleet!O6+base_fleet!T6 -> 717 | L6: =base_fleet!M6*0.05 -> 1252.6 | M6: =base_fleet!I6+base_fleet!N6+base_fleet!S6 -> 1 | N6: =base_fleet!AF6 -> 3757 | O6: =base_fleet!AA6 -> 293 | P6: =base_fleet!V6 -> 1085 | Q6: =base_fleet!AD6 -> 4351 | R6: =base_fleet!Y6 -> 192 | S6: =base_fleet!U6 -> 961 | T6: =base_fleet!Z6+base_fleet!AE6 -> 3 | U6: =base_fleet!X6+base_fleet!AC6+base_fleet!AH6 -> 1 | V6: =base_fleet!AI6 -> 3185 | W6: =base_fleet!AM6 -> 328 | X6: =base_fleet!AP6 -> 81 | Y6: =base_fleet!AS6 -> 200 | Z6: =base_fleet!AU6 -> 165 | AA6: =base_fleet!AW6 -> 18 | AB6: =base_fleet!AY6/2 -> 9.5 | AC6: =base_fleet!AY6/2 -> 9.5 | AD6: =base_fleet!BB6 -> 2 | AE6: =base_fleet!AK6 -> 45 | AF6: =base_fleet!AO6 -> 3 | AG6: =base_fleet!AR6 -> 0 | AH6: =base_fleet!AT6 -> 0 | AI6: =base_fleet!AV6 -> 2 | AJ6: =base_fleet!AX6 -> 0 | AK6: =base_fleet!AZ6 -> 1 | AL6: =base_fleet!BC6 -> 0 | AM6: 0 | AN6: =base_fleet!BD6 -> 118 | AO6: =base_fleet!BE6 -> 112 | AP6: =base_fleet!BF6 -> 3 | AQ6: =base_fleet!BG6 -> 14 | AR6: =base_fleet!BH6 -> 46 | AS6: =base_fleet!BI6 -> 11 | AT6: =base_fleet!AQ6+base_fleet!AN6+base_fleet!AJ6 -> 1 | AU6: =base_fleet!BL6 -> 1212.95 | AV6: =base_fleet!BJ6 -> 135.15 | AW6: =base_fleet!BN6 -> 61.2 | AX6: =base_fleet!BM6 -> 9.35 | AY6: =base_fleet!BK6 -> 0.85 | AZ6: =base_fleet!BO6 -> 0 | BA6: =base_fleet!BP6 -> 169.65 | BB6: =base_fleet!BR6 -> 0.3 | BC6: =base_fleet!BQ6 -> 1.35 | BD6: =base_fleet!BS6 -> 0 | BE6: 0 | BF6: 0 | BG6: =base_fleet!CE6 -> 6 | BH6: =base_fleet!CA6 -> 24810 | BI6: =base_fleet!BV6 -> 86 | BJ6: =base_fleet!CH6 -> 2 | BK6: =base_fleet!BU6+base_fleet!BZ6+base_fleet!CD6 -> 1
A7: =A6-1 -> 2014 | B7: =base_fleet!H7 -> 15449 | C7: =base_fleet!M7*0.95 -> 17061.05 | D7: =base_fleet!D7 -> 78 | E7: =base_fleet!R7 -> 24529 | F7: =base_fleet!F7 -> 1 | G7: =base_fleet!K7 -> 25 | H7: =base_fleet!B7 -> 2 | I7: =base_fleet!P7 -> 93 | J7: =base_fleet!C7+base_fleet!G7+base_fleet!L7+base_fleet!Q7 -> 2 | K7: =base_fleet!E7+base_fleet!J7+base_fleet!O7+base_fleet!T7 -> 85 | L7: =base_fleet!M7*0.05 -> 897.95 | M7: =base_fleet!I7+base_fleet!N7+base_fleet!S7 -> 3 | N7: =base_fleet!AF7 -> 7747 | O7: =base_fleet!AA7 -> 886 | P7: =base_fleet!V7 -> 1496 | Q7: =base_fleet!AD7 -> 8830 | R7: =base_fleet!Y7 -> 648 | S7: =base_fleet!U7 -> 1991 | T7: =base_fleet!Z7+base_fleet!AE7 -> 0 | U7: =base_fleet!X7+base_fleet!AC7+base_fleet!AH7 -> 1 | V7: =base_fleet!AI7 -> 6124 | W7: =base_fleet!AM7 -> 1072 | X7: =base_fleet!AP7 -> 197 | Y7: =base_fleet!AS7 -> 591 | Z7: =base_fleet!AU7 -> 495 | AA7: =base_fleet!AW7 -> 162 | AB7: =base_fleet!AY7/2 -> 103.5 | AC7: =base_fleet!AY7/2 -> 103.5 | AD7: =base_fleet!BB7 -> 8 | AE7: =base_fleet!AK7 -> 60 | AF7: =base_fleet!AO7 -> 5 | AG7: =base_fleet!AR7 -> 2 | AH7: =base_fleet!AT7 -> 2 | AI7: =base_fleet!AV7 -> 5 | AJ7: =base_fleet!AX7 -> 0 | AK7: =base_fleet!AZ7 -> 4 | AL7: =base_fleet!BC7 -> 0 | AM7: 0 | AN7: =base_fleet!BD7 -> 224 | AO7: =base_fleet!BE7 -> 661 | AP7: =base_fleet!BF7 -> 7 | AQ7: =base_fleet!BG7 -> 174 | AR7: =base_fleet!BH7 -> 307 | AS7: =base_fleet!BI7 -> 5 | AT7: =base_fleet!AQ7+base_fleet!AN7+base_fleet!AJ7 -> 0 | AU7: =base_fleet!BL7 -> 1134.75 | AV7: =base_fleet!BJ7 -> 112.2 | AW7: =base_fleet!BN7 -> 68 | AX7: =base_fleet!BM7 -> 10.2 | AY7: =base_fleet!BK7 -> 0 | AZ7: =base_fleet!BO7 -> 0 | BA7: =base_fleet!BP7 -> 198.6 | BB7: =base_fleet!BR7 -> 2.85 | BC7: =base_fleet!BQ7 -> 1.65 | BD7: =base_fleet!BS7 -> 0 | BE7: 0 | BF7: 0 | BG7: =base_fleet!CE7 -> 67 | BH7: =base_fleet!CA7 -> 53787 | BI7: =base_fleet!BV7 -> 127 | BJ7: =base_fleet!CH7 -> 4 | BK7: =base_fleet!BU7+base_fleet!BZ7+base_fleet!CD7 -> 0
A8: =A7-1 -> 2013 | B8: =base_fleet!H8 -> 20796 | C8: =base_fleet!M8*0.95 -> 19845.5 | D8: =base_fleet!D8 -> 64 | E8: =base_fleet!R8 -> 21361 | F8: =base_fleet!F8 -> 3 | G8: =base_fleet!K8 -> 30 | H8: =base_fleet!B8 -> 2 | I8: =base_fleet!P8 -> 74 | J8: =base_fleet!C8+base_fleet!G8+base_fleet!L8+base_fleet!Q8 -> 1 | K8: =base_fleet!E8+base_fleet!J8+base_fleet!O8+base_fleet!T8 -> 342 | L8: =base_fleet!M8*0.05 -> 1044.5 | M8: =base_fleet!I8+base_fleet!N8+base_fleet!S8 -> 2 | N8: =base_fleet!AF8 -> 7038 | O8: =base_fleet!AA8 -> 731 | P8: =base_fleet!V8 -> 1226 | Q8: =base_fleet!AD8 -> 7922 | R8: =base_fleet!Y8 -> 745 | S8: =base_fleet!U8 -> 1266 | T8: =base_fleet!Z8+base_fleet!AE8 -> 0 | U8: =base_fleet!X8+base_fleet!AC8+base_fleet!AH8 -> 1 | V8: =base_fleet!AI8 -> 4776 | W8: =base_fleet!AM8 -> 588 | X8: =base_fleet!AP8 -> 259 | Y8: =base_fleet!AS8 -> 128 | Z8: =base_fleet!AU8 -> 501 | AA8: =base_fleet!AW8 -> 131 | AB8: =base_fleet!AY8/2 -> 68 | AC8: =base_fleet!AY8/2 -> 68 | AD8: =base_fleet!BB8 -> 17 | AE8: =base_fleet!AK8 -> 17 | AF8: =base_fleet!AO8 -> 3 | AG8: =base_fleet!AR8 -> 0 | AH8: =base_fleet!AT8 -> 0 | AI8: =base_fleet!AV8 -> 2 | AJ8: =base_fleet!AX8 -> 2 | AK8: =base_fleet!AZ8 -> 0 | AL8: =base_fleet!BC8 -> 1 | AM8: 0 | AN8: =base_fleet!BD8 -> 217 | AO8: =base_fleet!BE8 -> 552 | AP8: =base_fleet!BF8 -> 16 | AQ8: =base_fleet!BG8 -> 174 | AR8: =base_fleet!BH8 -> 183 | AS8: =base_fleet!BI8 -> 8 | AT8: =base_fleet!AQ8+base_fleet!AN8+base_fleet!AJ8 -> 0 | AU8: =base_fleet!BL8 -> 1153.45 | AV8: =base_fleet!BJ8 -> 281.35 | AW8: =base_fleet!BN8 -> 24.65 | AX8: =base_fleet!BM8 -> 1.7 | AY8: =base_fleet!BK8 -> 0 | AZ8: =base_fleet!BO8 -> 0 | BA8: =base_fleet!BP8 -> 114.15 | BB8: =base_fleet!BR8 -> 0.45 | BC8: =base_fleet!BQ8 -> 1.05 | BD8: =base_fleet!BS8 -> 0 | BE8: 0 | BF8: 0 | BG8: =base_fleet!CE8 -> 35 | BH8: =base_fleet!CA8 -> 46591 | BI8: =base_fleet!BV8 -> 365 | BJ8: =base_fleet!CH8 -> 10 | BK8: =base_fleet!BU8+base_fleet!BZ8+base_fleet!CD8 -> 5
A9: =A8-1 -> 2012 | B9: =base_fleet!H9 -> 17643 | C9: =base_fleet!M9*0.95 -> 25065.75 | D9: =base_fleet!D9 -> 64 | E9: =base_fleet!R9 -> 23514 | F9: =base_fleet!F9 -> 6 | G9: =base_fleet!K9 -> 35 | H9: =base_fleet!B9 -> 1 | I9: =base_fleet!P9 -> 124 | J9: =base_fleet!C9+base_fleet!G9+base_fleet!L9+base_fleet!Q9 -> 1 | K9: =base_fleet!E9+base_fleet!J9+base_fleet!O9+base_fleet!T9 -> 272 | L9: =base_fleet!M9*0.05 -> 1319.25 | M9: =base_fleet!I9+base_fleet!N9+base_fleet!S9 -> 2 | N9: =base_fleet!AF9 -> 12369 | O9: =base_fleet!AA9 -> 1400 | P9: =base_fleet!V9 -> 569 | Q9: =base_fleet!AD9 -> 9792 | R9: =base_fleet!Y9 -> 908 | S9: =base_fleet!U9 -> 456 | T9: =base_fleet!Z9+base_fleet!AE9 -> 3 | U9: =base_fleet!X9+base_fleet!AC9+base_fleet!AH9 -> 0 | V9: =base_fleet!AI9 -> 5860 | W9: =base_fleet!AM9 -> 532 | X9: =base_fleet!AP9 -> 335 | Y9: =base_fleet!AS9 -> 126 | Z9: =base_fleet!AU9 -> 412 | AA9: =base_fleet!AW9 -> 343 | AB9: =base_fleet!AY9/2 -> 56 | AC9: =base_fleet!AY9/2 -> 56 | AD9: =base_fleet!BB9 -> 69 | AE9: =base_fleet!AK9 -> 50 | AF9: =base_fleet!AO9 -> 6 | AG9: =base_fleet!AR9 -> 1 | AH9: =base_fleet!AT9 -> 1 | AI9: =base_fleet!AV9 -> 1 | AJ9: =base_fleet!AX9 -> 6 | AK9: =base_fleet!AZ9 -> 0 | AL9: =base_fleet!BC9 -> 0 | AM9: 0 | AN9: =base_fleet!BD9 -> 219 | AO9: =base_fleet!BE9 -> 523 | AP9: =base_fleet!BF9 -> 15 | AQ9: =base_fleet!BG9 -> 163 | AR9: =base_fleet!BH9 -> 213 | AS9: =base_fleet!BI9 -> 0 | AT9: =base_fleet!AQ9+base_fleet!AN9+base_fleet!AJ9 -> 1 | AU9: =base_fleet!BL9 -> 848.3 | AV9: =base_fleet!BJ9 -> 272 | AW9: =base_fleet!BN9 -> 10.2 | AX9: =base_fleet!BM9 -> 2.55 | AY9: =base_fleet!BK9 -> 0 | AZ9: =base_fleet!BO9 -> 0 | BA9: =base_fleet!BP9 -> 230.7 | BB9: =base_fleet!BR9 -> 2.7 | BC9: =base_fleet!BQ9 -> 2.1 | BD9: =base_fleet!BS9 -> 0 | BE9: 0 | BF9: 0 | BG9: =base_fleet!CE9 -> 11 | BH9: =base_fleet!CA9 -> 34545 | BI9: =base_fleet!BV9 -> 398 | BJ9: =base_fleet!CH9 -> 31 | BK9: =base_fleet!BU9+base_fleet!BZ9+base_fleet!CD9 -> 4
A10: =A9-1 -> 2011 | B10: =base_fleet!H10 -> 16182 | C10: =base_fleet!M10*0.95 -> 32241.1 | D10: =base_fleet!D10 -> 172 | E10: =base_fleet!R10 -> 22476 | F10: =base_fleet!F10 -> 18 | G10: =base_fleet!K10 -> 100 | H10: =base_fleet!B10 -> 1 | I10: =base_fleet!P10 -> 81 | J10: =base_fleet!C10+base_fleet!G10+base_fleet!L10+base_fleet!Q10 -> 2 | K10: =base_fleet!E10+base_fleet!J10+base_fleet!O10+base_fleet!T10 -> 241 | L10: =base_fleet!M10*0.05 -> 1696.9 | M10: =base_fleet!I10+base_fleet!N10+base_fleet!S10 -> 7 | N10: =base_fleet!AF10 -> 11933 | O10: =base_fleet!AA10 -> 2066 | P10: =base_fleet!V10 -> 246 | Q10: =base_fleet!AD10 -> 7033 | R10: =base_fleet!Y10 -> 696 | S10: =base_fleet!U10 -> 586 | T10: =base_fleet!Z10+base_fleet!AE10 -> 0 | U10: =base_fleet!X10+base_fleet!AC10+base_fleet!AH10 -> 1 | V10: =base_fleet!AI10 -> 4794 | W10: =base_fleet!AM10 -> 688 | X10: =base_fleet!AP10 -> 607 | Y10: =base_fleet!AS10 -> 81 | Z10: =base_fleet!AU10 -> 304 | AA10: =base_fleet!AW10 -> 311 | AB10: =base_fleet!AY10/2 -> 4.5 | AC10: =base_fleet!AY10/2 -> 4.5 | AD10: =base_fleet!BB10 -> 36 | AE10: =base_fleet!AK10 -> 50 | AF10: =base_fleet!AO10 -> 4 | AG10: =base_fleet!AR10 -> 4 | AH10: =base_fleet!AT10 -> 0 | AI10: =base_fleet!AV10 -> 1 | AJ10: =base_fleet!AX10 -> 4 | AK10: =base_fleet!AZ10 -> 0 | AL10: =base_fleet!BC10 -> 0 | AM10: 0 | AN10: =base_fleet!BD10 -> 243 | AO10: =base_fleet!BE10 -> 338 | AP10: =base_fleet!BF10 -> 28 | AQ10: =base_fleet!BG10 -> 159 | AR10: =base_fleet!BH10 -> 180 | AS10: =base_fleet!BI10 -> 2 | AT10: =base_fleet!AQ10+base_fleet!AN10+base_fleet!AJ10 -> 0 | AU10: =base_fleet!BL10 -> 935 | AV10: =base_fleet!BJ10 -> 165.75 | AW10: =base_fleet!BN10 -> 4.25 | AX10: =base_fleet!BM10 -> 4.25 | AY10: =base_fleet!BK10 -> 2.55 | AZ10: =base_fleet!BO10 -> 0 | BA10: =base_fleet!BP10 -> 194.25 | BB10: =base_fleet!BR10 -> 0.75 | BC10: =base_fleet!BQ10 -> 1.2 | BD10: =base_fleet!BS10 -> 0 | BE10: 0 | BF10: 0 | BG10: =base_fleet!CE10 -> 4 | BH10: =base_fleet!CA10 -> 36287 | BI10: =base_fleet!BV10 -> 318 | BJ10: =base_fleet!CH10 -> 1 | BK10: =base_fleet!BU10+base_fleet!BZ10+base_fleet!CD10 -> 1
A11: =A10-1 -> 2010 | B11: =base_fleet!H11 -> 11486 | C11: =base_fleet!M11*0.95 -> 16687.7 | D11: =base_fleet!D11 -> 11 | E11: =base_fleet!R11 -> 25762 | F11: =base_fleet!F11 -> 15 | G11: =base_fleet!K11 -> 116 | H11: =base_fleet!B11 -> 3 | I11: =base_fleet!P11 -> 135 | J11: =base_fleet!C11+base_fleet!G11+base_fleet!L11+base_fleet!Q11 -> 2 | K11: =base_fleet!E11+base_fleet!J11+base_fleet!O11+base_fleet!T11 -> 1154 | L11: =base_fleet!M11*0.05 -> 878.3 | M11: =base_fleet!I11+base_fleet!N11+base_fleet!S11 -> 4 | N11: =base_fleet!AF11 -> 13738 | O11: =base_fleet!AA11 -> 1114 | P11: =base_fleet!V11 -> 184 | Q11: =base_fleet!AD11 -> 9413 | R11: =base_fleet!Y11 -> 914 | S11: =base_fleet!U11 -> 758 | T11: =base_fleet!Z11+base_fleet!AE11 -> 0 | U11: =base_fleet!X11+base_fleet!AC11+base_fleet!AH11 -> 73 | V11: =base_fleet!AI11 -> 4665 | W11: =base_fleet!AM11 -> 962 | X11: =base_fleet!AP11 -> 450 | Y11: =base_fleet!AS11 -> 125 | Z11: =base_fleet!AU11 -> 243 | AA11: =base_fleet!AW11 -> 80 | AB11: =base_fleet!AY11/2 -> 17 | AC11: =base_fleet!AY11/2 -> 17 | AD11: =base_fleet!BB11 -> 12 | AE11: =base_fleet!AK11 -> 72 | AF11: =base_fleet!AO11 -> 5 | AG11: =base_fleet!AR11 -> 2 | AH11: =base_fleet!AT11 -> 3 | AI11: =base_fleet!AV11 -> 1 | AJ11: =base_fleet!AX11 -> 1 | AK11: =base_fleet!AZ11 -> 0 | AL11: =base_fleet!BC11 -> 0 | AM11: 0 | AN11: =base_fleet!BD11 -> 217 | AO11: =base_fleet!BE11 -> 343 | AP11: =base_fleet!BF11 -> 34 | AQ11: =base_fleet!BG11 -> 96 | AR11: =base_fleet!BH11 -> 75 | AS11: =base_fleet!BI11 -> 0 | AT11: =base_fleet!AQ11+base_fleet!AN11+base_fleet!AJ11 -> 0 | AU11: =base_fleet!BL11 -> 1021.7 | AV11: =base_fleet!BJ11 -> 285.6 | AW11: =base_fleet!BN11 -> 15.3 | AX11: =base_fleet!BM11 -> 10.2 | AY11: =base_fleet!BK11 -> 1.7 | AZ11: =base_fleet!BO11 -> 0 | BA11: =base_fleet!BP11 -> 197.7 | BB11: =base_fleet!BR11 -> 1.8 | BC11: =base_fleet!BQ11 -> 0.45 | BD11: =base_fleet!BS11 -> 0 | BE11: 0 | BF11: 0 | BG11: =base_fleet!CE11 -> 5 | BH11: =base_fleet!CA11 -> 22764 | BI11: =base_fleet!BV11 -> 50 | BJ11: =base_fleet!CH11 -> 3 | BK11: =base_fleet!BU11+base_fleet!BZ11+base_fleet!CD11 -> 1
A12: =A11-1 -> 2009 | B12: =base_fleet!H12 -> 16179 | C12: =base_fleet!M12*0.95 -> 16883.4 | D12: =base_fleet!D12 -> 9 | E12: =base_fleet!R12 -> 18996 | F12: =base_fleet!F12 -> 46 | G12: =base_fleet!K12 -> 125 | H12: =base_fleet!B12 -> 2 | I12: =base_fleet!P12 -> 604 | J12: =base_fleet!C12+base_fleet!G12+base_fleet!L12+base_fleet!Q12 -> 4 | K12: =base_fleet!E12+base_fleet!J12+base_fleet!O12+base_fleet!T12 -> 1619 | L12: =base_fleet!M12*0.05 -> 888.6 | M12: =base_fleet!I12+base_fleet!N12+base_fleet!S12 -> 8 | N12: =base_fleet!AF12 -> 11742 | O12: =base_fleet!AA12 -> 710 | P12: =base_fleet!V12 -> 144 | Q12: =base_fleet!AD12 -> 5850 | R12: =base_fleet!Y12 -> 539 | S12: =base_fleet!U12 -> 344 | T12: =base_fleet!Z12+base_fleet!AE12 -> 0 | U12: =base_fleet!X12+base_fleet!AC12+base_fleet!AH12 -> 32 | V12: =base_fleet!AI12 -> 2385 | W12: =base_fleet!AM12 -> 567 | X12: =base_fleet!AP12 -> 404 | Y12: =base_fleet!AS12 -> 226 | Z12: =base_fleet!AU12 -> 256 | AA12: =base_fleet!AW12 -> 119 | AB12: =base_fleet!AY12/2 -> 4.5 | AC12: =base_fleet!AY12/2 -> 4.5 | AD12: =base_fleet!BB12 -> 15 | AE12: =base_fleet!AK12 -> 39 | AF12: =base_fleet!AO12 -> 5 | AG12: =base_fleet!AR12 -> 1 | AH12: =base_fleet!AT12 -> 3 | AI12: =base_fleet!AV12 -> 0 | AJ12: =base_fleet!AX12 -> 1 | AK12: =base_fleet!AZ12 -> 0 | AL12: =base_fleet!BC12 -> 0 | AM12: 0 | AN12: =base_fleet!BD12 -> 176 | AO12: =base_fleet!BE12 -> 206 | AP12: =base_fleet!BF12 -> 31 | AQ12: =base_fleet!BG12 -> 92 | AR12: =base_fleet!BH12 -> 58 | AS12: =base_fleet!BI12 -> 0 | AT12: =base_fleet!AQ12+base_fleet!AN12+base_fleet!AJ12 -> 0 | AU12: =base_fleet!BL12 -> 609.45 | AV12: =base_fleet!BJ12 -> 37.4 | AW12: =base_fleet!BN12 -> 2.55 | AX12: =base_fleet!BM12 -> 5.95 | AY12: =base_fleet!BK12 -> 0 | AZ12: =base_fleet!BO12 -> 0 | BA12: =base_fleet!BP12 -> 253.2 | BB12: =base_fleet!BR12 -> 4.35 | BC12: =base_fleet!BQ12 -> 0.3 | BD12: =base_fleet!BS12 -> 0 | BE12: 0 | BF12: 0 | BG12: =base_fleet!CE12 -> 1 | BH12: =base_fleet!CA12 -> 18274 | BI12: =base_fleet!BV12 -> 65 | BJ12: =base_fleet!CH12 -> 0 | BK12: =base_fleet!BU12+base_fleet!BZ12+base_fleet!CD12 -> 0
A13: =A12-1 -> 2008 | B13: =base_fleet!H13 -> 13810 | C13: =base_fleet!M13*0.95 -> 12139.1 | D13: =base_fleet!D13 -> 5 | E13: =base_fleet!R13 -> 19637 | F13: =base_fleet!F13 -> 91 | G13: =base_fleet!K13 -> 216 | H13: =base_fleet!B13 -> 1 | I13: =base_fleet!P13 -> 929 | J13: =base_fleet!C13+base_fleet!G13+base_fleet!L13+base_fleet!Q13 -> 8 | K13: =base_fleet!E13+base_fleet!J13+base_fleet!O13+base_fleet!T13 -> 151 | L13: =base_fleet!M13*0.05 -> 638.9 | M13: =base_fleet!I13+base_fleet!N13+base_fleet!S13 -> 3 | N13: =base_fleet!AF13 -> 13093 | O13: =base_fleet!AA13 -> 1279 | P13: =base_fleet!V13 -> 234 | Q13: =base_fleet!AD13 -> 8180 | R13: =base_fleet!Y13 -> 1075 | S13: =base_fleet!U13 -> 477 | T13: =base_fleet!Z13+base_fleet!AE13 -> 2 | U13: =base_fleet!X13+base_fleet!AC13+base_fleet!AH13 -> 22 | V13: =base_fleet!AI13 -> 4624 | W13: =base_fleet!AM13 -> 767 | X13: =base_fleet!AP13 -> 590 | Y13: =base_fleet!AS13 -> 237 | Z13: =base_fleet!AU13 -> 421 | AA13: =base_fleet!AW13 -> 216 | AB13: =base_fleet!AY13/2 -> 13.5 | AC13: =base_fleet!AY13/2 -> 13.5 | AD13: =base_fleet!BB13 -> 31 | AE13: =base_fleet!AK13 -> 58 | AF13: =base_fleet!AO13 -> 10 | AG13: =base_fleet!AR13 -> 3 | AH13: =base_fleet!AT13 -> 3 | AI13: =base_fleet!AV13 -> 3 | AJ13: =base_fleet!AX13 -> 2 | AK13: =base_fleet!AZ13 -> 0 | AL13: =base_fleet!BC13 -> 0 | AM13: 0 | AN13: =base_fleet!BD13 -> 207 | AO13: =base_fleet!BE13 -> 162 | AP13: =base_fleet!BF13 -> 115 | AQ13: =base_fleet!BG13 -> 134 | AR13: =base_fleet!BH13 -> 71 | AS13: =base_fleet!BI13 -> 1 | AT13: =base_fleet!AQ13+base_fleet!AN13+base_fleet!AJ13 -> 0 | AU13: =base_fleet!BL13 -> 1017.45 | AV13: =base_fleet!BJ13 -> 107.95 | AW13: =base_fleet!BN13 -> 16.15 | AX13: =base_fleet!BM13 -> 9.35 | AY13: =base_fleet!BK13 -> 0 | AZ13: =base_fleet!BO13 -> 0 | BA13: =base_fleet!BP13 -> 220.05 | BB13: =base_fleet!BR13 -> 12 | BC13: =base_fleet!BQ13 -> 1.8 | BD13: =base_fleet!BS13 -> 0 | BE13: 0 | BF13: 0 | BG13: =base_fleet!CE13 -> 0 | BH13: =base_fleet!CA13 -> 14436 | BI13: =base_fleet!BV13 -> 100 | BJ13: =base_fleet!CH13 -> 0 | BK13: =base_fleet!BU13+base_fleet!BZ13+base_fleet!CD13 -> 0
A14: =A13-1 -> 2007 | B14: =base_fleet!H14 -> 16222 | C14: =base_fleet!M14*0.95 -> 13208.8 | D14: =base_fleet!D14 -> 13 | E14: =base_fleet!R14 -> 11998 | F14: =base_fleet!F14 -> 125 | G14: =base_fleet!K14 -> 196 | H14: =base_fleet!B14 -> 2 | I14: =base_fleet!P14 -> 955 | J14: =base_fleet!C14+base_fleet!G14+base_fleet!L14+base_fleet!Q14 -> 1 | K14: =base_fleet!E14+base_fleet!J14+base_fleet!O14+base_fleet!T14 -> 1 | L14: =base_fleet!M14*0.05 -> 695.2 | M14: =base_fleet!I14+base_fleet!N14+base_fleet!S14 -> 10 | N14: =base_fleet!AF14 -> 11246 | O14: =base_fleet!AA14 -> 1780 | P14: =base_fleet!V14 -> 207 | Q14: =base_fleet!AD14 -> 3603 | R14: =base_fleet!Y14 -> 815 | S14: =base_fleet!U14 -> 295 | T14: =base_fleet!Z14+base_fleet!AE14 -> 0 | U14: =base_fleet!X14+base_fleet!AC14+base_fleet!AH14 -> 0 | V14: =base_fleet!AI14 -> 4223 | W14: =base_fleet!AM14 -> 616 | X14: =base_fleet!AP14 -> 550 | Y14: =base_fleet!AS14 -> 152 | Z14: =base_fleet!AU14 -> 252 | AA14: =base_fleet!AW14 -> 112 | AB14: =base_fleet!AY14/2 -> 3.5 | AC14: =base_fleet!AY14/2 -> 3.5 | AD14: =base_fleet!BB14 -> 23 | AE14: =base_fleet!AK14 -> 60 | AF14: =base_fleet!AO14 -> 4 | AG14: =base_fleet!AR14 -> 2 | AH14: =base_fleet!AT14 -> 3 | AI14: =base_fleet!AV14 -> 3 | AJ14: =base_fleet!AX14 -> 2 | AK14: =base_fleet!AZ14 -> 0 | AL14: =base_fleet!BC14 -> 0 | AM14: 0 | AN14: =base_fleet!BD14 -> 143 | AO14: =base_fleet!BE14 -> 119 | AP14: =base_fleet!BF14 -> 80 | AQ14: =base_fleet!BG14 -> 54 | AR14: =base_fleet!BH14 -> 49 | AS14: =base_fleet!BI14 -> 0 | AT14: =base_fleet!AQ14+base_fleet!AN14+base_fleet!AJ14 -> 1 | AU14: =base_fleet!BL14 -> 918 | AV14: =base_fleet!BJ14 -> 43.35 | AW14: =base_fleet!BN14 -> 1.7 | AX14: =base_fleet!BM14 -> 6.8 | AY14: =base_fleet!BK14 -> 0.85 | AZ14: =base_fleet!BO14 -> 0 | BA14: =base_fleet!BP14 -> 237.9 | BB14: =base_fleet!BR14 -> 10.8 | BC14: =base_fleet!BQ14 -> 1.8 | BD14: =base_fleet!BS14 -> 0 | BE14: 0 | BF14: 0 | BG14: =base_fleet!CE14 -> 146 | BH14: =base_fleet!CA14 -> 12951 | BI14: =base_fleet!BV14 -> 92 | BJ14: =base_fleet!CH14 -> 1 | BK14: =base_fleet!BU14+base_fleet!BZ14+base_fleet!CD14 -> 0
A15: =A14-1 -> 2006 | B15: =base_fleet!H15 -> 13552 | C15: =base_fleet!M15*0.95 -> 16204.15 | D15: =base_fleet!D15 -> 51 | E15: =base_fleet!R15 -> 12471 | F15: =$B$15/$B$14*F14 -> 104.42609 | G15: =$B$15/$B$14*G14 -> 163.74011 | H15: =$B$15/$B$14*H14 -> 1.6708174 | I15: =base_fleet!P15 -> 1365 | J15: =base_fleet!C15+base_fleet!G15+base_fleet!L15+base_fleet!Q15 -> 1 | K15: =base_fleet!E15+base_fleet!J15+base_fleet!O15+base_fleet!T15 -> 2 | L15: =base_fleet!M15*0.05 -> 852.85 | M15: =base_fleet!I15+base_fleet!N15+base_fleet!S15 -> 25 | N15: =base_fleet!AF15 -> 12755 | O15: =base_fleet!AA15 -> 1521 | P15: =base_fleet!V15 -> 197 | Q15: =base_fleet!AD15 -> 2611 | R15: =base_fleet!Y15 -> 342 | S15: =base_fleet!U15 -> 206 | T15: =base_fleet!Z15+base_fleet!AE15 -> 0 | U15: =base_fleet!X15+base_fleet!AC15+base_fleet!AH15 -> 0 | V15: =base_fleet!AI15 -> 4542 | W15: =base_fleet!AM15 -> 633 | X15: =base_fleet!AP15 -> 313 | Y15: =base_fleet!AS15 -> 117 | Z15: =base_fleet!AU15 -> 195 | AA15: =base_fleet!AW15 -> 36 | AB15: =base_fleet!AY15/2 -> 0.5 | AC15: =base_fleet!AY15/2 -> 0.5 | AD15: =base_fleet!BB15 -> 14 | AE15: =base_fleet!AK15 -> 71 | AF15: =base_fleet!AO15 -> 7 | AG15: =base_fleet!AR15 -> 3 | AH15: =base_fleet!AT15 -> 2 | AI15: =base_fleet!AV15 -> 5 | AJ15: =base_fleet!AX15 -> 0 | AK15: =base_fleet!AZ15 -> 0 | AL15: =base_fleet!BC15 -> 0 | AM15: 0 | AN15: =base_fleet!BD15 -> 100 | AO15: =base_fleet!BE15 -> 57 | AP15: =base_fleet!BF15 -> 41 | AQ15: =base_fleet!BG15 -> 44 | AR15: =base_fleet!BH15 -> 58 | AS15: =base_fleet!BI15 -> 0 | AT15: =base_fleet!AQ15+base_fleet!AN15+base_fleet!AJ15 -> 0 | AU15: =base_fleet!BL15 -> 729.3 | AV15: =base_fleet!BJ15 -> 189.55 | AW15: =base_fleet!BN15 -> 7.65 | AX15: =base_fleet!BM15 -> 7.65 | AY15: =base_fleet!BK15 -> 0 | AZ15: =base_fleet!BO15 -> 0 | BA15: =base_fleet!BP15 -> 179.1 | BB15: =base_fleet!BR15 -> 3 | BC15: =base_fleet!BQ15 -> 0.3 | BD15: =base_fleet!BS15 -> 0 | BE15: 0 | BF15: 0 | BG15: =base_fleet!CE15 -> 834 | BH15: =base_fleet!CA15 -> 8597 | BI15: =base_fleet!BV15 -> 78 | BJ15: =base_fleet!CH15 -> 0 | BK15: =base_fleet!BU15+base_fleet!BZ15+base_fleet!CD15 -> 0
A16: =A15-1 -> 2005 | B16: =$B$15/$B$14*B15 -> 11321.459 | C16: =base_fleet!M16*0.95 -> 24537.55 | D16: =base_fleet!D16 -> 10 | E16: =base_fleet!R16 -> 8744 | F16: =$B$15/$B$14*F15 -> 87.238463 | G16: =$B$15/$B$14*G15 -> 136.78991 | H16: =$B$15/$B$14*H15 -> 1.3958154 | I16: =base_fleet!P16 -> 1080 | J16: =base_fleet!C16+base_fleet!G16+base_fleet!L16+base_fleet!Q16 -> 0 | K16: =base_fleet!E16+base_fleet!J16+base_fleet!O16+base_fleet!T16 -> 0 | L16: =base_fleet!M16*0.05 -> 1291.45 | M16: =base_fleet!I16+base_fleet!N16+base_fleet!S16 -> 6 | N16: =base_fleet!AF16 -> 11361 | O16: =base_fleet!AA16 -> 906 | P16: =base_fleet!V16 -> 429 | Q16: =base_fleet!AD16 -> 2421 | R16: =base_fleet!Y16 -> 232 | S16: =base_fleet!U16 -> 101 | T16: =base_fleet!Z16+base_fleet!AE16 -> 0 | U16: =base_fleet!X16+base_fleet!AC16+base_fleet!AH16 -> 1 | V16: =base_fleet!AI16 -> 3215 | W16: =base_fleet!AM16 -> 673 | X16: =base_fleet!AP16 -> 151 | Y16: =base_fleet!AS16 -> 114 | Z16: =base_fleet!AU16 -> 228 | AA16: =base_fleet!AW16 -> 45 | AB16: =base_fleet!AY16/2 -> 1.5 | AC16: =base_fleet!AY16/2 -> 1.5 | AD16: =base_fleet!BB16 -> 13 | AE16: =base_fleet!AK16 -> 65 | AF16: =base_fleet!AO16 -> 8 | AG16: =base_fleet!AR16 -> 0 | AH16: =base_fleet!AT16 -> 2 | AI16: =base_fleet!AV16 -> 2 | AJ16: =base_fleet!AX16 -> 0 | AK16: =base_fleet!AZ16 -> 0 | AL16: =base_fleet!BC16 -> 0 | AM16: 0 | AN16: =base_fleet!BD16 -> 107 | AO16: =base_fleet!BE16 -> 89 | AP16: =base_fleet!BF16 -> 17 | AQ16: =base_fleet!BG16 -> 49 | AR16: =base_fleet!BH16 -> 30 | AS16: =base_fleet!BI16 -> 1 | AT16: =base_fleet!AQ16+base_fleet!AN16+base_fleet!AJ16 -> 1 | AU16: =base_fleet!BL16 -> 901 | AV16: =base_fleet!BJ16 -> 368.9 | AW16: =base_fleet!BN16 -> 0.85 | AX16: =base_fleet!BM16 -> 9.35 | AY16: =base_fleet!BK16 -> 0.85 | AZ16: =base_fleet!BO16 -> 0 | BA16: =base_fleet!BP16 -> 267 | BB16: =base_fleet!BR16 -> 11.7 | BC16: =base_fleet!BQ16 -> 0.6 | BD16: =base_fleet!BS16 -> 0 | BE16: 0 | BF16: 0 | BG16: =base_fleet!CE16 -> 1079 | BH16: =base_fleet!CA16 -> 8126 | BI16: =base_fleet!BV16 -> 55 | BJ16: =base_fleet!CH16 -> 1 | BK16: =base_fleet!BU16+base_fleet!BZ16+base_fleet!CD16 -> 0
A17: =A16-1 -> 2004 | B17: =$B$15/$B$14*B16 -> 9458.0452 | C17: =base_fleet!M17*0.95 -> 16937.55 | D17: =base_fleet!D17 -> 10 | E17: =base_fleet!R17 -> 7739 | F17: =$B$15/$B$14*F16 -> 72.879771 | G17: =$B$15/$B$14*G16 -> 114.27548 | H17: =$B$15/$B$14*H16 -> 1.1660763 | I17: =$B$15/$B$14*I16 -> 902.2414 | J17: =base_fleet!C17+base_fleet!G17+base_fleet!L17+base_fleet!Q17 -> 0 | K17: =base_fleet!E17+base_fleet!J17+base_fleet!O17+base_fleet!T17 -> 0 | L17: =$B$15/$B$14*L16 -> 1078.8886 | M17: =base_fleet!I17+base_fleet!N17 -> 0 | N17: =base_fleet!AF17 -> 10904 | O17: =base_fleet!AA17 -> 171 | P17: =base_fleet!V17 -> 763 | Q17: =base_fleet!AD17 -> 2084 | R17: =base_fleet!Y17 -> 296 | S17: =base_fleet!U17 -> 112 | T17: =base_fleet!Z17+base_fleet!AE17 -> 0 | U17: =base_fleet!X17+base_fleet!AC17+base_fleet!AH17 -> 0 | V17: =$B$15/$B$14*V16 -> 2685.839 | W17: =$B$15/$B$14*W16 -> 562.23006 | X17: =$B$15/$B$14*X16 -> 126.14671 | Y17: =$B$15/$B$14*Y16 -> 95.236592 | Z17: =$B$15/$B$14*Z16 -> 190.47318 | AA17: =$B$15/$B$14*AA16 -> 37.593392 | AB17: =$B$15/$B$14*AB16 -> 1.2531131 | AC17: =$B$15/$B$14*AC16 -> 1.2531131 | ... AS17: =$B$15/$B$14*AS16 -> 0.8354087 | AT17: =base_fleet!AQ17+base_fleet!AN17+base_fleet!AJ17 -> 0 | AU17: =base_fleet!BL17 -> 994.5 | AV17: =base_fleet!BJ17 -> 238.85 | AW17: =base_fleet!BN17 -> 25.5 | AX17: =base_fleet!BM17 -> 10.2 | AY17: =base_fleet!BK17 -> 0 | AZ17: =base_fleet!BO17 -> 0 | BA17: =base_fleet!BP17 -> 237.75 | BB17: =base_fleet!BR17 -> 21.75 | BC17: =base_fleet!BQ17 -> 0.6 | BD17: =base_fleet!BS17 -> 0.15 | BE17: 0 | BF17: 0 | BG17: =base_fleet!CE17 -> 494 | BH17: =base_fleet!CA17 -> 3843 | BI17: =base_fleet!BV17 -> 30 | BJ17: =base_fleet!CH17 -> 0 | BK17: =base_fleet!BU17+base_fleet!BZ17+base_fleet!CD17 -> 0
A18: =A17-1 -> 2003 | B18: =$B$15/$B$14*B17 -> 7901.3333 | C18: =$B$15/$B$14*C17 -> 14149.777 | D18: =$B$15/$B$14*D17 -> 8.354087 | E18: =base_fleet!R18 -> 5891 | F18: =$B$15/$B$14*F17 -> 60.884395 | G18: =$B$15/$B$14*G17 -> 95.466732 | H18: =$B$15/$B$14*H17 -> 0.97415032 | I18: =$B$15/$B$14*I17 -> 753.74032 | J18: =base_fleet!C18+base_fleet!G18+base_fleet!L18+base_fleet!Q18 -> 0 | K18: =base_fleet!E18+base_fleet!J18+base_fleet!O18+base_fleet!T18 -> 0 | L18: =$B$15/$B$14*L17 -> 901.3129 | M18: =base_fleet!I18+base_fleet!N18 -> 0 | N18: =$B$15/$B$14*N17 -> 9109.2965 | O18: =$B$15/$B$14*O17 -> 142.85489 | P18: =$B$15/$B$14*P17 -> 637.41684 | Q18: =$B$15/$B$14*Q17 -> 1740.9917 | R18: =$B$15/$B$14*R17 -> 247.28098 | S18: =$B$15/$B$14*S17 -> 93.565775 | T18: =base_fleet!Z18+base_fleet!AE18 -> 1 | U18: =base_fleet!X18+base_fleet!AC18+base_fleet!AH18 -> 0 | V18: =$B$15/$B$14*V17 -> 2243.7733 | W18: =$B$15/$B$14*W17 -> 469.69188 | X18: =$B$15/$B$14*X17 -> 105.38406 | Y18: =$B$15/$B$14*Y17 -> 79.561478 | Z18: =$B$15/$B$14*Z17 -> 159.12296 | AA18: =$B$15/$B$14*AA17 -> 31.405847 | AB18: =$B$15/$B$14*AB17 -> 1.0468616 | AC18: =$B$15/$B$14*AC17 -> 1.0468616 | ... AS18: =$B$15/$B$14*AS17 -> 0.6979077 | AT18: =base_fleet!AQ18+base_fleet!AN18+base_fleet!AJ18 -> 0 | AU18: =base_fleet!BL18 -> 957.1 | AV18: =base_fleet!BJ18 -> 87.55 | AW18: =base_fleet!BN18 -> 29.75 | AX18: =base_fleet!BM18 -> 11.05 | AY18: =base_fleet!BK18 -> 0 | AZ18: =base_fleet!BO18 -> 0.85 | BA18: =$B$15/$B$14*BA17 -> 198.61842 | BB18: =$B$15/$B$14*BB17 -> 18.170139 | BC18: =$B$15/$B$14*BC17 -> 0.50124522 | BD18: =$B$15/$B$14*BD17 -> 0.12531131 | BE18: 0 | BF18: 0 | BG18: =base_fleet!CE18 -> 449 | BH18: =base_fleet!CA18 -> 3085 | BI18: =base_fleet!BV18 -> 19 | BJ18: =base_fleet!CH18 -> 0 | BK18: =base_fleet!BU18+base_fleet!BZ18+base_fleet!CD18 -> 0
A19: =A18-1 -> 2002 | B19: =$B$15/$B$14*B18 -> 6600.8426 | C19: =$B$15/$B$14*C18 -> 11820.847 | D19: =$B$15/$B$14*D18 -> 6.979077 | E19: =$B$15/$B$14*E18 -> 4921.3927 | F19: =$B$15/$B$14*F18 -> 50.863354 | G19: =$B$15/$B$14*G18 -> 79.753739 | H19: =$B$15/$B$14*H18 -> 0.81381366 | I19: =$B$15/$B$14*I18 -> 629.68122 | J19: =base_fleet!C19+base_fleet!G19+base_fleet!L19+base_fleet!Q19 -> 0 | K19: =base_fleet!E19+base_fleet!J19+base_fleet!O19+base_fleet!T19 -> 0 | L19: =$B$15/$B$14*L18 -> 752.96464 | M19: =base_fleet!I19+base_fleet!N19 -> #VALUE! | N19: =$B$15/$B$14*N18 -> 7609.9856 | O19: =$B$15/$B$14*O18 -> 119.34222 | P19: =$B$15/$B$14*P18 -> 532.50358 | Q19: =$B$15/$B$14*Q18 -> 1454.4397 | R19: =$B$15/$B$14*R18 -> 206.58068 | S19: =$B$15/$B$14*S18 -> 78.165663 | T19: =base_fleet!Z19+base_fleet!AE19 -> 0 | U19: =base_fleet!X19+base_fleet!AC19+base_fleet!AH19 -> 0 | V19: =$B$15/$B$14*V18 -> 1874.4677 | W19: =$B$15/$B$14*W18 -> 392.38469 | X19: =$B$15/$B$14*X18 -> 88.038764 | Y19: =$B$15/$B$14*Y18 -> 66.466351 | Z19: =$B$15/$B$14*Z18 -> 132.9327 | AA19: =$B$15/$B$14*AA18 -> 26.236718 | AB19: =$B$15/$B$14*AB18 -> 0.87455725 | AC19: =$B$15/$B$14*AC18 -> 0.87455725 | ... AS19: =$B$15/$B$14*AS18 -> 0.58303817 | AT19: =base_fleet!AQ19+base_fleet!AN19+base_fleet!AJ19 -> 0 | AU19: =$B$15/$B$14*AU18 -> 799.56967 | AV19: =$B$15/$B$14*AV18 -> 73.140032 | AW19: =$B$15/$B$14*AW18 -> 24.853409 | AX19: =$B$15/$B$14*AX18 -> 9.2312662 | AY19: =$B$15/$B$14*AY18 -> 0 | AZ19: =$B$15/$B$14*AZ18 -> 0.7100974 | BA19: =$B$15/$B$14*BA18 -> 165.92756 | BB19: =$B$15/$B$14*BB18 -> 15.179493 | ... BD19: =$B$15/$B$14*BD18 -> 0.10468616 | BE19: 0 | BF19: 0 | BG19: =base_fleet!CE19 -> 0 | BH19: =base_fleet!CA19 -> 0 | BI19: =base_fleet!BV19 -> 0 | BJ19: =base_fleet!CH19 -> 0 | BK19: =base_fleet!BU19+base_fleet!BZ19+base_fleet!CD19 -> 0
A20: =A19-1 -> 2001 | B20: =$B$15/$B$14*B19 -> 5514.4014 | C20: =$B$15/$B$14*C19 -> 9875.2382 | D20: =$B$15/$B$14*D19 -> 5.8303817 | E20: =$B$15/$B$14*E19 -> 4111.3743 | F20: =$B$15/$B$14*F19 -> 42.491688 | G20: =$B$15/$B$14*G19 -> 66.626967 | H20: =$B$15/$B$14*H19 -> 0.67986702 | I20: =$B$15/$B$14*I19 -> 526.04118 | J20: =base_fleet!C20+base_fleet!G20+base_fleet!L20+base_fleet!Q20 -> 0 | K20: =base_fleet!E20+base_fleet!J20+base_fleet!O20+base_fleet!T20 -> 0 | L20: =$B$15/$B$14*L19 -> 629.03322 | M20: =base_fleet!I20+base_fleet!N20 -> 536025 | N20: =$B$15/$B$14*N19 -> 6357.4482 | O20: =$B$15/$B$14*O19 -> 99.699527 | P20: =$B$15/$B$14*P19 -> 444.85812 | Q20: =$B$15/$B$14*Q19 -> 1215.0515 | R20: =$B$15/$B$14*R19 -> 172.5793 | S20: =$B$15/$B$14*S19 -> 65.300275 | T20: =base_fleet!Z20+base_fleet!AE20 -> 0 | U20: =base_fleet!X20+base_fleet!AC20+base_fleet!AH20 -> 0 | V20: =$B$15/$B$14*V19 -> 1565.9466 | W20: =$B$15/$B$14*W19 -> 327.80158 | X20: =$B$15/$B$14*X19 -> 73.548349 | Y20: =$B$15/$B$14*Y19 -> 55.526568 | Z20: =$B$15/$B$14*Z19 -> 111.05314 | AA20: =$B$15/$B$14*AA19 -> 21.918382 | AB20: =$B$15/$B$14*AB19 -> 0.73061274 | AC20: =$B$15/$B$14*AC19 -> 0.73061274 | ... AS20: =$B$15/$B$14*AS19 -> 0.48707516 | AT20: =base_fleet!AQ20+base_fleet!AN20+base_fleet!AJ20 -> 0 | AU20: =$B$15/$B$14*AU19 -> 667.96746 | AV20: =$B$15/$B$14*AV19 -> 61.101819 | AW20: =$B$15/$B$14*AW19 -> 20.762754 | AX20: =$B$15/$B$14*AX19 -> 7.7118801 | AY20: =$B$15/$B$14*AY19 -> 0 | AZ20: =$B$15/$B$14*AZ19 -> 0.59322155 | BA20: =$B$15/$B$14*BA19 -> 138.61732 | BB20: =$B$15/$B$14*BB19 -> 12.68108 | ... BD20: =$B$15/$B$14*BD19 -> 0.087455725 | BE20: 0 | BF20: 0 | BG20: =base_fleet!CE20 -> 0 | BH20: =base_fleet!CA20 -> 0 | BI20: =base_fleet!BV20 -> 0 | BJ20: =base_fleet!CH20 -> 0 | BK20: =base_fleet!BU20+base_fleet!BZ20+base_fleet!CD20 -> 0
A21: =A20-1 -> 2000 | B21: =$B$15/$B$14*B20 -> 4606.7789 | C21: =$B$15/$B$14*C20 -> 8249.8599 | D21: =$B$15/$B$14*D20 -> 4.8707516 | E21: =$B$15/$B$14*E20 -> 3434.6779 | F21: =$B$15/$B$14*F20 -> 35.497926 | G21: =$B$15/$B$14*G20 -> 55.660749 | H21: =$B$15/$B$14*H20 -> 0.56796682 | I21: =$B$15/$B$14*I20 -> 439.45938 | J21: =base_fleet!C21+base_fleet!G21+base_fleet!L21+base_fleet!Q21 -> 0 | K21: =base_fleet!E21+base_fleet!J21+base_fleet!O21+base_fleet!T21 -> 0 | L21: =$B$15/$B$14*L20 -> 525.49983 | M21: =base_fleet!I21+base_fleet!N21 -> 0 | N21: =$B$15/$B$14*N20 -> 5311.0676 | O21: =$B$15/$B$14*O20 -> 83.289853 | P21: =$B$15/$B$14*P20 -> 371.63835 | Q21: =$B$15/$B$14*Q20 -> 1015.0646 | R21: =$B$15/$B$14*R20 -> 144.17425 | S21: =$B$15/$B$14*S20 -> 54.552418 | T21: =base_fleet!Z21+base_fleet!AE21 -> 0 | U21: =base_fleet!X21+base_fleet!AC21+base_fleet!AH21 -> 0 | V21: =$B$15/$B$14*V20 -> 1308.2055 | W21: =$B$15/$B$14*W20 -> 273.8483 | X21: =$B$15/$B$14*X20 -> 61.442931 | Y21: =$B$15/$B$14*Y20 -> 46.387379 | Z21: =$B$15/$B$14*Z20 -> 92.774757 | AA21: =$B$15/$B$14*AA20 -> 18.310807 | AB21: =$B$15/$B$14*AB20 -> 0.61036024 | AC21: =$B$15/$B$14*AC20 -> 0.61036024 | ... AS21: =$B$15/$B$14*AS20 -> 0.40690683 | AT21: =base_fleet!AQ21+base_fleet!AN21+base_fleet!AJ21 -> 0 | AU21: =$B$15/$B$14*AU20 -> 558.02583 | AV21: =$B$15/$B$14*AV20 -> 51.044992 | AW21: =$B$15/$B$14*AW20 -> 17.345386 | AX21: =$B$15/$B$14*AX20 -> 6.4425718 | AY21: =$B$15/$B$14*AY20 -> 0 | AZ21: =$B$15/$B$14*AZ20 -> 0.49558244 | BA21: =$B$15/$B$14*BA20 -> 115.80212 | BB21: =$B$15/$B$14*BB20 -> 10.593885 | ... BD21: =$B$15/$B$14*BD20 -> 0.073061274 | BE21: 0 | BF21: 0 | BG21: =base_fleet!CE21 -> 0 | BH21: =base_fleet!CA21 -> 0 | BI21: =base_fleet!BV21 -> 0 | BJ21: =base_fleet!CH21 -> 0 | BK21: =base_fleet!BU21+base_fleet!BZ21+base_fleet!CD21 -> 0
A22: =A21-1 -> 1999 | B22: =$B$15/$B$14*B21 -> 3848.5432 | C22: =$B$15/$B$14*C21 -> 6892.0048 | D22: =$B$15/$B$14*D21 -> 4.0690683 | E22: =$B$15/$B$14*E21 -> 2869.3598 | F22: =$B$15/$B$14*F21 -> 29.655277 | G22: =$B$15/$B$14*G21 -> 46.499474 | H22: =$B$15/$B$14*H21 -> 0.47448443 | I22: =$B$15/$B$14*I21 -> 367.12819 | J22: =base_fleet!C22+base_fleet!G22+base_fleet!L22+base_fleet!Q22 -> 0 | K22: =base_fleet!E22+base_fleet!J22+base_fleet!O22+base_fleet!T22 -> 0 | L22: =$B$15/$B$14*L21 -> 439.00713 | M22: =base_fleet!I22+base_fleet!N22 -> 0 | N22: =$B$15/$B$14*N21 -> 4436.9121 | O22: =$B$15/$B$14*O21 -> 69.581068 | P22: =$B$15/$B$14*P21 -> 310.46991 | Q22: =$B$15/$B$14*Q21 -> 847.99383 | R22: =$B$15/$B$14*R21 -> 120.44442 | S22: =$B$15/$B$14*S21 -> 45.573565 | T22: =base_fleet!Z22+base_fleet!AE22 -> 0 | U22: =base_fleet!X22+base_fleet!AC22+base_fleet!AH22 -> 0 | V22: =$B$15/$B$14*V21 -> 1092.8862 | W22: =$B$15/$B$14*W21 -> 228.77525 | X22: =$B$15/$B$14*X21 -> 51.32996 | Y22: =$B$15/$B$14*Y21 -> 38.75242 | Z22: =$B$15/$B$14*Z21 -> 77.50484 | AA22: =$B$15/$B$14*AA21 -> 15.297008 | AB22: =$B$15/$B$14*AB21 -> 0.50990026 | AC22: =$B$15/$B$14*AC21 -> 0.50990026 | ... AS22: =$B$15/$B$14*AS21 -> 0.33993351 | AT22: =base_fleet!AQ22+base_fleet!AN22+base_fleet!AJ22 -> 0 | AU22: =$B$15/$B$14*AU21 -> 466.17964 | AV22: =$B$15/$B$14*AV21 -> 42.64343 | AW22: =$B$15/$B$14*AW21 -> 14.490486 | AX22: =$B$15/$B$14*AX21 -> 5.3821805 | AY22: =$B$15/$B$14*AY21 -> 0 | AZ22: =$B$15/$B$14*AZ21 -> 0.41401389 | BA22: =$B$15/$B$14*BA21 -> 96.742099 | BB22: =$B$15/$B$14*BB21 -> 8.8502236 | ... BD22: =$B$15/$B$14*BD21 -> 0.061036024 | BE22: 0 | BF22: 0 | BG22: =base_fleet!CE22 -> 0 | BH22: =base_fleet!CA22 -> 0 | BI22: =base_fleet!BV22 -> 0 | BJ22: =base_fleet!CH22 -> 0 | BK22: =base_fleet!BU22+base_fleet!BZ22+base_fleet!CD22 -> 0
A23: =A22-1 -> 1998 | B23: =$B$15/$B$14*B22 -> 3215.1065 | C23: =$B$15/$B$14*C22 -> 5757.6408 | D23: =$B$15/$B$14*D22 -> 3.3993351 | E23: =$B$15/$B$14*E22 -> 2397.0881 | F23: =$B$15/$B$14*F22 -> 24.774276 | G23: =$B$15/$B$14*G22 -> 38.846065 | H23: =$B$15/$B$14*H22 -> 0.39638842 | I23: =$B$15/$B$14*I22 -> 306.70208 | J23: =base_fleet!C23+base_fleet!G23+base_fleet!L23+base_fleet!Q23 -> 0 | K23: =base_fleet!E23+base_fleet!J23+base_fleet!O23+base_fleet!T23 -> 0 | L23: =$B$15/$B$14*L22 -> 366.75038 | M23: =base_fleet!I23+base_fleet!N23 -> 0 | N23: =$B$15/$B$14*N22 -> 3706.635 | O23: =$B$15/$B$14*O22 -> 58.12863 | P23: =$B$15/$B$14*P22 -> 259.36927 | Q23: =$B$15/$B$14*Q22 -> 708.42143 | R23: =$B$15/$B$14*R22 -> 100.62032 | S23: =$B$15/$B$14*S22 -> 38.072553 | T23: =base_fleet!Z23+base_fleet!AE23 -> 0 | U23: =base_fleet!X23+base_fleet!AC23+base_fleet!AH23 -> 0 | V23: =$B$15/$B$14*V22 -> 913.00667 | W23: =$B$15/$B$14*W22 -> 191.12084 | X23: =$B$15/$B$14*X22 -> 42.881495 | Y23: =$B$15/$B$14*Y22 -> 32.374109 | Z23: =$B$15/$B$14*Z22 -> 64.748218 | AA23: =$B$15/$B$14*AA22 -> 12.779253 | AB23: =$B$15/$B$14*AB22 -> 0.42597512 | AC23: =$B$15/$B$14*AC22 -> 0.42597512 | ... AS23: =$B$15/$B$14*AS22 -> 0.28398341 | AT23: =base_fleet!AQ23+base_fleet!AN23+base_fleet!AJ23 -> 0 | AU23: =$B$15/$B$14*AU22 -> 389.45053 | AV23: =$B$15/$B$14*AV22 -> 35.624693 | AW23: =$B$15/$B$14*AW22 -> 12.105478 | AX23: =$B$15/$B$14*AX22 -> 4.4963205 | AY23: =$B$15/$B$14*AY22 -> 0 | AZ23: =$B$15/$B$14*AZ22 -> 0.34587081 | BA23: =$B$15/$B$14*BA22 -> 80.819191 | BB23: =$B$15/$B$14*BB22 -> 7.3935538 | ... BD23: =$B$15/$B$14*BD22 -> 0.050990026 | BE23: 0 | BF23: 0 | BG23: =base_fleet!CE23 -> 0 | BH23: =base_fleet!CA23 -> 0 | BI23: =base_fleet!BV23 -> 0 | BJ23: =base_fleet!CH23 -> 0 | BK23: =base_fleet!BU23+base_fleet!BZ23+base_fleet!CD23 -> 0
A24: =A23-1 -> 1997 | B24: =$B$15/$B$14*B23 -> 2685.9279 | C24: =$B$15/$B$14*C23 -> 4809.9832 | D24: =$B$15/$B$14*D23 -> 2.8398341 | E24: =$B$15/$B$14*E23 -> 2002.5483 | F24: =$B$15/$B$14*F23 -> 20.696646 | G24: =$B$15/$B$14*G23 -> 32.452341 | H24: =$B$15/$B$14*H23 -> 0.33114634 | I24: =$B$15/$B$14*I23 -> 256.22159 | J24: =base_fleet!C24+base_fleet!G24+base_fleet!L24+base_fleet!Q24 -> 0 | K24: =base_fleet!E24+base_fleet!J24+base_fleet!O24+base_fleet!T24 -> 0 | L24: =$B$15/$B$14*L23 -> 306.38646 | M24: =base_fleet!I24+base_fleet!N24 -> 0 | N24: =$B$15/$B$14*N23 -> 3096.5551 | O24: =$B$15/$B$14*O23 -> 48.561163 | P24: =$B$15/$B$14*P23 -> 216.67934 | Q24: =$B$15/$B$14*Q23 -> 591.82143 | R24: =$B$15/$B$14*R23 -> 84.05909 | S24: =$B$15/$B$14*S23 -> 31.806142 | T24: =base_fleet!Z24+base_fleet!AE24 -> 0 | U24: =base_fleet!X24+base_fleet!AC24+base_fleet!AH24 -> 0 | V24: =$B$15/$B$14*V23 -> 762.73372 | W24: =$B$15/$B$14*W23 -> 159.66401 | X24: =$B$15/$B$14*X23 -> 35.823574 | Y24: =$B$15/$B$14*Y23 -> 27.045612 | Z24: =$B$15/$B$14*Z23 -> 54.091225 | AA24: =$B$15/$B$14*AA23 -> 10.6759 | AB24: =$B$15/$B$14*AB23 -> 0.35586332 | AC24: =$B$15/$B$14*AC23 -> 0.35586332 | ... AS24: =$B$15/$B$14*AS23 -> 0.23724221 | AT24: =base_fleet!AQ24+base_fleet!AN24+base_fleet!AJ24 -> 0 | AU24: =$B$15/$B$14*AU23 -> 325.35036 | AV24: =$B$15/$B$14*AV23 -> 29.761179 | AW24: =$B$15/$B$14*AW23 -> 10.113022 | AX24: =$B$15/$B$14*AX23 -> 3.7562653 | AY24: =$B$15/$B$14*AY23 -> 0 | AZ24: =$B$15/$B$14*AZ23 -> 0.28894348 | BA24: =$B$15/$B$14*BA23 -> 67.517056 | BB24: =$B$15/$B$14*BB23 -> 6.1766392 | ... BD24: =$B$15/$B$14*BD23 -> 0.042597512 | BE24: 0 | BF24: 0 | BG24: =base_fleet!CE24 -> 0 | BH24: =base_fleet!CA24 -> 0 | BI24: =base_fleet!BV24 -> 0 | BJ24: =base_fleet!CH24 -> 0 | BK24: =base_fleet!BU24+base_fleet!BZ24+base_fleet!CD24 -> 0
A25: =A24-1 -> 1996 | B25: =$B$15/$B$14*B24 -> 2243.8476 | C25: =$B$15/$B$14*C24 -> 4018.3019 | D25: =$B$15/$B$14*D24 -> 2.3724221 | E25: =$B$15/$B$14*E24 -> 1672.9463 | F25: =$B$15/$B$14*F24 -> 17.290158 | G25: =$B$15/$B$14*G24 -> 27.110968 | H25: =$B$15/$B$14*H24 -> 0.27664253 | I25: =$B$15/$B$14*I24 -> 214.04975 | J25: =base_fleet!C25+base_fleet!G25+base_fleet!L25+base_fleet!Q25 -> 0 | K25: =base_fleet!E25+base_fleet!J25+base_fleet!O25+base_fleet!T25 -> 0 | L25: =$B$15/$B$14*L24 -> 255.95791 | M25: =base_fleet!I25+base_fleet!N25 -> 0 | N25: =$B$15/$B$14*N24 -> 2586.8891 | O25: =$B$15/$B$14*O24 -> 40.568419 | P25: =$B$15/$B$14*P24 -> 181.01581 | Q25: =$B$15/$B$14*Q24 -> 494.41277 | R25: =$B$15/$B$14*R24 -> 70.223695 | S25: =$B$15/$B$14*S24 -> 26.571128 | T25: =base_fleet!Z25+base_fleet!AE25 -> 0 | U25: =base_fleet!X25+base_fleet!AC25+base_fleet!AH25 -> 0 | V25: =$B$15/$B$14*V24 -> 637.19439 | W25: =$B$15/$B$14*W24 -> 133.3847 | X25: =$B$15/$B$14*X24 -> 29.927326 | Y25: =$B$15/$B$14*Y24 -> 22.59414 | Z25: =$B$15/$B$14*Z24 -> 45.18828 | AA25: =$B$15/$B$14*AA24 -> 8.9187395 | AB25: =$B$15/$B$14*AB24 -> 0.29729132 | AC25: =$B$15/$B$14*AC24 -> 0.29729132 | ... AS25: =$B$15/$B$14*AS24 -> 0.19819421 | AT25: =base_fleet!AQ25+base_fleet!AN25+base_fleet!AJ25 -> 0 | AU25: =$B$15/$B$14*AU24 -> 271.80052 | AV25: =$B$15/$B$14*AV24 -> 24.862748 | AW25: =$B$15/$B$14*AW24 -> 8.4485065 | AX25: =$B$15/$B$14*AX24 -> 3.1380167 | AY25: =$B$15/$B$14*AY24 -> 0 | AZ25: =$B$15/$B$14*AZ24 -> 0.2413859 | BA25: =$B$15/$B$14*BA24 -> 56.404336 | BB25: =$B$15/$B$14*BB24 -> 5.1600181 | ... BD25: =$B$15/$B$14*BD24 -> 0.035586332 | BE25: 0 | BF25: 0 | BG25: =base_fleet!CE25 -> 0 | BH25: =base_fleet!CA25 -> 0 | BI25: =base_fleet!BV25 -> 0 | BJ25: =base_fleet!CH25 -> 0 | BK25: =base_fleet!BU25+base_fleet!BZ25+base_fleet!CD25 -> 0
A26: =A25-1 -> 1995 | B26: =$B$15/$B$14*B25 -> 1874.5298 | C26: =$B$15/$B$14*C25 -> 3356.9243 | D26: =$B$15/$B$14*D25 -> 1.9819421 | E26: =$B$15/$B$14*E25 -> 1397.5939 | F26: =$B$15/$B$14*F25 -> 14.444349 | G26: =$B$15/$B$14*G25 -> 22.648739 | H26: =$B$15/$B$14*H25 -> 0.23110958 | I26: =$B$15/$B$14*I25 -> 178.81902 | J26: =base_fleet!C26+base_fleet!G26+base_fleet!L26+base_fleet!Q26 -> 0 | K26: =base_fleet!E26+base_fleet!J26+base_fleet!O26+base_fleet!T26 -> 0 | L26: =$B$15/$B$14*L25 -> 213.82947 | M26: =base_fleet!I26+base_fleet!N26 -> 0 | N26: =$B$15/$B$14*N25 -> 2161.1097 | O26: =$B$15/$B$14*O25 -> 33.89121 | P26: =$B$15/$B$14*P25 -> 151.22218 | Q26: =$B$15/$B$14*Q25 -> 413.03673 | R26: =$B$15/$B$14*R25 -> 58.665486 | S26: =$B$15/$B$14*S25 -> 22.197752 | T26: =base_fleet!Z26+base_fleet!AE26 -> 0 | U26: =base_fleet!X26+base_fleet!AC26+base_fleet!AH26 -> 0 | V26: =$B$15/$B$14*V25 -> 532.31774 | W26: =$B$15/$B$14*W25 -> 111.43074 | X26: =$B$15/$B$14*X25 -> 25.001548 | Y26: =$B$15/$B$14*Y25 -> 18.875341 | Z26: =$B$15/$B$14*Z25 -> 37.750682 | AA26: =$B$15/$B$14*AA25 -> 7.4507926 | AB26: =$B$15/$B$14*AB25 -> 0.24835975 | AC26: =$B$15/$B$14*AC25 -> 0.24835975 | ... AS26: =$B$15/$B$14*AS25 -> 0.16557317 | AT26: =base_fleet!AQ26+base_fleet!AN26+base_fleet!AJ26 -> 0 | AU26: =$B$15/$B$14*AU25 -> 227.06452 | AV26: =$B$15/$B$14*AV25 -> 20.770556 | AW26: =$B$15/$B$14*AW25 -> 7.0579559 | AX26: =$B$15/$B$14*AX25 -> 2.6215265 | AY26: =$B$15/$B$14*AY25 -> 0 | AZ26: =$B$15/$B$14*AZ25 -> 0.20165588 | BA26: =$B$15/$B$14*BA25 -> 47.120673 | BB26: =$B$15/$B$14*BB25 -> 4.3107241 | ... BD26: =$B$15/$B$14*BD25 -> 0.029729132 | BE26: 0 | BF26: 0 | BG26: =base_fleet!CE26 -> 0 | BH26: =base_fleet!CA26 -> 0 | BI26: =base_fleet!BV26 -> 0 | BJ26: =base_fleet!CH26 -> 0 | BK26: =base_fleet!BU26+base_fleet!BZ26+base_fleet!CD26 -> 0
A27: =A26-1 -> 1994 | B27: =$B$15/$B$14*B26 -> 1565.9985 | C27: =$B$15/$B$14*C26 -> 2804.4038 | D27: =$B$15/$B$14*D26 -> 1.6557317 | E27: =$B$15/$B$14*E26 -> 1167.5621 | F27: =$B$15/$B$14*F26 -> 12.066935 | G27: =$B$15/$B$14*G26 -> 18.920953 | H27: =$B$15/$B$14*H26 -> 0.19307095 | I27: =$B$15/$B$14*I26 -> 149.38697 | J27: =base_fleet!C27+base_fleet!G27+base_fleet!L27+base_fleet!Q27 -> 0 | K27: =base_fleet!E27+base_fleet!J27+base_fleet!O27+base_fleet!T27 -> 0 | L27: =$B$15/$B$14*L26 -> 178.635 | M27: =base_fleet!I27+base_fleet!N27 -> 0 | N27: =$B$15/$B$14*N26 -> 1805.4098 | O27: =$B$15/$B$14*O26 -> 28.313012 | P27: =$B$15/$B$14*P26 -> 126.33233 | Q27: =$B$15/$B$14*Q26 -> 345.05448 | R27: =$B$15/$B$14*R26 -> 49.009658 | S27: =$B$15/$B$14*S26 -> 18.544195 | T27: =base_fleet!Z27+base_fleet!AE27 -> 0 | U27: =base_fleet!X27+base_fleet!AC27+base_fleet!AH27 -> 0 | V27: =$B$15/$B$14*V26 -> 444.70287 | W27: =$B$15/$B$14*W26 -> 93.090212 | X27: =$B$15/$B$14*X26 -> 20.886511 | Y27: =$B$15/$B$14*Y26 -> 15.768624 | Z27: =$B$15/$B$14*Z26 -> 31.537249 | AA27: =$B$15/$B$14*AA26 -> 6.224457 | AB27: =$B$15/$B$14*AB26 -> 0.2074819 | AC27: =$B$15/$B$14*AC26 -> 0.2074819 | ... AS27: =$B$15/$B$14*AS26 -> 0.13832127 | AT27: =base_fleet!AQ27+base_fleet!AN27+base_fleet!AJ27 -> 0 | AU27: =$B$15/$B$14*AU26 -> 189.69168 | AV27: =$B$15/$B$14*AV26 -> 17.351903 | AW27: =$B$15/$B$14*AW26 -> 5.8962778 | AX27: =$B$15/$B$14*AX26 -> 2.190046 | AY27: =$B$15/$B$14*AY26 -> 0 | AZ27: =$B$15/$B$14*AZ26 -> 0.16846508 | BA27: =$B$15/$B$14*BA26 -> 39.365021 | BB27: =$B$15/$B$14*BB26 -> 3.6012164 | ... BD27: =$B$15/$B$14*BD26 -> 0.024835975 | BE27: 0 | BF27: 0 | BG27: =base_fleet!CE27 -> 0 | BH27: =base_fleet!CA27 -> 0 | BI27: =base_fleet!BV27 -> 0 | BJ27: =base_fleet!CH27 -> 0 | BK27: =base_fleet!BU27+base_fleet!BZ27+base_fleet!CD27 -> 0
A28: =A27-1 -> 1993 | B28: =$B$15/$B$14*B27 -> 1308.2488 | C28: =$B$15/$B$14*C27 -> 2342.8234 | D28: =$B$15/$B$14*D27 -> 1.3832127 | E28: =$B$15/$B$14*E27 -> 975.39153 | F28: =$B$15/$B$14*F27 -> 10.080822 | G28: =$B$15/$B$14*G27 -> 15.806729 | H28: =$B$15/$B$14*H27 -> 0.16129316 | I28: =$B$15/$B$14*I27 -> 124.79917 | J28: =base_fleet!C28+base_fleet!G28+base_fleet!L28+base_fleet!Q28 -> 0 | K28: =base_fleet!E28+base_fleet!J28+base_fleet!O28+base_fleet!T28 -> 0 | L28: =$B$15/$B$14*L27 -> 149.23323 | M28: =base_fleet!I28+base_fleet!N28 -> 0 | N28: =$B$15/$B$14*N27 -> 1508.2551 | O28: =$B$15/$B$14*O27 -> 23.652936 | P28: =$B$15/$B$14*P27 -> 105.53913 | Q28: =$B$15/$B$14*Q27 -> 288.26152 | R28: =$B$15/$B$14*R27 -> 40.943095 | S28: =$B$15/$B$14*S27 -> 15.491982 | T28: =base_fleet!Z28+base_fleet!AE28 -> 0 | U28: =base_fleet!X28+base_fleet!AC28+base_fleet!AH28 -> 0 | V28: =$B$15/$B$14*V27 -> 371.50865 | W28: =$B$15/$B$14*W27 -> 77.768373 | X28: =$B$15/$B$14*X27 -> 17.448773 | Y28: =$B$15/$B$14*Y27 -> 13.173246 | Z28: =$B$15/$B$14*Z27 -> 26.346492 | AA28: =$B$15/$B$14*AA27 -> 5.1999655 | AB28: =$B$15/$B$14*AB27 -> 0.17333218 | AC28: =$B$15/$B$14*AC27 -> 0.17333218 | ... AS28: =$B$15/$B$14*AS27 -> 0.11555479 | AT28: =base_fleet!AQ28+base_fleet!AN28+base_fleet!AJ28 -> 0 | AU28: =$B$15/$B$14*AU27 -> 158.47008 | AV28: =$B$15/$B$14*AV27 -> 14.495931 | AW28: =$B$15/$B$14*AW27 -> 4.9258018 | AX28: =$B$15/$B$14*AX27 -> 1.8295835 | AY28: =$B$15/$B$14*AY27 -> 0 | AZ28: =$B$15/$B$14*AZ27 -> 0.14073719 | BA28: =$B$15/$B$14*BA27 -> 32.885881 | BB28: =$B$15/$B$14*BB27 -> 3.0084875 | ... BD28: =$B$15/$B$14*BD27 -> 0.02074819 | BE28: 0 | BF28: 0 | BG28: =base_fleet!CE28 -> 0 | BH28: =base_fleet!CA28 -> 0 | BI28: =base_fleet!BV28 -> 0 | BJ28: =base_fleet!CH28 -> 0 | BK28: =base_fleet!BU28+base_fleet!BZ28+base_fleet!CD28 -> 0
A29: =A28-1 -> 1992 | B29: =$B$15/$B$14*B28 -> 1092.9224 | C29: =$B$15/$B$14*C28 -> 1957.215 | D29: =$B$15/$B$14*D28 -> 1.1555479 | E29: =$B$15/$B$14*E28 -> 814.85058 | F29: =$B$15/$B$14*F28 -> 8.4216066 | G29: =$B$15/$B$14*G28 -> 13.205079 | H29: =$B$15/$B$14*H28 -> 0.13474571 | I29: =$B$15/$B$14*I28 -> 104.25832 | J29: =base_fleet!C29+base_fleet!G29+base_fleet!L29+base_fleet!Q29 -> 0 | K29: =base_fleet!E29+base_fleet!J29+base_fleet!O29+base_fleet!T29 -> 0 | L29: =$B$15/$B$14*L28 -> 124.67074 | M29: =base_fleet!I29+base_fleet!N29 -> 0 | N29: =$B$15/$B$14*N28 -> 1260.0094 | O29: =$B$15/$B$14*O28 -> 19.759869 | P29: =$B$15/$B$14*P28 -> 88.168304 | Q29: =$B$15/$B$14*Q28 -> 240.81618 | R29: =$B$15/$B$14*R28 -> 34.204218 | S29: =$B$15/$B$14*S28 -> 12.942136 | T29: =base_fleet!Z29+base_fleet!AE29 -> 0 | U29: =base_fleet!X29+base_fleet!AC29+base_fleet!AH29 -> 0 | V29: =$B$15/$B$14*V28 -> 310.36156 | W29: =$B$15/$B$14*W28 -> 64.968376 | X29: =$B$15/$B$14*X28 -> 14.576857 | Y29: =$B$15/$B$14*Y28 -> 11.005044 | Z29: =$B$15/$B$14*Z28 -> 22.010089 | AA29: =$B$15/$B$14*AA28 -> 4.3440965 | AB29: =$B$15/$B$14*AB28 -> 0.14480322 | AC29: =$B$15/$B$14*AC28 -> 0.14480322 | ... AS29: =$B$15/$B$14*AS28 -> 0.096535477 | AT29: =base_fleet!AQ29+base_fleet!AN29+base_fleet!AJ29 -> 0 | AU29: =$B$15/$B$14*AU28 -> 132.38728 | AV29: =$B$15/$B$14*AV28 -> 12.110027 | AW29: =$B$15/$B$14*AW28 -> 4.1150577 | AX29: =$B$15/$B$14*AX28 -> 1.52845 | AY29: =$B$15/$B$14*AY28 -> 0 | AZ29: =$B$15/$B$14*AZ28 -> 0.11757308 | BA29: =$B$15/$B$14*BA28 -> 27.473151 | BB29: =$B$15/$B$14*BB28 -> 2.5133167 | ... BD29: =$B$15/$B$14*BD28 -> 0.017333218 | BE29: 0 | BF29: 0 | BG29: =base_fleet!CE29 -> 0 | BH29: =base_fleet!CA29 -> 0 | BI29: =base_fleet!BV29 -> 0 | BJ29: =base_fleet!CH29 -> 0 | BK29: =base_fleet!BU29+base_fleet!BZ29+base_fleet!CD29 -> 0
A30: =A29-1 -> 1991 | B30: =$B$15/$B$14*B29 -> 913.0369 | C30: =$B$15/$B$14*C29 -> 1635.0745 | D30: =$B$15/$B$14*D29 -> 0.96535477 | E30: =$B$15/$B$14*E29 -> 680.73327 | F30: =$B$15/$B$14*F29 -> 7.0354835 | G30: =$B$15/$B$14*G29 -> 11.031638 | H30: =$B$15/$B$14*H29 -> 0.11256774 | I30: =$B$15/$B$14*I29 -> 87.098304 | J30: =base_fleet!C30+base_fleet!G30+base_fleet!L30+base_fleet!Q30 -> 0 | K30: =base_fleet!E30+base_fleet!J30+base_fleet!O30+base_fleet!T30 -> 0 | L30: =$B$15/$B$14*L29 -> 104.15102 | M30: =base_fleet!I30+base_fleet!N30 -> 0 | N30: =$B$15/$B$14*N29 -> 1052.6228 | O30: =$B$15/$B$14*O29 -> 16.507567 | P30: =$B$15/$B$14*P29 -> 73.656569 | Q30: =$B$15/$B$14*Q29 -> 201.17993 | R30: =$B$15/$B$14*R29 -> 28.574501 | S30: =$B$15/$B$14*S29 -> 10.811973 | T30: =base_fleet!Z30+base_fleet!AE30 -> 0 | U30: =base_fleet!X30+base_fleet!AC30+base_fleet!AH30 -> 0 | V30: =$B$15/$B$14*V29 -> 259.27875 | W30: =$B$15/$B$14*W29 -> 54.275147 | X30: =$B$15/$B$14*X29 -> 12.177633 | Y30: =$B$15/$B$14*Y29 -> 9.1937099 | Z30: =$B$15/$B$14*Z29 -> 18.38742 | AA30: =$B$15/$B$14*AA29 -> 3.629096 | AB30: =$B$15/$B$14*AB29 -> 0.12096987 | AC30: =$B$15/$B$14*AC29 -> 0.12096987 | ... AS30: =$B$15/$B$14*AS29 -> 0.080646578 | AT30: =base_fleet!AQ30+base_fleet!AN30+base_fleet!AJ30 -> 0 | AU30: =$B$15/$B$14*AU29 -> 110.59749 | AV30: =$B$15/$B$14*AV29 -> 10.116822 | AW30: =$B$15/$B$14*AW29 -> 3.437755 | AX30: =$B$15/$B$14*AX29 -> 1.2768804 | AY30: =$B$15/$B$14*AY29 -> 0 | AZ30: =$B$15/$B$14*AZ29 -> 0.098221571 | BA30: =$B$15/$B$14*BA29 -> 22.95131 | BB30: =$B$15/$B$14*BB29 -> 2.0996466 | ... BD30: =$B$15/$B$14*BD29 -> 0.014480322 | BE30: 0 | BF30: 0 | BG30: =base_fleet!CE30 -> 0 | BH30: =base_fleet!CA30 -> 0 | BI30: =base_fleet!BV30 -> 0 | BJ30: =base_fleet!CH30 -> 0 | BK30: =base_fleet!BU30+base_fleet!BZ30+base_fleet!CD30 -> 0
... A62: =A61-1 -> 1959 | B62: =$B$15/$B$14*B61 -> 2.8923857 | C62: =$B$15/$B$14*C61 -> 5.1797095 | D62: =$B$15/$B$14*D61 -> 0.0030581221 | E62: =$B$15/$B$14*E61 -> 2.1564771 | F62: =$B$15/$B$14*F61 -> 0.022287524 | G62: =$B$15/$B$14*G61 -> 0.034946837 | H62: =$B$15/$B$14*H61 -> 0.00035660038 | I62: =$B$15/$B$14*I61 -> 0.27591643 | J62: =base_fleet!C62+base_fleet!G62+base_fleet!L62+base_fleet!Q62 -> 0 | K62: =base_fleet!E62+base_fleet!J62+base_fleet!O62+base_fleet!T62 -> 0 | L62: =$B$15/$B$14*L61 -> 0.32993729 | M62: =base_fleet!I62+base_fleet!N62 -> 0 | N62: =$B$15/$B$14*N61 -> 3.3345763 | O62: =$B$15/$B$14*O61 -> 0.052293887 | P62: =$B$15/$B$14*P61 -> 0.23333471 | Q62: =$B$15/$B$14*Q61 -> 0.63731264 | R62: =$B$15/$B$14*R61 -> 0.090520413 | S62: =$B$15/$B$14*S61 -> 0.034250967 | T62: =base_fleet!Z62+base_fleet!AE62 -> 0 | U62: =base_fleet!X62+base_fleet!AC62+base_fleet!AH62 -> 0 | V62: =$B$15/$B$14*V61 -> 0.82136235 | W62: =$B$15/$B$14*W61 -> 0.17193681 | X62: =$B$15/$B$14*X61 -> 0.038577205 | Y62: =$B$15/$B$14*Y61 -> 0.029124512 | Z62: =$B$15/$B$14*Z61 -> 0.058249025 | AA62: =$B$15/$B$14*AA61 -> 0.011496518 | AB62: =$B$15/$B$14*AB61 -> 0.00038321727 | AC62: =$B$15/$B$14*AC61 -> 0.00038321727 | ... AS62: =$B$15/$B$14*AS61 -> 0.00025547818 | AT62: =base_fleet!AQ62+base_fleet!AN62+base_fleet!AJ62 -> 0 | AU62: =$B$15/$B$14*AU61 -> 0.35035889 | AV62: =$B$15/$B$14*AV61 -> 0.032048815 | AW62: =$B$15/$B$14*AW61 -> 0.010890374 | AX62: =$B$15/$B$14*AX61 -> 0.004044996 | AY62: =$B$15/$B$14*AY61 -> 0 | AZ62: =$B$15/$B$14*AZ61 -> 0.00031115354 | BA62: =$B$15/$B$14*BA61 -> 0.072706852 | BB62: =$B$15/$B$14*BB61 -> 0.0066514155 | ... BD62: =$B$15/$B$14*BD61 -> 4.5871831e-05 | BE62: 0 | BF62: 0 | BG62: =base_fleet!CE62 -> 0 | BH62: =base_fleet!CA62 -> 0 | BI62: =base_fleet!BV62 -> 0 | BJ62: =base_fleet!CH62 -> 0 | BK62: =base_fleet!BU62+base_fleet!BZ62+base_fleet!CD62 -> 0
BG63: =AVERAGE(BG2:BG18) -> 185.47059 | BH63: =AVERAGE(BH2:BH18) -> 31347.353 | BI63: =AVERAGE(BI2:BI18) -> 268.58824 | BJ63: =AVERAGE(BJ2:BJ18) -> 3.4705882 | BK63: =AVERAGE(BK2:BK18) -> 9.5882353 | BL63: =SUM(BG63:BK63) -> 31814.471
BG64: =BG63/$BL$63 -> 0.0058297556 | BH64: =BH63/$BL$63 -> 0.98531745 | BI64: =BI63/$BL$63 -> 0.0084423292 | BJ64: =BJ63/$BL$63 -> 0.00010908835 | BK64: =BK63/$BL$63 -> 0.00030137969 | BL64: =BL63/$BL$63 -> 1

Sheet tfs
A1: Year | B1: =metadata!B2 -> PC_MINI_G | C1: =metadata!B3 -> PC_SMALL_G | D1: =metadata!B4 -> PC_MEDIUM_G | E1: =metadata!B5 -> PC_SUV_G | F1: =metadata!B6 -> PC_MINI_D | G1: =metadata!B7 -> PC_SMALL_D | H1: =metadata!B8 -> PC_MEDIUM_D | I1: =metadata!B9 -> PC_SUV_D | J1: =metadata!B10 -> PC_ELEC | K1: =metadata!B11 -> PC_SMALL_HY | L1: =metadata!B12 -> TAXI_SMALL_G | M1: =metadata!B13 -> TAXI_SMALL_GLP | N1: =metadata!B14 -> LCV_NI_G | O1: =metadata!B15 -> LCV_NII_G | P1: =metadata!B16 -> LCV_NIII_G | Q1: =metadata!B17 -> LCV_NI_D | R1: =metadata!B18 -> LCV_NII_D | S1: =metadata!B19 -> LCV_NIII_D | T1: =metadata!B20 -> LCV_ELEC | U1: =metadata!B21 -> LCV_HY | V1: =metadata!B22 -> TRUCKS_RT_7_D | W1: =metadata!B23 -> TRUCKS_RT_7_12_D | X1: =metadata!B24 -> TRUCKS_RT_12_14_D | Y1: =metadata!B25 -> TRUCKS_RT_14_16_D | Z1: =metadata!B26 -> TRUCKS_RT_16_20_D | AA1: =metadata!B27 -> TRUCKS_RT_20_26_D | AB1: =metadata!B28 -> TRUCKS_RT_26_28_D | AC1: =metadata!B29 -> TRUCKS_RT_28_32_D | AD1: =metadata!B30 -> TRUCKS_RT_32_D | AE1: =metadata!B31 -> TRUCKS_RT_7_G | AF1: =metadata!B32 -> TRUCKS_RT_7_12_G | AG1: =metadata!B33 -> TRUCKS_RT_12_14_G | AH1: =metadata!B34 -> TRUCKS_RT_14_16_G | AI1: =metadata!B35 -> TRUCKS_RT_16_20_G | AJ1: =metadata!B36 -> TRUCKS_RT_20_26_G | AK1: =metadata!B37 -> TRUCKS_RT_26_28_G | AL1: =metadata!B38 -> TRUCKS_RT_28_32_G | AM1: =metadata!B39 -> TRUCKS_RT_32_G | AN1: =metadata!B40 -> TRUCKS_AT_16_20_D | AO1: =metadata!B41 -> TRUCKS_AT_20_28_D | AP1: =metadata!B42 -> TRUCKS_AT_28_34_D | AQ1: =metadata!B43 -> TRUCKS_AT_34_40_D | AR1: =metadata!B44 -> TRUCKS_AT_40_50_D | AS1: =metadata!B45 -> TRUCKS_AT_50_60_D | AT1: =metadata!B46 -> TRUCKS_ELEC | AU1: =metadata!B47 -> BUS_UB_15_D | AV1: =metadata!B48 -> BUS_UB_15_18_D | AW1: =metadata!B49 -> BUS_UB_18_D | AX1: =metadata!B50 -> BUS_UB_15_G | AY1: =metadata!B51 -> BUS_UB_15_18_G | AZ1: =metadata!B52 -> BUS_UB_18_G | BA1: =metadata!B53 -> BUS_COACH_17_D | BB1: =metadata!B54 -> BUS_COACH_18_D | BC1: =metadata!B55 -> BUS_COACH_17_G | BD1: =metadata!B56 -> BUS_COACH_18_G | BE1: =metadata!B57 -> BUS_UB_15_HY | BF1: =metadata!B58 -> BUS_ELEC | BG1: =metadata!B59 -> MC_2S_50_G | BH1: =metadata!B60 -> MC_4S_50_250_G | BI1: =metadata!B61 -> MC_4S_250_750_G | BJ1: =metadata!B62 -> MC_4S_750_G | BK1: =metadata!B63 -> MC_ELEC
A2: 43528 | B2: 0.11939717 | C2: 0.11939717 | D2: 0.11939717 | E2: 0.11939717 | F2: 0.11939717 | G2: 0.11939717 | H2: 0.11939717 | I2: 0.11939717 | J2: 0.11939717 | K2: 0.11939717 | L2: 0.11939717 | M2: 0.11939717 | N2: 0.073559461 | O2: 0.073559461 | P2: 0.073559461 | Q2: 0.073559461 | R2: 0.073559461 | S2: 0.073559461 | T2: 0.073559461 | U2: 0.073559461 | V2: 0.75 | W2: 0.75 | X2: 0.75 | Y2: 0.75 | Z2: 0.75 | AA2: 0.75 | AB2: 0.75 | AC2: 0.75 | AD2: 0.75 | AE2: 0.75 | AF2: 0.75 | AG2: 0.75 | AH2: 0.75 | AI2: 0.75 | AJ2: 0.75 | AK2: 0.75 | AL2: 0.75 | AM2: 0.75 | AN2: 0.75 | AO2: 0.75 | AP2: 0.75 | AQ2: 0.75 | AR2: 0.75 | AS2: 0.75 | AT2: 0.75 | AU2: 0.11939717 | AV2: 0.11939717 | AW2: 0.11939717 | AX2: 0.11939717 | AY2: 0.11939717 | AZ2: 0.11939717 | BA2: 0.11939717 | BB2: 0.11939717 | BC2: 0.11939717 | BD2: 0.11939717 | BE2: 0.11939717 | BF2: 0.11939717 | BG2: 0.11939717 | BH2: 0.11939717 | BI2: 0.11939717 | BJ2: 0.11939717 | BK2: 0.11939717
A3: =A2+1/24 -> 43528.042 | B3: 0.0613659 | C3: 0.0613659 | D3: 0.0613659 | E3: 0.0613659 | F3: 0.0613659 | G3: 0.0613659 | H3: 0.0613659 | I3: 0.0613659 | J3: 0.0613659 | K3: 0.0613659 | L3: 0.0613659 | M3: 0.0613659 | N3: 0.073559461 | O3: 0.073559461 | P3: 0.073559461 | Q3: 0.073559461 | R3: 0.073559461 | S3: 0.073559461 | T3: 0.073559461 | U3: 0.073559461 | V3: 0.375 | W3: 0.375 | X3: 0.375 | Y3: 0.375 | Z3: 0.375 | AA3: 0.375 | AB3: 0.375 | AC3: 0.375 | AD3: 0.375 | AE3: 0.375 | AF3: 0.375 | AG3: 0.375 | AH3: 0.375 | AI3: 0.375 | AJ3: 0.375 | AK3: 0.375 | AL3: 0.375 | AM3: 0.375 | AN3: 0.375 | AO3: 0.375 | AP3: 0.375 | AQ3: 0.375 | AR3: 0.375 | AS3: 0.375 | AT3: 0.375 | AU3: 0.0613659 | AV3: 0.0613659 | AW3: 0.0613659 | AX3: 0.0613659 | AY3: 0.0613659 | AZ3: 0.0613659 | BA3: 0.0613659 | BB3: 0.0613659 | BC3: 0.0613659 | BD3: 0.0613659 | BE3: 0.0613659 | BF3: 0.0613659 | BG3: 0.0613659 | BH3: 0.0613659 | BI3: 0.0613659 | BJ3: 0.0613659 | BK3: 0.0613659
A4: =A3+1/24 -> 43528.083 | B4: 0.040362046 | C4: 0.040362046 | D4: 0.040362046 | E4: 0.040362046 | F4: 0.040362046 | G4: 0.040362046 | H4: 0.040362046 | I4: 0.040362046 | J4: 0.040362046 | K4: 0.040362046 | L4: 0.040362046 | M4: 0.040362046 | N4: 0.070698815 | O4: 0.070698815 | P4: 0.070698815 | Q4: 0.070698815 | R4: 0.070698815 | S4: 0.070698815 | T4: 0.070698815 | U4: 0.070698815 | V4: 0.125 | W4: 0.125 | X4: 0.125 | Y4: 0.125 | Z4: 0.125 | AA4: 0.125 | AB4: 0.125 | AC4: 0.125 | AD4: 0.125 | AE4: 0.125 | AF4: 0.125 | AG4: 0.125 | AH4: 0.125 | AI4: 0.125 | AJ4: 0.125 | AK4: 0.125 | AL4: 0.125 | AM4: 0.125 | AN4: 0.125 | AO4: 0.125 | AP4: 0.125 | AQ4: 0.125 | AR4: 0.125 | AS4: 0.125 | AT4: 0.125 | AU4: 0.040362046 | AV4: 0.040362046 | AW4: 0.040362046 | AX4: 0.040362046 | AY4: 0.040362046 | AZ4: 0.040362046 | BA4: 0.040362046 | BB4: 0.040362046 | BC4: 0.040362046 | BD4: 0.040362046 | BE4: 0.040362046 | BF4: 0.040362046 | BG4: 0.040362046 | BH4: 0.040362046 | BI4: 0.040362046 | BJ4: 0.040362046 | BK4: 0.040362046
A5: =A4+1/24 -> 43528.125 | B5: 0.047117925 | C5: 0.047117925 | D5: 0.047117925 | E5: 0.047117925 | F5: 0.047117925 | G5: 0.047117925 | H5: 0.047117925 | I5: 0.047117925 | J5: 0.047117925 | K5: 0.047117925 | L5: 0.047117925 | M5: 0.047117925 | N5: 0.11033919 | O5: 0.11033919 | P5: 0.11033919 | Q5: 0.11033919 | R5: 0.11033919 | S5: 0.11033919 | T5: 0.11033919 | U5: 0.11033919 | V5: 0.375 | W5: 0.375 | X5: 0.375 | Y5: 0.375 | Z5: 0.375 | AA5: 0.375 | AB5: 0.375 | AC5: 0.375 | AD5: 0.375 | AE5: 0.375 | AF5: 0.375 | AG5: 0.375 | AH5: 0.375 | AI5: 0.375 | AJ5: 0.375 | AK5: 0.375 | AL5: 0.375 | AM5: 0.375 | AN5: 0.375 | AO5: 0.375 | AP5: 0.375 | AQ5: 0.375 | AR5: 0.375 | AS5: 0.375 | AT5: 0.375 | AU5: 0.047117925 | AV5: 0.047117925 | AW5: 0.047117925 | AX5: 0.047117925 | AY5: 0.047117925 | AZ5: 0.047117925 | BA5: 0.047117925 | BB5: 0.047117925 | BC5: 0.047117925 | BD5: 0.047117925 | BE5: 0.047117925 | BF5: 0.047117925 | BG5: 0.047117925 | BH5: 0.047117925 | BI5: 0.047117925 | BJ5: 0.047117925 | BK5: 0.047117925
A6: =A5+1/24 -> 43528.167 | B6: 0.11874756 | C6: 0.11874756 | D6: 0.11874756 | E6: 0.11874756 | F6: 0.11874756 | G6: 0.11874756 | H6: 0.11874756 | I6: 0.11874756 | J6: 0.11874756 | K6: 0.11874756 | L6: 0.11874756 | M6: 0.11874756 | N6: 0.19861054 | O6: 0.19861054 | P6: 0.19861054 | Q6: 0.19861054 | R6: 0.19861054 | S6: 0.19861054 | T6: 0.19861054 | U6: 0.19861054 | V6: 0.75 | W6: 0.75 | X6: 0.75 | Y6: 0.75 | Z6: 0.75 | AA6: 0.75 | AB6: 0.75 | AC6: 0.75 | AD6: 0.75 | AE6: 0.75 | AF6: 0.75 | AG6: 0.75 | AH6: 0.75 | AI6: 0.75 | AJ6: 0.75 | AK6: 0.75 | AL6: 0.75 | AM6: 0.75 | AN6: 0.75 | AO6: 0.75 | AP6: 0.75 | AQ6: 0.75 | AR6: 0.75 | AS6: 0.75 | AT6: 0.75 | AU6: 0.11874756 | AV6: 0.11874756 | AW6: 0.11874756 | AX6: 0.11874756 | AY6: 0.11874756 | AZ6: 0.11874756 | BA6: 0.11874756 | BB6: 0.11874756 | BC6: 0.11874756 | BD6: 0.11874756 | BE6: 0.11874756 | BF6: 0.11874756 | BG6: 0.11874756 | BH6: 0.11874756 | BI6: 0.11874756 | BJ6: 0.11874756 | BK6: 0.11874756
A7: =A6+1/24 -> 43528.208 | B7: 0.42748257 | C7: 0.42748257 | D7: 0.42748257 | E7: 0.42748257 | F7: 0.42748257 | G7: 0.42748257 | H7: 0.42748257 | I7: 0.42748257 | J7: 0.42748257 | K7: 0.42748257 | L7: 0.42748257 | M7: 0.42748257 | N7: 0.45770331 | O7: 0.45770331 | P7: 0.45770331 | Q7: 0.45770331 | R7: 0.45770331 | S7: 0.45770331 | T7: 0.45770331 | U7: 0.45770331 | V7: 2 | W7: 2 | X7: 2 | Y7: 2 | Z7: 2 | AA7: 2 | AB7: 2 | AC7: 2 | AD7: 2 | AE7: 2 | AF7: 2 | AG7: 2 | AH7: 2 | AI7: 2 | AJ7: 2 | AK7: 2 | AL7: 2 | AM7: 2 | AN7: 2 | AO7: 2 | AP7: 2 | AQ7: 2 | AR7: 2 | AS7: 2 | AT7: 2 | AU7: 0.42748257 | AV7: 0.42748257 | AW7: 0.42748257 | AX7: 0.42748257 | AY7: 0.42748257 | AZ7: 0.42748257 | BA7: 0.42748257 | BB7: 0.42748257 | BC7: 0.42748257 | BD7: 0.42748257 | BE7: 0.42748257 | BF7: 0.42748257 | BG7: 0.42748257 | BH7: 0.42748257 | BI7: 0.42748257 | BJ7: 0.42748257 | BK7: 0.42748257
A8: =A7+1/24 -> 43528.25 | B8: 0.87428002 | C8: 0.87428002 | D8: 0.87428002 | E8: 0.87428002 | F8: 0.87428002 | G8: 0.87428002 | H8: 0.87428002 | I8: 0.87428002 | J8: 0.87428002 | K8: 0.87428002 | L8: 0.87428002 | M8: 0.87428002 | N8: 0.84756845 | O8: 0.84756845 | P8: 0.84756845 | Q8: 0.84756845 | R8: 0.84756845 | S8: 0.84756845 | T8: 0.84756845 | U8: 0.84756845 | V8: 1.5 | W8: 1.5 | X8: 1.5 | Y8: 1.5 | Z8: 1.5 | AA8: 1.5 | AB8: 1.5 | AC8: 1.5 | AD8: 1.5 | AE8: 1.5 | AF8: 1.5 | AG8: 1.5 | AH8: 1.5 | AI8: 1.5 | AJ8: 1.5 | AK8: 1.5 | AL8: 1.5 | AM8: 1.5 | AN8: 1.5 | AO8: 1.5 | AP8: 1.5 | AQ8: 1.5 | AR8: 1.5 | AS8: 1.5 | AT8: 1.5 | AU8: 0.87428002 | AV8: 0.87428002 | AW8: 0.87428002 | AX8: 0.87428002 | AY8: 0.87428002 | AZ8: 0.87428002 | BA8: 0.87428002 | BB8: 0.87428002 | BC8: 0.87428002 | BD8: 0.87428002 | BE8: 0.87428002 | BF8: 0.87428002 | BG8: 0.87428002 | BH8: 0.87428002 | BI8: 0.87428002 | BJ8: 0.87428002 | BK8: 0.87428002
A9: =A8+1/24 -> 43528.292 | B9: 1.0171928 | C9: 1.0171928 | D9: 1.0171928 | E9: 1.0171928 | F9: 1.0171928 | G9: 1.0171928 | H9: 1.0171928 | I9: 1.0171928 | J9: 1.0171928 | K9: 1.0171928 | L9: 1.0171928 | M9: 1.0171928 | N9: 0.92930119 | O9: 0.92930119 | P9: 0.92930119 | Q9: 0.92930119 | R9: 0.92930119 | S9: 0.92930119 | T9: 0.92930119 | U9: 0.92930119 | V9: 2.375 | W9: 2.375 | X9: 2.375 | Y9: 2.375 | Z9: 2.375 | AA9: 2.375 | AB9: 2.375 | AC9: 2.375 | AD9: 2.375 | AE9: 2.375 | AF9: 2.375 | AG9: 2.375 | AH9: 2.375 | AI9: 2.375 | AJ9: 2.375 | AK9: 2.375 | AL9: 2.375 | AM9: 2.375 | AN9: 2.375 | AO9: 2.375 | AP9: 2.375 | AQ9: 2.375 | AR9: 2.375 | AS9: 2.375 | AT9: 2.375 | AU9: 1.0171928 | AV9: 1.0171928 | AW9: 1.0171928 | AX9: 1.0171928 | AY9: 1.0171928 | AZ9: 1.0171928 | BA9: 1.0171928 | BB9: 1.0171928 | BC9: 1.0171928 | BD9: 1.0171928 | BE9: 1.0171928 | BF9: 1.0171928 | BG9: 1.0171928 | BH9: 1.0171928 | BI9: 1.0171928 | BJ9: 1.0171928 | BK9: 1.0171928
A10: =A9+1/24 -> 43528.333 | B10: 1 | C10: 1 | D10: 1 | E10: 1 | F10: 1 | G10: 1 | H10: 1 | I10: 1 | J10: 1 | K10: 1 | L10: 1 | M10: 1 | N10: 1 | O10: 1 | P10: 1 | Q10: 1 | R10: 1 | S10: 1 | T10: 1 | U10: 1 | V10: 1 | W10: 1 | X10: 1 | Y10: 1 | Z10: 1 | AA10: 1 | AB10: 1 | AC10: 1 | AD10: 1 | AE10: 1 | AF10: 1 | AG10: 1 | AH10: 1 | AI10: 1 | AJ10: 1 | AK10: 1 | AL10: 1 | AM10: 1 | AN10: 1 | AO10: 1 | AP10: 1 | AQ10: 1 | AR10: 1 | AS10: 1 | AT10: 1 | AU10: 1 | AV10: 1 | AW10: 1 | AX10: 1 | AY10: 1 | AZ10: 1 | BA10: 1 | BB10: 1 | BC10: 1 | BD10: 1 | BE10: 1 | BF10: 1 | BG10: 1 | BH10: 1 | BI10: 1 | BJ10: 1 | BK10: 1
A11: =A10+1/24 -> 43528.375 | B11: 0.82850461 | C11: 0.82850461 | D11: 0.82850461 | E11: 0.82850461 | F11: 0.82850461 | G11: 0.82850461 | H11: 0.82850461 | I11: 0.82850461 | J11: 0.82850461 | K11: 0.82850461 | L11: 0.82850461 | M11: 0.82850461 | N11: 1.1503882 | O11: 1.1503882 | P11: 1.1503882 | Q11: 1.1503882 | R11: 1.1503882 | S11: 1.1503882 | T11: 1.1503882 | U11: 1.1503882 | V11: 0.5 | W11: 0.5 | X11: 0.5 | Y11: 0.5 | Z11: 0.5 | AA11: 0.5 | AB11: 0.5 | AC11: 0.5 | AD11: 0.5 | AE11: 0.5 | AF11: 0.5 | AG11: 0.5 | AH11: 0.5 | AI11: 0.5 | AJ11: 0.5 | AK11: 0.5 | AL11: 0.5 | AM11: 0.5 | AN11: 0.5 | AO11: 0.5 | AP11: 0.5 | AQ11: 0.5 | AR11: 0.5 | AS11: 0.5 | AT11: 0.5 | AU11: 0.82850461 | AV11: 0.82850461 | AW11: 0.82850461 | AX11: 0.82850461 | AY11: 0.82850461 | AZ11: 0.82850461 | BA11: 0.82850461 | BB11: 0.82850461 | BC11: 0.82850461 | BD11: 0.82850461 | BE11: 0.82850461 | BF11: 0.82850461 | BG11: 0.82850461 | BH11: 0.82850461 | BI11: 0.82850461 | BJ11: 0.82850461 | BK11: 0.82850461
A12: =A11+1/24 -> 43528.417 | B12: 0.84028409 | C12: 0.84028409 | D12: 0.84028409 | E12: 0.84028409 | F12: 0.84028409 | G12: 0.84028409 | H12: 0.84028409 | I12: 0.84028409 | J12: 0.84028409 | K12: 0.84028409 | L12: 0.84028409 | M12: 0.84028409 | N12: 1.1315897 | O12: 1.1315897 | P12: 1.1315897 | Q12: 1.1315897 | R12: 1.1315897 | S12: 1.1315897 | T12: 1.1315897 | U12: 1.1315897 | V12: 0.375 | W12: 0.375 | X12: 0.375 | Y12: 0.375 | Z12: 0.375 | AA12: 0.375 | AB12: 0.375 | AC12: 0.375 | AD12: 0.375 | AE12: 0.375 | AF12: 0.375 | AG12: 0.375 | AH12: 0.375 | AI12: 0.375 | AJ12: 0.375 | AK12: 0.375 | AL12: 0.375 | AM12: 0.375 | AN12: 0.375 | AO12: 0.375 | AP12: 0.375 | AQ12: 0.375 | AR12: 0.375 | AS12: 0.375 | AT12: 0.375 | AU12: 0.84028409 | AV12: 0.84028409 | AW12: 0.84028409 | AX12: 0.84028409 | AY12: 0.84028409 | AZ12: 0.84028409 | BA12: 0.84028409 | BB12: 0.84028409 | BC12: 0.84028409 | BD12: 0.84028409 | BE12: 0.84028409 | BF12: 0.84028409 | BG12: 0.84028409 | BH12: 0.84028409 | BI12: 0.84028409 | BJ12: 0.84028409 | BK12: 0.84028409
A13: =A12+1/24 -> 43528.458 | B13: 0.81274089 | C13: 0.81274089 | D13: 0.81274089 | E13: 0.81274089 | F13: 0.81274089 | G13: 0.81274089 | H13: 0.81274089 | I13: 0.81274089 | J13: 0.81274089 | K13: 0.81274089 | L13: 0.81274089 | M13: 0.81274089 | N13: 1.1275031 | O13: 1.1275031 | P13: 1.1275031 | Q13: 1.1275031 | R13: 1.1275031 | S13: 1.1275031 | T13: 1.1275031 | U13: 1.1275031 | V13: 0.625 | W13: 0.625 | X13: 0.625 | Y13: 0.625 | Z13: 0.625 | AA13: 0.625 | AB13: 0.625 | AC13: 0.625 | AD13: 0.625 | AE13: 0.625 | AF13: 0.625 | AG13: 0.625 | AH13: 0.625 | AI13: 0.625 | AJ13: 0.625 | AK13: 0.625 | AL13: 0.625 | AM13: 0.625 | AN13: 0.625 | AO13: 0.625 | AP13: 0.625 | AQ13: 0.625 | AR13: 0.625 | AS13: 0.625 | AT13: 0.625 | AU13: 0.81274089 | AV13: 0.81274089 | AW13: 0.81274089 | AX13: 0.81274089 | AY13: 0.81274089 | AZ13: 0.81274089 | BA13: 0.81274089 | BB13: 0.81274089 | BC13: 0.81274089 | BD13: 0.81274089 | BE13: 0.81274089 | BF13: 0.81274089 | BG13: 0.81274089 | BH13: 0.81274089 | BI13: 0.81274089 | BJ13: 0.81274089 | BK13: 0.81274089
A14: =A13+1/24 -> 43528.5 | B14: 0.7739379 | C14: 0.7739379 | D14: 0.7739379 | E14: 0.7739379 | F14: 0.7739379 | G14: 0.7739379 | H14: 0.7739379 | I14: 0.7739379 | J14: 0.7739379 | K14: 0.7739379 | L14: 0.7739379 | M14: 0.7739379 | N14: 1.0441357 | O14: 1.0441357 | P14: 1.0441357 | Q14: 1.0441357 | R14: 1.0441357 | S14: 1.0441357 | T14: 1.0441357 | U14: 1.0441357 | V14: 0.875 | W14: 0.875 | X14: 0.875 | Y14: 0.875 | Z14: 0.875 | AA14: 0.875 | AB14: 0.875 | AC14: 0.875 | AD14: 0.875 | AE14: 0.875 | AF14: 0.875 | AG14: 0.875 | AH14: 0.875 | AI14: 0.875 | AJ14: 0.875 | AK14: 0.875 | AL14: 0.875 | AM14: 0.875 | AN14: 0.875 | AO14: 0.875 | AP14: 0.875 | AQ14: 0.875 | AR14: 0.875 | AS14: 0.875 | AT14: 0.875 | AU14: 0.7739379 | AV14: 0.7739379 | AW14: 0.7739379 | AX14: 0.7739379 | AY14: 0.7739379 | AZ14: 0.7739379 | BA14: 0.7739379 | BB14: 0.7739379 | BC14: 0.7739379 | BD14: 0.7739379 | BE14: 0.7739379 | BF14: 0.7739379 | BG14: 0.7739379 | BH14: 0.7739379 | BI14: 0.7739379 | BJ14: 0.7739379 | BK14: 0.7739379
... A25: =A24+1/24 -> 43528.958 | B25: 0.17322766 | C25: 0.17322766 | D25: 0.17322766 | E25: 0.17322766 | F25: 0.17322766 | G25: 0.17322766 | H25: 0.17322766 | I25: 0.17322766 | J25: 0.17322766 | K25: 0.17322766 | L25: 0.17322766 | M25: 0.17322766 | N25: 0.15161422 | O25: 0.15161422 | P25: 0.15161422 | Q25: 0.15161422 | R25: 0.15161422 | S25: 0.15161422 | T25: 0.15161422 | U25: 0.15161422 | V25: 1.875 | W25: 1.875 | X25: 1.875 | Y25: 1.875 | Z25: 1.875 | AA25: 1.875 | AB25: 1.875 | AC25: 1.875 | AD25: 1.875 | AE25: 1.875 | AF25: 1.875 | AG25: 1.875 | AH25: 1.875 | AI25: 1.875 | AJ25: 1.875 | AK25: 1.875 | AL25: 1.875 | AM25: 1.875 | AN25: 1.875 | AO25: 1.875 | AP25: 1.875 | AQ25: 1.875 | AR25: 1.875 | AS25: 1.875 | AT25: 1.875 | AU25: 0.17322766 | AV25: 0.17322766 | AW25: 0.17322766 | AX25: 0.17322766 | AY25: 0.17322766 | AZ25: 0.17322766 | BA25: 0.17322766 | BB25: 0.17322766 | BC25: 0.17322766 | BD25: 0.17322766 | BE25: 0.17322766 | BF25: 0.17322766 | BG25: 0.17322766 | BH25: 0.17322766 | BI25: 0.17322766 | BJ25: 0.17322766 | BK25: 0.17322766

Sheet mileage
A1: Age | B1: =fleet_age!B1 -> PC_MINI_G | C1: =fleet_age!C1 -> PC_SMALL_G | D1: =fleet_age!D1 -> PC_MEDIUM_G | E1: =fleet_age!E1 -> PC_SUV_G | F1: =fleet_age!F1 -> PC_MINI_D | G1: =fleet_age!G1 -> PC_SMALL_D | H1: =fleet_age!H1 -> PC_MEDIUM_D | I1: =fleet_age!I1 -> PC_SUV_D | ... BK1: =fleet_age!BK1 -> MC_ELEC
A2: 1 | B2: 11996.766 | C2: 11996.766 | D2: 11996.766 | E2: 11996.766 | F2: 11996.766 | G2: 11996.766 | H2: 11996.766 | I2: 11996.766 | J2: 11996.766 | K2: 11996.766 | L2: =K2*7 -> 83977.359 | M2: =L2 -> 83977.359 | N2: 17932.764 | O2: 17932.764 | P2: 17932.764 | Q2: 17932.764 | R2: 17932.764 | S2: 17932.764 | T2: 17932.764 | U2: 17932.764 | V2: 41083.062 | W2: 41083.062 | X2: 41083.062 | Y2: 41083.062 | Z2: 41083.062 | AA2: 41083.062 | AB2: 56223.3 | AC2: 56223.3 | AD2: 56223.3 | AE2: 41083.062 | AF2: 41083.062 | AG2: 41083.062 | AH2: 41083.062 | AI2: 41083.062 | AJ2: 41083.062 | AK2: 56223.3 | AL2: 56223.3 | AM2: 56223.3 | AN2: 56223.3 | AO2: 56223.3 | AP2: 56223.3 | AQ2: 56223.3 | AR2: 56223.3 | AS2: 56223.3 | AT2: 41083.062 | AU2: 62470.155 | AV2: 62470.155 | AW2: 62470.155 | AX2: 62470.155 | AY2: 62470.155 | AZ2: 62470.155 | BA2: 62470.155 | BB2: 62470.155 | BC2: 62470.155 | BD2: 62470.155 | BE2: 62470.155 | BF2: 62470.155 | BG2: 12806.767 | BH2: 12806.767 | BI2: 12806.767 | BJ2: 12806.767 | BK2: 12806.767
A3: =A2+1 -> 2 | B3: 12632.429 | C3: 12632.429 | D3: 12632.429 | E3: 12632.429 | F3: 12632.429 | G3: 12632.429 | H3: 12632.429 | I3: 12632.429 | J3: 12632.429 | K3: 12632.429 | L3: =K3*7 -> 88427.002 | M3: =L3 -> 88427.002 | N3: 17638.046 | O3: 17638.046 | P3: 17638.046 | Q3: 17638.046 | R3: 17638.046 | S3: 17638.046 | T3: 17638.046 | U3: 17638.046 | V3: 38116.597 | W3: 38116.597 | X3: 38116.597 | Y3: 38116.597 | Z3: 38116.597 | AA3: 38116.597 | AB3: 55199.6 | AC3: 55199.6 | AD3: 55199.6 | AE3: 38116.597 | AF3: 38116.597 | AG3: 38116.597 | AH3: 38116.597 | AI3: 38116.597 | AJ3: 38116.597 | AK3: 55199.6 | AL3: 55199.6 | AM3: 55199.6 | AN3: 55199.6 | AO3: 55199.6 | AP3: 55199.6 | AQ3: 55199.6 | AR3: 55199.6 | AS3: 55199.6 | AT3: 38116.597 | AU3: 58978.999 | AV3: 58978.999 | AW3: 58978.999 | AX3: 58978.999 | AY3: 58978.999 | AZ3: 58978.999 | BA3: 58978.999 | BB3: 58978.999 | BC3: 58978.999 | BD3: 58978.999 | BE3: 58978.999 | BF3: 58978.999 | BG3: 13077.586 | BH3: 13077.586 | BI3: 13077.586 | BJ3: 13077.586 | BK3: 13077.586
A4: =A3+1 -> 3 | B4: 13177.019 | C4: 13177.019 | D4: 13177.019 | E4: 13177.019 | F4: 13177.019 | G4: 13177.019 | H4: 13177.019 | I4: 13177.019 | J4: 13177.019 | K4: 13177.019 | L4: =K4*7 -> 92239.134 | M4: =L4 -> 92239.134 | N4: 17320.02 | O4: 17320.02 | P4: 17320.02 | Q4: 17320.02 | R4: 17320.02 | S4: 17320.02 | T4: 17320.02 | U4: 17320.02 | V4: 35564.019 | W4: 35564.019 | X4: 35564.019 | Y4: 35564.019 | Z4: 35564.019 | AA4: 35564.019 | AB4: 54175.9 | AC4: 54175.9 | AD4: 54175.9 | AE4: 35564.019 | AF4: 35564.019 | AG4: 35564.019 | AH4: 35564.019 | AI4: 35564.019 | AJ4: 35564.019 | AK4: 54175.9 | AL4: 54175.9 | AM4: 54175.9 | AN4: 54175.9 | AO4: 54175.9 | AP4: 54175.9 | AQ4: 54175.9 | AR4: 54175.9 | AS4: 54175.9 | AT4: 35564.019 | AU4: 55908.402 | AV4: 55908.402 | AW4: 55908.402 | AX4: 55908.402 | AY4: 55908.402 | AZ4: 55908.402 | BA4: 55908.402 | BB4: 55908.402 | BC4: 55908.402 | BD4: 55908.402 | BE4: 55908.402 | BF4: 55908.402 | BG4: 13243.49 | BH4: 13243.49 | BI4: 13243.49 | BJ4: 13243.49 | BK4: 13243.49
A5: =A4+1 -> 4 | B5: 13634.566 | C5: 13634.566 | D5: 13634.566 | E5: 13634.566 | F5: 13634.566 | G5: 13634.566 | H5: 13634.566 | I5: 13634.566 | J5: 13634.566 | K5: 13634.566 | L5: =K5*7 -> 95441.965 | M5: =L5 -> 95441.965 | N5: 16980.859 | O5: 16980.859 | P5: 16980.859 | Q5: 16980.859 | R5: 16980.859 | S5: 16980.859 | T5: 16980.859 | U5: 16980.859 | V5: 33385.602 | W5: 33385.602 | X5: 33385.602 | Y5: 33385.602 | Z5: 33385.602 | AA5: 33385.602 | AB5: 53152.2 | AC5: 53152.2 | AD5: 53152.2 | AE5: 33385.602 | AF5: 33385.602 | AG5: 33385.602 | AH5: 33385.602 | AI5: 33385.602 | AJ5: 33385.602 | AK5: 53152.2 | AL5: 53152.2 | AM5: 53152.2 | AN5: 53152.2 | AO5: 53152.2 | AP5: 53152.2 | AQ5: 53152.2 | AR5: 53152.2 | AS5: 53152.2 | AT5: 33385.602 | AU5: 53205.234 | AV5: 53205.234 | AW5: 53205.234 | AX5: 53205.234 | AY5: 53205.234 | AZ5: 53205.234 | BA5: 53205.234 | BB5: 53205.234 | BC5: 53205.234 | BD5: 53205.234 | BE5: 53205.234 | BF5: 53205.234 | BG5: 13312.517 | BH5: 13312.517 | BI5: 13312.517 | BJ5: 13312.517 | BK5: 13312.517
A6: =A5+1 -> 5 | B6: 14009.1 | C6: 14009.1 | D6: 14009.1 | E6: 14009.1 | F6: 14009.1 | G6: 14009.1 | H6: 14009.1 | I6: 14009.1 | J6: 14009.1 | K6: 14009.1 | L6: =K6*7 -> 98063.7 | M6: =L6 -> 98063.7 | N6: 16622.737 | O6: 16622.737 | P6: 16622.737 | Q6: 16622.737 | R6: 16622.737 | S6: 16622.737 | T6: 16622.737 | U6: 16622.737 | V6: 31543.475 | W6: 31543.475 | X6: 31543.475 | Y6: 31543.475 | Z6: 31543.475 | AA6: 31543.475 | AB6: 52128.5 | AC6: 52128.5 | AD6: 52128.5 | AE6: 31543.475 | AF6: 31543.475 | AG6: 31543.475 | AH6: 31543.475 | AI6: 31543.475 | AJ6: 31543.475 | AK6: 52128.5 | AL6: 52128.5 | AM6: 52128.5 | AN6: 52128.5 | AO6: 52128.5 | AP6: 52128.5 | AQ6: 52128.5 | AR6: 52128.5 | AS6: 52128.5 | AT6: 31543.475 | AU6: 50816.363 | AV6: 50816.363 | AW6: 50816.363 | AX6: 50816.363 | AY6: 50816.363 | AZ6: 50816.363 | BA6: 50816.363 | BB6: 50816.363 | BC6: 50816.363 | BD6: 50816.363 | BE6: 50816.363 | BF6: 50816.363 | BG6: 13292.7 | BH6: 13292.7 | BI6: 13292.7 | BJ6: 13292.7 | BK6: 13292.7
A7: =A6+1 -> 6 | B7: 14304.65 | C7: 14304.65 | D7: 14304.65 | E7: 14304.65 | F7: 14304.65 | G7: 14304.65 | H7: 14304.65 | I7: 14304.65 | J7: 14304.65 | K7: 14304.65 | L7: =K7*7 -> 100132.55 | M7: =L7 -> 100132.55 | N7: 16247.829 | O7: 16247.829 | P7: 16247.829 | Q7: 16247.829 | R7: 16247.829 | S7: 16247.829 | T7: 16247.829 | U7: 16247.829 | V7: 30001.627 | W7: 30001.627 | X7: 30001.627 | Y7: 30001.627 | Z7: 30001.627 | AA7: 30001.627 | AB7: 51104.8 | AC7: 51104.8 | AD7: 51104.8 | AE7: 30001.627 | AF7: 30001.627 | AG7: 30001.627 | AH7: 30001.627 | AI7: 30001.627 | AJ7: 30001.627 | AK7: 51104.8 | AL7: 51104.8 | AM7: 51104.8 | AN7: 51104.8 | AO7: 51104.8 | AP7: 51104.8 | AQ7: 51104.8 | AR7: 51104.8 | AS7: 51104.8 | AT7: 30001.627 | AU7: 48688.658 | AV7: 48688.658 | AW7: 48688.658 | AX7: 48688.658 | AY7: 48688.658 | AZ7: 48688.658 | BA7: 48688.658 | BB7: 48688.658 | BC7: 48688.658 | BD7: 48688.658 | BE7: 48688.658 | BF7: 48688.658 | BG7: 13192.075 | BH7: 13192.075 | BI7: 13192.075 | BJ7: 13192.075 | BK7: 13192.075
A8: =A7+1 -> 7 | B8: 14525.245 | C8: 14525.245 | D8: 14525.245 | E8: 14525.245 | F8: 14525.245 | G8: 14525.245 | H8: 14525.245 | I8: 14525.245 | J8: 14525.245 | K8: 14525.245 | L8: =K8*7 -> 101676.71 | M8: =L8 -> 101676.71 | N8: 15858.307 | O8: 15858.307 | P8: 15858.307 | Q8: 15858.307 | R8: 15858.307 | S8: 15858.307 | T8: 15858.307 | U8: 15858.307 | V8: 28725.904 | W8: 28725.904 | X8: 28725.904 | Y8: 28725.904 | Z8: 28725.904 | AA8: 28725.904 | AB8: 50081.1 | AC8: 50081.1 | AD8: 50081.1 | AE8: 28725.904 | AF8: 28725.904 | AG8: 28725.904 | AH8: 28725.904 | AI8: 28725.904 | AJ8: 28725.904 | AK8: 50081.1 | AL8: 50081.1 | AM8: 50081.1 | AN8: 50081.1 | AO8: 50081.1 | AP8: 50081.1 | AQ8: 50081.1 | AR8: 50081.1 | AS8: 50081.1 | AT8: 28725.904 | AU8: 46768.991 | AV8: 46768.991 | AW8: 46768.991 | AX8: 46768.991 | AY8: 46768.991 | AZ8: 46768.991 | BA8: 46768.991 | BB8: 46768.991 | BC8: 46768.991 | BD8: 46768.991 | BE8: 46768.991 | BF8: 46768.991 | BG8: 13018.678 | BH8: 13018.678 | BI8: 13018.678 | BJ8: 13018.678 | BK8: 13018.678
A9: =A8+1 -> 8 | B9: 14674.915 | C9: 14674.915 | D9: 14674.915 | E9: 14674.915 | F9: 14674.915 | G9: 14674.915 | H9: 14674.915 | I9: 14674.915 | J9: 14674.915 | K9: 14674.915 | L9: =K9*7 -> 102724.41 | M9: =L9 -> 102724.41 | N9: 15456.346 | O9: 15456.346 | P9: 15456.346 | Q9: 15456.346 | R9: 15456.346 | S9: 15456.346 | T9: 15456.346 | U9: 15456.346 | V9: 27684.008 | W9: 27684.008 | X9: 27684.008 | Y9: 27684.008 | Z9: 27684.008 | AA9: 27684.008 | AB9: 49057.4 | AC9: 49057.4 | AD9: 49057.4 | AE9: 27684.008 | AF9: 27684.008 | AG9: 27684.008 | AH9: 27684.008 | AI9: 27684.008 | AJ9: 27684.008 | AK9: 49057.4 | AL9: 49057.4 | AM9: 49057.4 | AN9: 49057.4 | AO9: 49057.4 | AP9: 49057.4 | AQ9: 49057.4 | AR9: 49057.4 | AS9: 49057.4 | AT9: 27684.008 | AU9: 45004.229 | AV9: 45004.229 | AW9: 45004.229 | AX9: 45004.229 | AY9: 45004.229 | AZ9: 45004.229 | BA9: 45004.229 | BB9: 45004.229 | BC9: 45004.229 | BD9: 45004.229 | BE9: 45004.229 | BF9: 45004.229 | BG9: 12780.542 | BH9: 12780.542 | BI9: 12780.542 | BJ9: 12780.542 | BK9: 12780.542
A10: =A9+1 -> 9 | B10: 14757.69 | C10: 14757.69 | D10: 14757.69 | E10: 14757.69 | F10: 14757.69 | G10: 14757.69 | H10: 14757.69 | I10: 14757.69 | J10: 14757.69 | K10: 14757.69 | L10: =K10*7 -> 103303.83 | M10: =L10 -> 103303.83 | N10: 15044.119 | O10: 15044.119 | P10: 15044.119 | Q10: 15044.119 | R10: 15044.119 | S10: 15044.119 | T10: 15044.119 | U10: 15044.119 | V10: 26845.501 | W10: 26845.501 | X10: 26845.501 | Y10: 26845.501 | Z10: 26845.501 | AA10: 26845.501 | AB10: 48033.7 | AC10: 48033.7 | AD10: 48033.7 | AE10: 26845.501 | AF10: 26845.501 | AG10: 26845.501 | AH10: 26845.501 | AI10: 26845.501 | AJ10: 26845.501 | AK10: 48033.7 | AL10: 48033.7 | AM10: 48033.7 | AN10: 48033.7 | AO10: 48033.7 | AP10: 48033.7 | AQ10: 48033.7 | AR10: 48033.7 | AS10: 48033.7 | AT10: 26845.501 | AU10: 43341.242 | AV10: 43341.242 | AW10: 43341.242 | AX10: 43341.242 | AY10: 43341.242 | AZ10: 43341.242 | BA10: 43341.242 | BB10: 43341.242 | BC10: 43341.242 | BD10: 43341.242 | BE10: 43341.242 | BF10: 43341.242 | BG10: 12485.705 | BH10: 12485.705 | BI10: 12485.705 | BJ10: 12485.705 | BK10: 12485.705
A11: =A10+1 -> 10 | B11: 14777.6 | C11: 14777.6 | D11: 14777.6 | E11: 14777.6 | F11: 14777.6 | G11: 14777.6 | H11: 14777.6 | I11: 14777.6 | J11: 14777.6 | K11: 14777.6 | L11: =K11*7 -> 103443.2 | M11: =L11 -> 103443.2 | N11: 14623.8 | O11: 14623.8 | P11: 14623.8 | Q11: 14623.8 | R11: 14623.8 | S11: 14623.8 | T11: 14623.8 | U11: 14623.8 | V11: 26181.8 | W11: 26181.8 | X11: 26181.8 | Y11: 26181.8 | Z11: 26181.8 | AA11: 26181.8 | AB11: 47010 | AC11: 47010 | AD11: 47010 | AE11: 26181.8 | AF11: 26181.8 | AG11: 26181.8 | AH11: 26181.8 | AI11: 26181.8 | AJ11: 26181.8 | AK11: 47010 | AL11: 47010 | AM11: 47010 | AN11: 47010 | AO11: 47010 | AP11: 47010 | AQ11: 47010 | AR11: 47010 | AS11: 47010 | AT11: 26181.8 | AU11: 41726.9 | AV11: 41726.9 | AW11: 41726.9 | AX11: 41726.9 | AY11: 41726.9 | AZ11: 41726.9 | BA11: 41726.9 | BB11: 41726.9 | BC11: 41726.9 | BD11: 41726.9 | BE11: 41726.9 | BF11: 41726.9 | BG11: 12142.2 | BH11: 12142.2 | BI11: 12142.2 | BJ11: 12142.2 | BK11: 12142.2
A12: =A11+1 -> 11 | B12: 14738.674 | C12: 14738.674 | D12: 14738.674 | E12: 14738.674 | F12: 14738.674 | G12: 14738.674 | H12: 14738.674 | I12: 14738.674 | J12: 14738.674 | K12: 14738.674 | L12: =K12*7 -> 103170.72 | M12: =L12 -> 103170.72 | N12: 14197.563 | O12: 14197.563 | P12: 14197.563 | Q12: 14197.563 | R12: 14197.563 | S12: 14197.563 | T12: 14197.563 | U12: 14197.563 | V12: 25666.182 | W12: 25666.182 | X12: 25666.182 | Y12: 25666.182 | Z12: 25666.182 | AA12: 25666.182 | AB12: 45986.3 | AC12: 45986.3 | AD12: 45986.3 | AE12: 25666.182 | AF12: 25666.182 | AG12: 25666.182 | AH12: 25666.182 | AI12: 25666.182 | AJ12: 25666.182 | AK12: 45986.3 | AL12: 45986.3 | AM12: 45986.3 | AN12: 45986.3 | AO12: 45986.3 | AP12: 45986.3 | AQ12: 45986.3 | AR12: 45986.3 | AS12: 45986.3 | AT12: 25666.182 | AU12: 40108.072 | AV12: 40108.072 | AW12: 40108.072 | AX12: 40108.072 | AY12: 40108.072 | AZ12: 40108.072 | BA12: 40108.072 | BB12: 40108.072 | BC12: 40108.072 | BD12: 40108.072 | BE12: 40108.072 | BF12: 40108.072 | BG12: 11758.063 | BH12: 11758.063 | BI12: 11758.063 | BJ12: 11758.063 | BK12: 11758.063
A13: =A12+1 -> 12 | B13: 14644.941 | C13: 14644.941 | D13: 14644.941 | E13: 14644.941 | F13: 14644.941 | G13: 14644.941 | H13: 14644.941 | I13: 14644.941 | J13: 14644.941 | K13: 14644.941 | L13: =K13*7 -> 102514.59 | M13: =L13 -> 102514.59 | N13: 13767.582 | O13: 13767.582 | P13: 13767.582 | Q13: 13767.582 | R13: 13767.582 | S13: 13767.582 | T13: 13767.582 | U13: 13767.582 | V13: 25273.781 | W13: 25273.781 | X13: 25273.781 | Y13: 25273.781 | Z13: 25273.781 | AA13: 25273.781 | AB13: 44962.6 | AC13: 44962.6 | AD13: 44962.6 | AE13: 25273.781 | AF13: 25273.781 | AG13: 25273.781 | AH13: 25273.781 | AI13: 25273.781 | AJ13: 25273.781 | AK13: 44962.6 | AL13: 44962.6 | AM13: 44962.6 | AN13: 44962.6 | AO13: 44962.6 | AP13: 44962.6 | AQ13: 44962.6 | AR13: 44962.6 | AS13: 44962.6 | AT13: 25273.781 | AU13: 38431.627 | AV13: 38431.627 | AW13: 38431.627 | AX13: 38431.627 | AY13: 38431.627 | AZ13: 38431.627 | BA13: 38431.627 | BB13: 38431.627 | BC13: 38431.627 | BD13: 38431.627 | BE13: 38431.627 | BF13: 38431.627 | BG13: 11341.33 | BH13: 11341.33 | BI13: 11341.33 | BJ13: 11341.33 | BK13: 11341.33
A14: =A13+1 -> 13 | B14: 14500.431 | C14: 14500.431 | D14: 14500.431 | E14: 14500.431 | F14: 14500.431 | G14: 14500.431 | H14: 14500.431 | I14: 14500.431 | J14: 14500.431 | K14: 14500.431 | L14: =K14*7 -> 101503.02 | M14: =L14 -> 101503.02 | N14: 13336.031 | O14: 13336.031 | P14: 13336.031 | Q14: 13336.031 | R14: 13336.031 | S14: 13336.031 | T14: 13336.031 | U14: 13336.031 | V14: 24981.587 | W14: 24981.587 | X14: 24981.587 | Y14: 24981.587 | Z14: 24981.587 | AA14: 24981.587 | AB14: 43938.9 | AC14: 43938.9 | AD14: 43938.9 | AE14: 24981.587 | AF14: 24981.587 | AG14: 24981.587 | AH14: 24981.587 | AI14: 24981.587 | AJ14: 24981.587 | AK14: 43938.9 | AL14: 43938.9 | AM14: 43938.9 | AN14: 43938.9 | AO14: 43938.9 | AP14: 43938.9 | AQ14: 43938.9 | AR14: 43938.9 | AS14: 43938.9 | AT14: 24981.587 | AU14: 36644.435 | AV14: 36644.435 | AW14: 36644.435 | AX14: 36644.435 | AY14: 36644.435 | AZ14: 36644.435 | BA14: 36644.435 | BB14: 36644.435 | BC14: 36644.435 | BD14: 36644.435 | BE14: 36644.435 | BF14: 36644.435 | BG14: 10900.034 | BH14: 10900.034 | BI14: 10900.034 | BJ14: 10900.034 | BK14: 10900.034
... A41: =A40+1 -> 40 | B41: 6129.2 | C41: 6129.2 | D41: 6129.2 | E41: 6129.2 | F41: 6129.2 | G41: 6129.2 | H41: 6129.2 | I41: 6129.2 | J41: 6129.2 | K41: 6129.2 | L41: =K41*7 -> 42904.4 | M41: =L41 -> 42904.4 | N41: 7865.8 | O41: 7865.8 | P41: 7865.8 | Q41: 7865.8 | R41: 7865.8 | S41: 7865.8 | T41: 7865.8 | U41: 7865.8 | V41: 21804.2 | W41: 21804.2 | X41: 21804.2 | Y41: 21804.2 | Z41: 21804.2 | AA41: 21804.2 | AB41: 16299 | AC41: 16299 | AD41: 16299 | AE41: 21804.2 | AF41: 21804.2 | AG41: 21804.2 | AH41: 21804.2 | AI41: 21804.2 | AJ41: 21804.2 | AK41: 16299 | AL41: 16299 | AM41: 16299 | AN41: 16299 | AO41: 16299 | AP41: 16299 | AQ41: 16299 | AR41: 16299 | AS41: 16299 | AT41: 21804.2 | AU41: 32525.287 | AV41: 32525.287 | AW41: 32525.287 | AX41: 32525.287 | AY41: 32525.287 | AZ41: 32525.287 | BA41: 32525.287 | BB41: 32525.287 | BC41: 32525.287 | BD41: 32525.287 | BE41: 32525.287 | BF41: 32525.287 | BG41: 7798.2 | BH41: 7798.2 | BI41: 7798.2 | BJ41: 7798.2 | BK41: 7798.2

Sheet fuel
A1: fuel | B1: density_tm3 | C1: consumption_lt | D1: UF | E1: region | F1: FUEL_M3 | G1: Year | H1: FUEL | I1: tera_joules_lt | J1: tera_joul
A2: D | B2: 0.84 | C2: =F2*1000 -> 1.7896344e+08 | D2: AZ | E2: AZUAY | F2: 178963.44 | G2: 2019 | H2: DIESEL | I2: 0.00014652 | J2: =I2*C2 -> 26221.723
A3: D | B3: 0.84 | C3: =F3*1000 -> 36575571 | D3: BO | E3: BOLIVAR | F3: 36575.571 | G3: 2019 | H3: DIESEL | I3: 0.00014652 | J3: =I3*C3 -> 5359.0526
A4: D | B4: 0.84 | C4: =F4*1000 -> 85103292 | D4: CA | E4: CAÑAR | F4: 85103.292 | G4: 2019 | H4: DIESEL | I4: 0.00014652 | J4: =I4*C4 -> 12469.334
A5: D | B5: 0.84 | C5: =F5*1000 -> 68445291 | D5: CR | E5: CARCHI | F5: 68445.291 | G5: 2019 | H5: DIESEL | I5: 0.00014652 | J5: =I5*C5 -> 10028.604
A6: D | B6: 0.84 | C6: =F6*1000 -> 1.1374152e+08 | D6: CH | E6: CHIMBORAZO | F6: 113741.52 | G6: 2019 | H6: DIESEL | I6: 0.00014652 | J6: =I6*C6 -> 16665.407
A7: D | B7: 0.84 | C7: =F7*1000 -> 1.2879969e+08 | D7: CO | E7: COTOPAXI | F7: 128799.69 | G7: 2019 | H7: DIESEL | I7: 0.00014652 | J7: =I7*C7 -> 18871.731
A8: D | B8: 0.84 | C8: =F8*1000 -> 2.4218084e+08 | D8: EO | E8: EL ORO | F8: 242180.84 | G8: 2019 | H8: DIESEL | I8: 0.00014652 | J8: =I8*C8 -> 35484.337
A9: D | B9: 0.84 | C9: =F9*1000 -> 80138921 | D9: ES | E9: ESMERALDAS | F9: 80138.921 | G9: 2019 | H9: DIESEL | I9: 0.00014652 | J9: =I9*C9 -> 11741.955
A10: D | B10: 0.84 | C10: =F10*1000 -> 4579837.5 | D10: GA | E10: GALAPAGOS | F10: 4579.8375 | G10: 2019 | H10: DIESEL | I10: 0.00014652 | J10: =I10*C10 -> 671.03779
A11: D | B11: 0.84 | C11: =F11*1000 -> 7.8831403e+08 | D11: GU | E11: GUAYAS | F11: 788314.03 | G11: 2019 | H11: DIESEL | I11: 0.00014652 | J11: =I11*C11 -> 115503.77
A12: D | B12: 0.84 | C12: =F12*1000 -> 1.3422466e+08 | D12: IM | E12: IMBABURA | F12: 134224.66 | G12: 2019 | H12: DIESEL | I12: 0.00014652 | J12: =I12*C12 -> 19666.598
A13: D | B13: 0.84 | C13: =F13*1000 -> 1.1201451e+08 | D13: LO | E13: LOJA | F13: 112014.51 | G13: 2019 | H13: DIESEL | I13: 0.00014652 | J13: =I13*C13 -> 16412.365
... A26: D | B26: 0.84 | C26: =F26*1000 -> 2844708.7 | D26: ZN | E26: ZONA NO DELIMITADA | F26: 2844.7087 | G26: 2019 | H26: DIESEL | I26: 0.00014652 | J26: =I26*C26 -> 416.80672
A27: =IF(H27="DIESEL", "D", "G") -> G | B27: 0.75425 | C27: =F27*1000 -> 2.69737e+08 | D27: AZ | E27: AZUAY | F27: 269737 | G27: 2019 | H27: GASOLINE | I27: 3.42e-05 | J27: =I27*C27 -> 9225.0056
A28: =IF(H28="DIESEL", "D", "G") -> G | B28: 0.75425 | C28: =F28*1000 -> 40764852 | D28: BO | E28: BOLIVAR | F28: 40764.852 | G28: 2019 | H28: GASOLINE | I28: 3.42e-05 | J28: =I28*C28 -> 1394.1579
A29: =IF(H29="DIESEL", "D", "G") -> G | B29: 0.75425 | C29: =F29*1000 -> 65077932 | D29: CA | E29: CAÑAR | F29: 65077.932 | G29: 2019 | H29: GASOLINE | I29: 3.42e-05 | J29: =I29*C29 -> 2225.6653
A30: =IF(H30="DIESEL", "D", "G") -> G | B30: 0.75425 | C30: =F30*1000 -> 49826882 | D30: CR | E30: CARCHI | F30: 49826.882 | G30: 2019 | H30: GASOLINE | I30: 3.42e-05 | J30: =I30*C30 -> 1704.0794
A31: =IF(H31="DIESEL", "D", "G") -> G | B31: 0.75425 | C31: =F31*1000 -> 1.3363309e+08 | D31: CH | E31: CHIMBORAZO | F31: 133633.09 | G31: 2019 | H31: GASOLINE | I31: 3.42e-05 | J31: =I31*C31 -> 4570.2516
A32: =IF(H32="DIESEL", "D", "G") -> G | B32: 0.75425 | C32: =F32*1000 -> 1.3207178e+08 | D32: CO | E32: COTOPAXI | F32: 132071.78 | G32: 2019 | H32: GASOLINE | I32: 3.42e-05 | J32: =I32*C32 -> 4516.8549
A33: =IF(H33="DIESEL", "D", "G") -> G | B33: 0.75425 | C33: =F33*1000 -> 2.185946e+08 | D33: EO | E33: EL ORO | F33: 218594.6 | G33: 2019 | H33: GASOLINE | I33: 3.42e-05 | J33: =I33*C33 -> 7475.9352
A34: =IF(H34="DIESEL", "D", "G") -> G | B34: 0.75425 | C34: =F34*1000 -> 1.237389e+08 | D34: ES | E34: ESMERALDAS | F34: 123738.9 | G34: 2019 | H34: GASOLINE | I34: 3.42e-05 | J34: =I34*C34 -> 4231.8702
A35: =IF(H35="DIESEL", "D", "G") -> G | B35: 0.75425 | C35: =F35*1000 -> 15068919 | D35: GA | E35: GALAPAGOS | F35: 15068.919 | G35: 2019 | H35: GASOLINE | I35: 3.42e-05 | J35: =I35*C35 -> 515.35703
A36: =IF(H36="DIESEL", "D", "G") -> G | B36: 0.75425 | C36: =F36*1000 -> 1.2286164e+09 | D36: GU | E36: GUAYAS | F36: 1228616.4 | G36: 2019 | H36: GASOLINE | I36: 3.42e-05 | J36: =I36*C36 -> 42018.682
A37: =IF(H37="DIESEL", "D", "G") -> G | B37: 0.75425 | C37: =F37*1000 -> 1.2607211e+08 | D37: IM | E37: IMBABURA | F37: 126072.11 | G37: 2019 | H37: GASOLINE | I37: 3.42e-05 | J37: =I37*C37 -> 4311.666
A38: =IF(H38="DIESEL", "D", "G") -> G | B38: 0.75425 | C38: =F38*1000 -> 1.1705755e+08 | D38: LO | E38: LOJA | F38: 117057.55 | G38: 2019 | H38: GASOLINE | I38: 3.42e-05 | J38: =I38*C38 -> 4003.3683
... A51: =IF(H51="DIESEL", "D", "G") -> G | B51: 0.75425 | C51: =F51*1000 -> 9819792.2 | D51: ZN | E51: ZONA NO DELIMITADA | F51: 9819.7922 | G51: 2019 | H51: GASOLINE | I51: 3.42e-05 | J51: =I51*C51 -> 335.83689
A52: GLP | B52: 0.54 | C52: =C27*0.05 -> 13486850 | D52: AZ | E52: AZUAY | F52: 269737 | G52: 2019 | H52: GASOLINE | I52: 2.5e-05 | J52: =I52*C52 -> 337.17126
A53: GLP | B53: 0.54 | C53: =C28*0.05 -> 2038242.6 | D53: BO | E53: BOLIVAR | F53: 40764.852 | G53: 2019 | H53: GASOLINE | I53: 2.5e-05 | J53: =I53*C53 -> 50.956065
A54: GLP | B54: 0.54 | C54: =C29*0.05 -> 3253896.6 | D54: CA | E54: CAÑAR | F54: 65077.932 | G54: 2019 | H54: GASOLINE | I54: 2.5e-05 | J54: =I54*C54 -> 81.347416
A55: GLP | B55: 0.54 | C55: =C30*0.05 -> 2491344.1 | D55: CR | E55: CARCHI | F55: 49826.882 | G55: 2019 | H55: GASOLINE | I55: 2.5e-05 | J55: =I55*C55 -> 62.283603
A56: GLP | B56: 0.54 | C56: =C31*0.05 -> 6681654.4 | D56: CH | E56: CHIMBORAZO | F56: 133633.09 | G56: 2019 | H56: GASOLINE | I56: 2.5e-05 | J56: =I56*C56 -> 167.04136
A57: GLP | B57: 0.54 | C57: =C32*0.05 -> 6603589 | D57: CO | E57: COTOPAXI | F57: 132071.78 | G57: 2019 | H57: GASOLINE | I57: 2.5e-05 | J57: =I57*C57 -> 165.08972
A58: GLP | B58: 0.54 | C58: =C33*0.05 -> 10929730 | D58: EO | E58: EL ORO | F58: 218594.6 | G58: 2019 | H58: GASOLINE | I58: 2.5e-05 | J58: =I58*C58 -> 273.24325
A59: GLP | B59: 0.54 | C59: =C34*0.05 -> 6186944.8 | D59: ES | E59: ESMERALDAS | F59: 123738.9 | G59: 2019 | H59: GASOLINE | I59: 2.5e-05 | J59: =I59*C59 -> 154.67362
A60: GLP | B60: 0.54 | C60: =C35*0.05 -> 753445.94 | D60: GA | E60: GALAPAGOS | F60: 15068.919 | G60: 2019 | H60: GASOLINE | I60: 2.5e-05 | J60: =I60*C60 -> 18.836149
A61: GLP | B61: 0.54 | C61: =C36*0.05 -> 61430821 | D61: GU | E61: GUAYAS | F61: 1228616.4 | G61: 2019 | H61: GASOLINE | I61: 2.5e-05 | J61: =I61*C61 -> 1535.7705
A62: GLP | B62: 0.54 | C62: =C37*0.05 -> 6303605.3 | D62: IM | E62: IMBABURA | F62: 126072.11 | G62: 2019 | H62: GASOLINE | I62: 2.5e-05 | J62: =I62*C62 -> 157.59013
A63: GLP | B63: 0.54 | C63: =C38*0.05 -> 5852877.6 | D63: LO | E63: LOJA | F63: 117057.55 | G63: 2019 | H63: GASOLINE | I63: 2.5e-05 | J63: =I63*C63 -> 146.32194
... A76: GLP | B76: 0.54 | C76: =C51*0.05 -> 490989.61 | D76: ZN | E76: ZONA NO DELIMITADA | F76: 9819.7922 | G76: 2019 | H76: GASOLINE | I76: 2.5e-05 | J76: =I76*C76 -> 12.27474
A77: D | B77: 0.84 | C77: =F77*1000 -> 3.7954792e+08 | D77: QU | E77: QUITO | F77: 379547.92 | G77: 2024 | H77: DIESEL | I77: 0.00014652 | J77: =I77*C77 -> 55611.361
A78: =IF(H78="DIESEL", "D", "G") -> G | B78: 0.75425 | C78: =F78*1000 -> 8.034987e+08 | D78: QU | E78: QUITO | F78: 803498.7 | G78: 2024 | H78: GASOLINE | I78: 3.42e-05 | J78: =I78*C78 -> 27479.655
A79: GLP | B79: 0.54 | C79: =C54*0.05 -> 162694.83 | D79: QU | E79: QUITO | F79: =F70*F77/F20 -> 651812.63 | G79: 2024 | H79: GLP | I79: 2.5e-05 | J79: =I79*C79 -> 4.0673708
A80: D | B80: 0.84 | C80: =F80*1000 -> 3.8130195e+08 | D80: QU | E80: QUITO | F80: 381301.95 | G80: 2025 | H80: DIESEL | I80: 0.00014652 | J80: =I80*C80 -> 55868.362
A81: =IF(H81="DIESEL", "D", "G") -> G | B81: 0.75425 | C81: =F81*1000 -> 7.5556062e+08 | D81: QU | E81: QUITO | F81: 755560.62 | G81: 2025 | H81: GASOLINE | I81: 3.42e-05 | J81: =I81*C81 -> 25840.173
A82: GLP | B82: 0.54 | C82: =C57*0.05 -> 330179.45 | D82: QU | E82: QUITO | F82: =F70*F80/F20 -> 654824.9 | G82: 2025 | H82: GLP | I82: 2.5e-05 | J82: =I82*C82 -> 8.2544862

Sheet td
A3: Soma de FUEL_M3 | C3: fuel
A4: Year | B4: region | C4: D | D4: G | E4: Total Result
A5: 2019 | B5: AZUAY | C5: 178963.44 | D5: 269737 | E5: 448700.45
B6: BOLIVAR | C6: 36575.571 | D6: 40764.852 | E6: 77340.423
B7: CAÑAR | C7: 85103.292 | D7: 65077.932 | E7: 150181.22
B8: CARCHI | C8: 68445.291 | D8: 49826.882 | E8: 118272.17
B9: CHIMBORAZO | C9: 113741.52 | D9: 133633.09 | E9: 247374.6
B10: COTOPAXI | C10: 128799.69 | D10: 132071.78 | E10: 260871.47
B11: EL ORO | C11: 242180.84 | D11: 218594.6 | E11: 460775.44
B12: ESMERALDAS | C12: 80138.921 | D12: 123738.9 | E12: 203877.82
B13: GALAPAGOS | C13: 4579.8375 | D13: 15068.919 | E13: 19648.756
B14: GUAYAS | C14: 788314.03 | D14: 1228616.4 | E14: 2016930.5
B15: IMBABURA | C15: 134224.66 | D15: 126072.11 | E15: 260296.77
B16: LOJA | C16: 112014.51 | D16: 117057.55 | E16: 229072.06
B17: LOS RIOS | C17: 201069.29 | D17: 179013.99 | E17: 380083.28
... B29: SANTO DOMINGO DE LOS TSACHILAS | C29: 154012.35 | D29: 135986.4 | E29: 289998.75
A30: 2024 | B30: QUITO | C30: 379547.92 | D30: 803498.7 | E30: 1183046.6
A31: 2025 | B31: QUITO | C31: 381301.95 | D31: 755560.62 | E31: 1136862.6
A32: Total Result | C32: 4378334.9 | D32: 6322506.5 | E32: 10700841

Sheet fuel_month
A1: fuel | B1: density_tm3 | C1: consumption_lt | D1: UF | E1: region | F1: FUEL_M3 | G1: Year | H1: Month | I1: MES | J1: FUEL | K1: gal
A2: =IF(J2="DIESEL", "D", "G") -> D | B2: 0.84 | C2: =F2*1000 -> 15560996 | D2: EC | E2: AZUAY | F2: 15560.996 | G2: 2019 | H2: 1 | I2: ENE | J2: DIESEL
A3: =IF(J3="DIESEL", "D", "G") -> D | B3: 0.84 | C3: =F3*1000 -> 14089232 | D3: EC | E3: AZUAY | F3: 14089.232 | G3: 2019 | H3: 2 | I3: FEB | J3: DIESEL
A4: =IF(J4="DIESEL", "D", "G") -> D | B4: 0.84 | C4: =F4*1000 -> 14526144 | D4: EC | E4: AZUAY | F4: 14526.144 | G4: 2019 | H4: 3 | I4: MAR | J4: DIESEL
A5: =IF(J5="DIESEL", "D", "G") -> D | B5: 0.84 | C5: =F5*1000 -> 14952487 | D5: EC | E5: AZUAY | F5: 14952.487 | G5: 2019 | H5: 4 | I5: ABR | J5: DIESEL
A6: =IF(J6="DIESEL", "D", "G") -> D | B6: 0.84 | C6: =F6*1000 -> 15557362 | D6: EC | E6: AZUAY | F6: 15557.362 | G6: 2019 | H6: 5 | I6: MAY | J6: DIESEL
A7: =IF(J7="DIESEL", "D", "G") -> D | B7: 0.84 | C7: =F7*1000 -> 14332236 | D7: EC | E7: AZUAY | F7: 14332.236 | G7: 2019 | H7: 6 | I7: JUN | J7: DIESEL
A8: =IF(J8="DIESEL", "D", "G") -> D | B8: 0.84 | C8: =F8*1000 -> 15592207 | D8: EC | E8: AZUAY | F8: 15592.207 | G8: 2019 | H8: 7 | I8: JUL | J8: DIESEL
A9: =IF(J9="DIESEL", "D", "G") -> D | B9: 0.84 | C9: =F9*1000 -> 15595284 | D9: EC | E9: AZUAY | F9: 15595.284 | G9: 2019 | H9: 8 | I9: AGO | J9: DIESEL
A10: =IF(J10="DIESEL", "D", "G") -> D | B10: 0.84 | C10: =F10*1000 -> 15221229 | D10: EC | E10: AZUAY | F10: 15221.229 | G10: 2019 | H10: 9 | I10: SEP | J10: DIESEL
A11: =IF(J11="DIESEL", "D", "G") -> D | B11: 0.84 | C11: =F11*1000 -> 13205440 | D11: EC | E11: AZUAY | F11: 13205.44 | G11: 2019 | H11: 10 | I11: OCT | J11: DIESEL
A12: =IF(J12="DIESEL", "D", "G") -> D | B12: 0.84 | C12: =F12*1000 -> 15174979 | D12: EC | E12: AZUAY | F12: 15174.979 | G12: 2019 | H12: 11 | I12: NOV | J12: DIESEL
A13: =IF(J13="DIESEL", "D", "G") -> D | B13: 0.84 | C13: =F13*1000 -> 15155847 | D13: EC | E13: AZUAY | F13: 15155.847 | G13: 2019 | H13: 12 | I13: DIC | J13: DIESEL
... A601: =IF(J601="DIESEL", "D", "G") -> G | B601: 0.75425 | C601: =F601*1000 -> 864633.53 | D601: EC | E601: ZONA NO DELIMITADA | F601: 864.63353 | G601: 2019 | H601: 12 | I601: DIC | J601: GASOLINE
A602: =IF(J602="DIESEL", "D", "G") -> D | B602: 0.84 | C602: =F602*1000 -> 28309189 | D602: EC | E602: QUITO | F602: =0.00378541*K602 -> 28309.189 | G602: 2024 | H602: 1 | I602: ENE | J602: DIESEL | K602: 7478500
A603: =IF(J603="DIESEL", "D", "G") -> D | B603: 0.84 | C603: =F603*1000 -> 28488996 | D603: EC | E603: QUITO | F603: =0.00378541*K603 -> 28488.996 | G603: 2024 | H603: 2 | I603: FEB | J603: DIESEL | K603: 7526000
A604: =IF(J604="DIESEL", "D", "G") -> D | B604: 0.84 | C604: =F604*1000 -> 32255479 | D604: EC | E604: QUITO | F604: =0.00378541*K604 -> 32255.479 | G604: 2024 | H604: 3 | I604: MAR | J604: DIESEL | K604: 8521000
A605: =IF(J605="DIESEL", "D", "G") -> D | B605: 0.84 | C605: =F605*1000 -> 32565882 | D605: EC | E605: QUITO | F605: =0.00378541*K605 -> 32565.882 | G605: 2024 | H605: 4 | I605: ABR | J605: DIESEL | K605: 8603000
A606: =IF(J606="DIESEL", "D", "G") -> D | B606: 0.84 | C606: =F606*1000 -> 31468113 | D606: EC | E606: QUITO | F606: =0.00378541*K606 -> 31468.113 | G606: 2024 | H606: 5 | I606: MAY | J606: DIESEL | K606: 8313000
A607: =IF(J607="DIESEL", "D", "G") -> D | B607: 0.84 | C607: =F607*1000 -> 30519868 | D607: EC | E607: QUITO | F607: =0.00378541*K607 -> 30519.868 | G607: 2024 | H607: 6 | I607: JUN | J607: DIESEL | K607: 8062500
A608: =IF(J608="DIESEL", "D", "G") -> D | B608: 0.84 | C608: =F608*1000 -> 30317349 | D608: EC | E608: QUITO | F608: =0.00378541*K608 -> 30317.349 | G608: 2024 | H608: 7 | I608: JUL | J608: DIESEL | K608: 8009000
A609: =IF(J609="DIESEL", "D", "G") -> D | B609: 0.84 | C609: =F609*1000 -> 30042906 | D609: EC | E609: QUITO | F609: =0.00378541*K609 -> 30042.906 | G609: 2024 | H609: 8 | I609: AGO | J609: DIESEL | K609: 7936500
A610: =IF(J610="DIESEL", "D", "G") -> D | B610: 0.84 | C610: =F610*1000 -> 30890838 | D610: EC | E610: QUITO | F610: =0.00378541*K610 -> 30890.838 | G610: 2024 | H610: 9 | I610: SEP | J610: DIESEL | K610: 8160500
A611: =IF(J611="DIESEL", "D", "G") -> D | B611: 0.84 | C611: =F611*1000 -> 36938031 | D611: EC | E611: QUITO | F611: =0.00378541*K611 -> 36938.031 | G611: 2024 | H611: 10 | I611: OCT | J611: DIESEL | K611: 9758000
A612: =IF(J612="DIESEL", "D", "G") -> D | B612: 0.84 | C612: =F612*1000 -> 34591077 | D612: EC | E612: QUITO | F612: =0.00378541*K612 -> 34591.077 | G612: 2024 | H612: 11 | I612: NOV | J612: DIESEL | K612: 9138000
A613: =IF(J613="DIESEL", "D", "G") -> D | B613: 0.84 | C613: =F613*1000 -> 33160192 | D613: EC | E613: QUITO | F613: =0.00378541*K613 -> 33160.192 | G613: 2024 | H613: 12 | I613: DIC | J613: DIESEL | K613: 8760000
... A649: =IF(J649="DIESEL", "D", "G") -> G | B649: 0.84 | C649: =F649*1000 -> 58796964 | D649: EC | E649: QUITO | F649: =0.00378541*K649 -> 58796.964 | G649: 2025 | H649: 12 | I649: DIC | J649: GASOLINE | K649: 15532522

Sheet euro
A1: Year | B1: Year | C1: gasolina | D1: diesel | E1: lpg | F1: hy | G1: =metadata!B2 -> PC_MINI_G | H1: =metadata!B3 -> PC_SMALL_G | I1: =metadata!B4 -> PC_MEDIUM_G | J1: =metadata!B5 -> PC_SUV_G | K1: =metadata!B6 -> PC_MINI_D | L1: =metadata!B7 -> PC_SMALL_D | M1: =metadata!B8 -> PC_MEDIUM_D | N1: =metadata!B9 -> PC_SUV_D | O1: =metadata!B10 -> PC_ELEC | P1: =metadata!B11 -> PC_SMALL_HY | Q1: =metadata!B12 -> TAXI_SMALL_G | R1: =metadata!B13 -> TAXI_SMALL_GLP | S1: =metadata!B14 -> LCV_NI_G | T1: =metadata!B15 -> LCV_NII_G | U1: =metadata!B16 -> LCV_NIII_G | V1: =metadata!B17 -> LCV_NI_D | W1: =metadata!B18 -> LCV_NII_D | X1: =metadata!B19 -> LCV_NIII_D | Y1: =metadata!B20 -> LCV_ELEC | Z1: =metadata!B21 -> LCV_HY | AA1: =metadata!B22 -> TRUCKS_RT_7_D | AB1: =metadata!B23 -> TRUCKS_RT_7_12_D | AC1: =metadata!B24 -> TRUCKS_RT_12_14_D | AD1: =metadata!B25 -> TRUCKS_RT_14_16_D | AE1: =metadata!B26 -> TRUCKS_RT_16_20_D | AF1: =metadata!B27 -> TRUCKS_RT_20_26_D | AG1: =metadata!B28 -> TRUCKS_RT_26_28_D | AH1: =metadata!B29 -> TRUCKS_RT_28_32_D | AI1: =metadata!B30 -> TRUCKS_RT_32_D | AJ1: =metadata!B31 -> TRUCKS_RT_7_G | AK1: =metadata!B32 -> TRUCKS_RT_7_12_G | AL1: =metadata!B33 -> TRUCKS_RT_12_14_G | AM1: =metadata!B34 -> TRUCKS_RT_14_16_G | AN1: =metadata!B35 -> TRUCKS_RT_16_20_G | AO1: =metadata!B36 -> TRUCKS_RT_20_26_G | AP1: =metadata!B37 -> TRUCKS_RT_26_28_G | AQ1: =metadata!B38 -> TRUCKS_RT_28_32_G | AR1: =metadata!B39 -> TRUCKS_RT_32_G | AS1: =metadata!B40 -> TRUCKS_AT_16_20_D | AT1: =metadata!B41 -> TRUCKS_AT_20_28_D | AU1: =metadata!B42 -> TRUCKS_AT_28_34_D | AV1: =metadata!B43 -> TRUCKS_AT_34_40_D | AW1: =metadata!B44 -> TRUCKS_AT_40_50_D | AX1: =metadata!B45 -> TRUCKS_AT_50_60_D | AY1: =metadata!B46 -> TRUCKS_ELEC | AZ1: =metadata!B47 -> BUS_UB_15_D | BA1: =metadata!B48 -> BUS_UB_15_18_D | BB1: =metadata!B49 -> BUS_UB_18_D | BC1: =metadata!B50 -> BUS_UB_15_G | BD1: =metadata!B51 -> BUS_UB_15_18_G | BE1: =metadata!B52 -> BUS_UB_18_G | BF1: =metadata!B53 -> BUS_COACH_17_D | BG1: =metadata!B54 -> BUS_COACH_18_D | BH1: =metadata!B55 -> BUS_COACH_17_G | BI1: =metadata!B56 -> BUS_COACH_18_G | BJ1: =metadata!B57 -> BUS_UB_15_HY | BK1: =metadata!B58 -> BUS_ELEC | BL1: =metadata!B59 -> MC_2S_50_G | BM1: =metadata!B60 -> MC_4S_50_250_G | BN1: =metadata!B61 -> MC_4S_250_750_G | BO1: =metadata!B62 -> MC_4S_750_G | BP1: =metadata!B63 -> MC_ELEC
A2: 2025 | B2: 2025 | C2: 3 | D2: III | E2: 3 | F2: 3 | G2: =_xlfn.CONCAT("Euro ",$C2) -> Euro 3 | H2: =_xlfn.CONCAT("Euro ",$C2) -> Euro 3 | I2: =_xlfn.CONCAT("Euro ",$C2) -> Euro 3 | J2: =_xlfn.CONCAT("Euro ",$C2) -> Euro 3 | K2: =_xlfn.CONCAT("Euro ",$C2) -> Euro 3 | L2: =_xlfn.CONCAT("Euro ",$C2) -> Euro 3 | M2: =_xlfn.CONCAT("Euro ",$C2) -> Euro 3 | N2: =_xlfn.CONCAT("Euro ",$C2) -> Euro 3 | O2: =_xlfn.CONCAT("Euro ",$C2) -> Euro 3 | P2: Euro 4 | Q2: =_xlfn.CONCAT("Euro ",$C2) -> Euro 3 | R2: =_xlfn.CONCAT("Euro ",$C2) -> Euro 3 | S2: =_xlfn.CONCAT("Euro ",$C2) -> Euro 3 | T2: =_xlfn.CONCAT("Euro ",$C2) -> Euro 3 | U2: =_xlfn.CONCAT("Euro ",$C2) -> Euro 3 | V2: =_xlfn.CONCAT("Euro ",$C2) -> Euro 3 | W2: =_xlfn.CONCAT("Euro ",$C2) -> Euro 3 | X2: =_xlfn.CONCAT("Euro ",$C2) -> Euro 3 | Y2: =_xlfn.CONCAT("Euro ",$C2) -> Euro 3 | Z2: Euro 4 | AA2: =_xlfn.CONCAT("Euro ",$D2) -> Euro III | AB2: =_xlfn.CONCAT("Euro ",$D2) -> Euro III | AC2: =_xlfn.CONCAT("Euro ",$D2) -> Euro III | AD2: =_xlfn.CONCAT("Euro ",$D2) -> Euro III | AE2: =_xlfn.CONCAT("Euro ",$D2) -> Euro III | AF2: =_xlfn.CONCAT("Euro ",$D2) -> Euro III | AG2: =_xlfn.CONCAT("Euro ",$D2) -> Euro III | AH2: =_xlfn.CONCAT("Euro ",$D2) -> Euro III | AI2: =_xlfn.CONCAT("Euro ",$D2) -> Euro III | AJ2: =_xlfn.CONCAT("Euro ",$C2) -> Euro 3 | AK2: =_xlfn.CONCAT("Euro ",$C2) -> Euro 3 | AL2: =_xlfn.CONCAT("Euro ",$C2) -> Euro 3 | AM2: =_xlfn.CONCAT("Euro ",$C2) -> Euro 3 | AN2: =_xlfn.CONCAT("Euro ",$C2) -> Euro 3 | AO2: =_xlfn.CONCAT("Euro ",$C2) -> Euro 3 | AP2: =_xlfn.CONCAT("Euro ",$C2) -> Euro 3 | AQ2: =_xlfn.CONCAT("Euro ",$C2) -> Euro 3 | AR2: =_xlfn.CONCAT("Euro ",$C2) -> Euro 3 | AS2: =_xlfn.CONCAT("Euro ",$D2) -> Euro III | AT2: =_xlfn.CONCAT("Euro ",$D2) -> Euro III | AU2: =_xlfn.CONCAT("Euro ",$D2) -> Euro III | AV2: =_xlfn.CONCAT("Euro ",$D2) -> Euro III | AW2: =_xlfn.CONCAT("Euro ",$D2) -> Euro III | AX2: =_xlfn.CONCAT("Euro ",$D2) -> Euro III | AY2: =_xlfn.CONCAT("Euro ",$C2) -> Euro 3 | AZ2: =_xlfn.CONCAT("Euro ",$D2) -> Euro III | BA2: =_xlfn.CONCAT("Euro ",$D2) -> Euro III | BB2: =_xlfn.CONCAT("Euro ",$D2) -> Euro III | BC2: =_xlfn.CONCAT("Euro ",$D2) -> Euro III | BD2: =_xlfn.CONCAT("Euro ",$D2) -> Euro III | BE2: =_xlfn.CONCAT("Euro ",$D2) -> Euro III | BF2: =_xlfn.CONCAT("Euro ",$D2) -> Euro III | BG2: =_xlfn.CONCAT("Euro ",$D2) -> Euro III | BH2: =_xlfn.CONCAT("Euro ",$C2) -> Euro 3 | BI2: =_xlfn.CONCAT("Euro ",$C2) -> Euro 3 | BJ2: Euro 4 | BK2: =_xlfn.CONCAT("Euro ",$C2) -> Euro 3 | BL2: =_xlfn.CONCAT("Euro ",$C2) -> Euro 3 | BM2: =_xlfn.CONCAT("Euro ",$C2) -> Euro 3 | BN2: =_xlfn.CONCAT("Euro ",$C2) -> Euro 3 | BO2: =_xlfn.CONCAT("Euro ",$C2) -> Euro 3 | BP2: =_xlfn.CONCAT("Euro ",$C2) -> Euro 3
A3: 2024 | B3: 2024 | C3: 3 | D3: III | E3: 3 | F3: 3 | G3: =_xlfn.CONCAT("Euro ",$C3) -> Euro 3 | H3: =_xlfn.CONCAT("Euro ",$C3) -> Euro 3 | I3: =_xlfn.CONCAT("Euro ",$C3) -> Euro 3 | J3: =_xlfn.CONCAT("Euro ",$C3) -> Euro 3 | K3: =_xlfn.CONCAT("Euro ",$C3) -> Euro 3 | L3: =_xlfn.CONCAT("Euro ",$C3) -> Euro 3 | M3: =_xlfn.CONCAT("Euro ",$C3) -> Euro 3 | N3: =_xlfn.CONCAT("Euro ",$C3) -> Euro 3 | O3: =_xlfn.CONCAT("Euro ",$C3) -> Euro 3 | P3: Euro 4 | Q3: =_xlfn.CONCAT("Euro ",$C3) -> Euro 3 | R3: =_xlfn.CONCAT("Euro ",$C3) -> Euro 3 | S3: =_xlfn.CONCAT("Euro ",$C3) -> Euro 3 | T3: =_xlfn.CONCAT("Euro ",$C3) -> Euro 3 | U3: =_xlfn.CONCAT("Euro ",$C3) -> Euro 3 | V3: =_xlfn.CONCAT("Euro ",$C3) -> Euro 3 | W3: =_xlfn.CONCAT("Euro ",$C3) -> Euro 3 | X3: =_xlfn.CONCAT("Euro ",$C3) -> Euro 3 | Y3: =_xlfn.CONCAT("Euro ",$C3) -> Euro 3 | Z3: Euro 4 | AA3: =_xlfn.CONCAT("Euro ",$D3) -> Euro III | AB3: =_xlfn.CONCAT("Euro ",$D3) -> Euro III | AC3: =_xlfn.CONCAT("Euro ",$D3) -> Euro III | AD3: =_xlfn.CONCAT("Euro ",$D3) -> Euro III | AE3: =_xlfn.CONCAT("Euro ",$D3) -> Euro III | AF3: =_xlfn.CONCAT("Euro ",$D3) -> Euro III | AG3: =_xlfn.CONCAT("Euro ",$D3) -> Euro III | AH3: =_xlfn.CONCAT("Euro ",$D3) -> Euro III | AI3: =_xlfn.CONCAT("Euro ",$D3) -> Euro III | AJ3: =_xlfn.CONCAT("Euro ",$C3) -> Euro 3 | AK3: =_xlfn.CONCAT("Euro ",$C3) -> Euro 3 | AL3: =_xlfn.CONCAT("Euro ",$C3) -> Euro 3 | AM3: =_xlfn.CONCAT("Euro ",$C3) -> Euro 3 | AN3: =_xlfn.CONCAT("Euro ",$C3) -> Euro 3 | AO3: =_xlfn.CONCAT("Euro ",$C3) -> Euro 3 | AP3: =_xlfn.CONCAT("Euro ",$C3) -> Euro 3 | AQ3: =_xlfn.CONCAT("Euro ",$C3) -> Euro 3 | AR3: =_xlfn.CONCAT("Euro ",$C3) -> Euro 3 | AS3: =_xlfn.CONCAT("Euro ",$D3) -> Euro III | AT3: =_xlfn.CONCAT("Euro ",$D3) -> Euro III | AU3: =_xlfn.CONCAT("Euro ",$D3) -> Euro III | AV3: =_xlfn.CONCAT("Euro ",$D3) -> Euro III | AW3: =_xlfn.CONCAT("Euro ",$D3) -> Euro III | AX3: =_xlfn.CONCAT("Euro ",$D3) -> Euro III | AY3: =_xlfn.CONCAT("Euro ",$C3) -> Euro 3 | AZ3: =_xlfn.CONCAT("Euro ",$D3) -> Euro III | BA3: =_xlfn.CONCAT("Euro ",$D3) -> Euro III | BB3: =_xlfn.CONCAT("Euro ",$D3) -> Euro III | BC3: =_xlfn.CONCAT("Euro ",$D3) -> Euro III | BD3: =_xlfn.CONCAT("Euro ",$D3) -> Euro III | BE3: =_xlfn.CONCAT("Euro ",$D3) -> Euro III | BF3: =_xlfn.CONCAT("Euro ",$D3) -> Euro III | BG3: =_xlfn.CONCAT("Euro ",$D3) -> Euro III | BH3: =_xlfn.CONCAT("Euro ",$C3) -> Euro 3 | BI3: =_xlfn.CONCAT("Euro ",$C3) -> Euro 3 | BJ3: Euro 4 | BK3: =_xlfn.CONCAT("Euro ",$C3) -> Euro 3 | BL3: =_xlfn.CONCAT("Euro ",$C3) -> Euro 3 | BM3: =_xlfn.CONCAT("Euro ",$C3) -> Euro 3 | BN3: =_xlfn.CONCAT("Euro ",$C3) -> Euro 3 | BO3: =_xlfn.CONCAT("Euro ",$C3) -> Euro 3 | BP3: =_xlfn.CONCAT("Euro ",$C3) -> Euro 3
A4: 2023 | B4: 2023 | C4: 3 | D4: III | E4: 3 | F4: 3 | G4: =_xlfn.CONCAT("Euro ",$C4) -> Euro 3 | H4: =_xlfn.CONCAT("Euro ",$C4) -> Euro 3 | I4: =_xlfn.CONCAT("Euro ",$C4) -> Euro 3 | J4: =_xlfn.CONCAT("Euro ",$C4) -> Euro 3 | K4: =_xlfn.CONCAT("Euro ",$C4) -> Euro 3 | L4: =_xlfn.CONCAT("Euro ",$C4) -> Euro 3 | M4: =_xlfn.CONCAT("Euro ",$C4) -> Euro 3 | N4: =_xlfn.CONCAT("Euro ",$C4) -> Euro 3 | O4: =_xlfn.CONCAT("Euro ",$C4) -> Euro 3 | P4: Euro 4 | Q4: =_xlfn.CONCAT("Euro ",$C4) -> Euro 3 | R4: =_xlfn.CONCAT("Euro ",$C4) -> Euro 3 | S4: =_xlfn.CONCAT("Euro ",$C4) -> Euro 3 | T4: =_xlfn.CONCAT("Euro ",$C4) -> Euro 3 | U4: =_xlfn.CONCAT("Euro ",$C4) -> Euro 3 | V4: =_xlfn.CONCAT("Euro ",$C4) -> Euro 3 | W4: =_xlfn.CONCAT("Euro ",$C4) -> Euro 3 | X4: =_xlfn.CONCAT("Euro ",$C4) -> Euro 3 | Y4: =_xlfn.CONCAT("Euro ",$C4) -> Euro 3 | Z4: Euro 4 | AA4: =_xlfn.CONCAT("Euro ",$D4) -> Euro III | AB4: =_xlfn.CONCAT("Euro ",$D4) -> Euro III | AC4: =_xlfn.CONCAT("Euro ",$D4) -> Euro III | AD4: =_xlfn.CONCAT("Euro ",$D4) -> Euro III | AE4: =_xlfn.CONCAT("Euro ",$D4) -> Euro III | AF4: =_xlfn.CONCAT("Euro ",$D4) -> Euro III | AG4: =_xlfn.CONCAT("Euro ",$D4) -> Euro III | AH4: =_xlfn.CONCAT("Euro ",$D4) -> Euro III | AI4: =_xlfn.CONCAT("Euro ",$D4) -> Euro III | AJ4: =_xlfn.CONCAT("Euro ",$C4) -> Euro 3 | AK4: =_xlfn.CONCAT("Euro ",$C4) -> Euro 3 | AL4: =_xlfn.CONCAT("Euro ",$C4) -> Euro 3 | AM4: =_xlfn.CONCAT("Euro ",$C4) -> Euro 3 | AN4: =_xlfn.CONCAT("Euro ",$C4) -> Euro 3 | AO4: =_xlfn.CONCAT("Euro ",$C4) -> Euro 3 | AP4: =_xlfn.CONCAT("Euro ",$C4) -> Euro 3 | AQ4: =_xlfn.CONCAT("Euro ",$C4) -> Euro 3 | AR4: =_xlfn.CONCAT("Euro ",$C4) -> Euro 3 | AS4: =_xlfn.CONCAT("Euro ",$D4) -> Euro III | AT4: =_xlfn.CONCAT("Euro ",$D4) -> Euro III | AU4: =_xlfn.CONCAT("Euro ",$D4) -> Euro III | AV4: =_xlfn.CONCAT("Euro ",$D4) -> Euro III | AW4: =_xlfn.CONCAT("Euro ",$D4) -> Euro III | AX4: =_xlfn.CONCAT("Euro ",$D4) -> Euro III | AY4: =_xlfn.CONCAT("Euro ",$C4) -> Euro 3 | AZ4: =_xlfn.CONCAT("Euro ",$D4) -> Euro III | BA4: =_xlfn.CONCAT("Euro ",$D4) -> Euro III | BB4: =_xlfn.CONCAT("Euro ",$D4) -> Euro III | BC4: =_xlfn.CONCAT("Euro ",$D4) -> Euro III | BD4: =_xlfn.CONCAT("Euro ",$D4) -> Euro III | BE4: =_xlfn.CONCAT("Euro ",$D4) -> Euro III | BF4: =_xlfn.CONCAT("Euro ",$D4) -> Euro III | BG4: =_xlfn.CONCAT("Euro ",$D4) -> Euro III | BH4: =_xlfn.CONCAT("Euro ",$C4) -> Euro 3 | BI4: =_xlfn.CONCAT("Euro ",$C4) -> Euro 3 | BJ4: Euro 4 | BK4: =_xlfn.CONCAT("Euro ",$C4) -> Euro 3 | BL4: =_xlfn.CONCAT("Euro ",$C4) -> Euro 3 | BM4: =_xlfn.CONCAT("Euro ",$C4) -> Euro 3 | BN4: =_xlfn.CONCAT("Euro ",$C4) -> Euro 3 | BO4: =_xlfn.CONCAT("Euro ",$C4) -> Euro 3 | BP4: =_xlfn.CONCAT("Euro ",$C4) -> Euro 3
A5: 2022 | B5: 2022 | C5: 3 | D5: III | E5: 3 | F5: 3 | G5: =_xlfn.CONCAT("Euro ",$C5) -> Euro 3 | H5: =_xlfn.CONCAT("Euro ",$C5) -> Euro 3 | I5: =_xlfn.CONCAT("Euro ",$C5) -> Euro 3 | J5: =_xlfn.CONCAT("Euro ",$C5) -> Euro 3 | K5: =_xlfn.CONCAT("Euro ",$C5) -> Euro 3 | L5: =_xlfn.CONCAT("Euro ",$C5) -> Euro 3 | M5: =_xlfn.CONCAT("Euro ",$C5) -> Euro 3 | N5: =_xlfn.CONCAT("Euro ",$C5) -> Euro 3 | O5: =_xlfn.CONCAT("Euro ",$C5) -> Euro 3 | P5: Euro 4 | Q5: =_xlfn.CONCAT("Euro ",$C5) -> Euro 3 | R5: =_xlfn.CONCAT("Euro ",$C5) -> Euro 3 | S5: =_xlfn.CONCAT("Euro ",$C5) -> Euro 3 | T5: =_xlfn.CONCAT("Euro ",$C5) -> Euro 3 | U5: =_xlfn.CONCAT("Euro ",$C5) -> Euro 3 | V5: =_xlfn.CONCAT("Euro ",$C5) -> Euro 3 | W5: =_xlfn.CONCAT("Euro ",$C5) -> Euro 3 | X5: =_xlfn.CONCAT("Euro ",$C5) -> Euro 3 | Y5: =_xlfn.CONCAT("Euro ",$C5) -> Euro 3 | Z5: Euro 4 | AA5: =_xlfn.CONCAT("Euro ",$D5) -> Euro III | AB5: =_xlfn.CONCAT("Euro ",$D5) -> Euro III | AC5: =_xlfn.CONCAT("Euro ",$D5) -> Euro III | AD5: =_xlfn.CONCAT("Euro ",$D5) -> Euro III | AE5: =_xlfn.CONCAT("Euro ",$D5) -> Euro III | AF5: =_xlfn.CONCAT("Euro ",$D5) -> Euro III | AG5: =_xlfn.CONCAT("Euro ",$D5) -> Euro III | AH5: =_xlfn.CONCAT("Euro ",$D5) -> Euro III | AI5: =_xlfn.CONCAT("Euro ",$D5) -> Euro III | AJ5: =_xlfn.CONCAT("Euro ",$C5) -> Euro 3 | AK5: =_xlfn.CONCAT("Euro ",$C5) -> Euro 3 | AL5: =_xlfn.CONCAT("Euro ",$C5) -> Euro 3 | AM5: =_xlfn.CONCAT("Euro ",$C5) -> Euro 3 | AN5: =_xlfn.CONCAT("Euro ",$C5) -> Euro 3 | AO5: =_xlfn.CONCAT("Euro ",$C5) -> Euro 3 | AP5: =_xlfn.CONCAT("Euro ",$C5) -> Euro 3 | AQ5: =_xlfn.CONCAT("Euro ",$C5) -> Euro 3 | AR5: =_xlfn.CONCAT("Euro ",$C5) -> Euro 3 | AS5: =_xlfn.CONCAT("Euro ",$D5) -> Euro III | AT5: =_xlfn.CONCAT("Euro ",$D5) -> Euro III | AU5: =_xlfn.CONCAT("Euro ",$D5) -> Euro III | AV5: =_xlfn.CONCAT("Euro ",$D5) -> Euro III | AW5: =_xlfn.CONCAT("Euro ",$D5) -> Euro III | AX5: =_xlfn.CONCAT("Euro ",$D5) -> Euro III | AY5: =_xlfn.CONCAT("Euro ",$C5) -> Euro 3 | AZ5: =_xlfn.CONCAT("Euro ",$D5) -> Euro III | BA5: =_xlfn.CONCAT("Euro ",$D5) -> Euro III | BB5: =_xlfn.CONCAT("Euro ",$D5) -> Euro III | BC5: =_xlfn.CONCAT("Euro ",$D5) -> Euro III | BD5: =_xlfn.CONCAT("Euro ",$D5) -> Euro III | BE5: =_xlfn.CONCAT("Euro ",$D5) -> Euro III | BF5: =_xlfn.CONCAT("Euro ",$D5) -> Euro III | BG5: =_xlfn.CONCAT("Euro ",$D5) -> Euro III | BH5: =_xlfn.CONCAT("Euro ",$C5) -> Euro 3 | BI5: =_xlfn.CONCAT("Euro ",$C5) -> Euro 3 | BJ5: Euro 4 | BK5: =_xlfn.CONCAT("Euro ",$C5) -> Euro 3 | BL5: =_xlfn.CONCAT("Euro ",$C5) -> Euro 3 | BM5: =_xlfn.CONCAT("Euro ",$C5) -> Euro 3 | BN5: =_xlfn.CONCAT("Euro ",$C5) -> Euro 3 | BO5: =_xlfn.CONCAT("Euro ",$C5) -> Euro 3 | BP5: =_xlfn.CONCAT("Euro ",$C5) -> Euro 3
A6: 2021 | B6: 2021 | C6: 3 | D6: III | E6: 3 | F6: 3 | G6: =_xlfn.CONCAT("Euro ",$C6) -> Euro 3 | H6: =_xlfn.CONCAT("Euro ",$C6) -> Euro 3 | I6: =_xlfn.CONCAT("Euro ",$C6) -> Euro 3 | J6: =_xlfn.CONCAT("Euro ",$C6) -> Euro 3 | K6: =_xlfn.CONCAT("Euro ",$C6) -> Euro 3 | L6: =_xlfn.CONCAT("Euro ",$C6) -> Euro 3 | M6: =_xlfn.CONCAT("Euro ",$C6) -> Euro 3 | N6: =_xlfn.CONCAT("Euro ",$C6) -> Euro 3 | O6: =_xlfn.CONCAT("Euro ",$C6) -> Euro 3 | P6: Euro 4 | Q6: =_xlfn.CONCAT("Euro ",$C6) -> Euro 3 | R6: =_xlfn.CONCAT("Euro ",$C6) -> Euro 3 | S6: =_xlfn.CONCAT("Euro ",$C6) -> Euro 3 | T6: =_xlfn.CONCAT("Euro ",$C6) -> Euro 3 | U6: =_xlfn.CONCAT("Euro ",$C6) -> Euro 3 | V6: =_xlfn.CONCAT("Euro ",$C6) -> Euro 3 | W6: =_xlfn.CONCAT("Euro ",$C6) -> Euro 3 | X6: =_xlfn.CONCAT("Euro ",$C6) -> Euro 3 | Y6: =_xlfn.CONCAT("Euro ",$C6) -> Euro 3 | Z6: Euro 4 | AA6: =_xlfn.CONCAT("Euro ",$D6) -> Euro III | AB6: =_xlfn.CONCAT("Euro ",$D6) -> Euro III | AC6: =_xlfn.CONCAT("Euro ",$D6) -> Euro III | AD6: =_xlfn.CONCAT("Euro ",$D6) -> Euro III | AE6: =_xlfn.CONCAT("Euro ",$D6) -> Euro III | AF6: =_xlfn.CONCAT("Euro ",$D6) -> Euro III | AG6: =_xlfn.CONCAT("Euro ",$D6) -> Euro III | AH6: =_xlfn.CONCAT("Euro ",$D6) -> Euro III | AI6: =_xlfn.CONCAT("Euro ",$D6) -> Euro III | AJ6: =_xlfn.CONCAT("Euro ",$C6) -> Euro 3 | AK6: =_xlfn.CONCAT("Euro ",$C6) -> Euro 3 | AL6: =_xlfn.CONCAT("Euro ",$C6) -> Euro 3 | AM6: =_xlfn.CONCAT("Euro ",$C6) -> Euro 3 | AN6: =_xlfn.CONCAT("Euro ",$C6) -> Euro 3 | AO6: =_xlfn.CONCAT("Euro ",$C6) -> Euro 3 | AP6: =_xlfn.CONCAT("Euro ",$C6) -> Euro 3 | AQ6: =_xlfn.CONCAT("Euro ",$C6) -> Euro 3 | AR6: =_xlfn.CONCAT("Euro ",$C6) -> Euro 3 | AS6: =_xlfn.CONCAT("Euro ",$D6) -> Euro III | AT6: =_xlfn.CONCAT("Euro ",$D6) -> Euro III | AU6: =_xlfn.CONCAT("Euro ",$D6) -> Euro III | AV6: =_xlfn.CONCAT("Euro ",$D6) -> Euro III | AW6: =_xlfn.CONCAT("Euro ",$D6) -> Euro III | AX6: =_xlfn.CONCAT("Euro ",$D6) -> Euro III | AY6: =_xlfn.CONCAT("Euro ",$C6) -> Euro 3 | AZ6: =_xlfn.CONCAT("Euro ",$D6) -> Euro III | BA6: =_xlfn.CONCAT("Euro ",$D6) -> Euro III | BB6: =_xlfn.CONCAT("Euro ",$D6) -> Euro III | BC6: =_xlfn.CONCAT("Euro ",$D6) -> Euro III | BD6: =_xlfn.CONCAT("Euro ",$D6) -> Euro III | BE6: =_xlfn.CONCAT("Euro ",$D6) -> Euro III | BF6: =_xlfn.CONCAT("Euro ",$D6) -> Euro III | BG6: =_xlfn.CONCAT("Euro ",$D6) -> Euro III | BH6: =_xlfn.CONCAT("Euro ",$C6) -> Euro 3 | BI6: =_xlfn.CONCAT("Euro ",$C6) -> Euro 3 | BJ6: Euro 4 | BK6: =_xlfn.CONCAT("Euro ",$C6) -> Euro 3 | BL6: =_xlfn.CONCAT("Euro ",$C6) -> Euro 3 | BM6: =_xlfn.CONCAT("Euro ",$C6) -> Euro 3 | BN6: =_xlfn.CONCAT("Euro ",$C6) -> Euro 3 | BO6: =_xlfn.CONCAT("Euro ",$C6) -> Euro 3 | BP6: =_xlfn.CONCAT("Euro ",$C6) -> Euro 3
A7: 2020 | B7: 2020 | C7: 3 | D7: III | E7: 3 | F7: 3 | G7: =_xlfn.CONCAT("Euro ",$C7) -> Euro 3 | H7: =_xlfn.CONCAT("Euro ",$C7) -> Euro 3 | I7: =_xlfn.CONCAT("Euro ",$C7) -> Euro 3 | J7: =_xlfn.CONCAT("Euro ",$C7) -> Euro 3 | K7: =_xlfn.CONCAT("Euro ",$C7) -> Euro 3 | L7: =_xlfn.CONCAT("Euro ",$C7) -> Euro 3 | M7: =_xlfn.CONCAT("Euro ",$C7) -> Euro 3 | N7: =_xlfn.CONCAT("Euro ",$C7) -> Euro 3 | O7: =_xlfn.CONCAT("Euro ",$C7) -> Euro 3 | P7: Euro 4 | Q7: =_xlfn.CONCAT("Euro ",$C7) -> Euro 3 | R7: =_xlfn.CONCAT("Euro ",$C7) -> Euro 3 | S7: =_xlfn.CONCAT("Euro ",$C7) -> Euro 3 | T7: =_xlfn.CONCAT("Euro ",$C7) -> Euro 3 | U7: =_xlfn.CONCAT("Euro ",$C7) -> Euro 3 | V7: =_xlfn.CONCAT("Euro ",$C7) -> Euro 3 | W7: =_xlfn.CONCAT("Euro ",$C7) -> Euro 3 | X7: =_xlfn.CONCAT("Euro ",$C7) -> Euro 3 | Y7: =_xlfn.CONCAT("Euro ",$C7) -> Euro 3 | Z7: Euro 4 | AA7: =_xlfn.CONCAT("Euro ",$D7) -> Euro III | AB7: =_xlfn.CONCAT("Euro ",$D7) -> Euro III | AC7: =_xlfn.CONCAT("Euro ",$D7) -> Euro III | AD7: =_xlfn.CONCAT("Euro ",$D7) -> Euro III | AE7: =_xlfn.CONCAT("Euro ",$D7) -> Euro III | AF7: =_xlfn.CONCAT("Euro ",$D7) -> Euro III | AG7: =_xlfn.CONCAT("Euro ",$D7) -> Euro III | AH7: =_xlfn.CONCAT("Euro ",$D7) -> Euro III | AI7: =_xlfn.CONCAT("Euro ",$D7) -> Euro III | AJ7: =_xlfn.CONCAT("Euro ",$C7) -> Euro 3 | AK7: =_xlfn.CONCAT("Euro ",$C7) -> Euro 3 | AL7: =_xlfn.CONCAT("Euro ",$C7) -> Euro 3 | AM7: =_xlfn.CONCAT("Euro ",$C7) -> Euro 3 | AN7: =_xlfn.CONCAT("Euro ",$C7) -> Euro 3 | AO7: =_xlfn.CONCAT("Euro ",$C7) -> Euro 3 | AP7: =_xlfn.CONCAT("Euro ",$C7) -> Euro 3 | AQ7: =_xlfn.CONCAT("Euro ",$C7) -> Euro 3 | AR7: =_xlfn.CONCAT("Euro ",$C7) -> Euro 3 | AS7: =_xlfn.CONCAT("Euro ",$D7) -> Euro III | AT7: =_xlfn.CONCAT("Euro ",$D7) -> Euro III | AU7: =_xlfn.CONCAT("Euro ",$D7) -> Euro III | AV7: =_xlfn.CONCAT("Euro ",$D7) -> Euro III | AW7: =_xlfn.CONCAT("Euro ",$D7) -> Euro III | AX7: =_xlfn.CONCAT("Euro ",$D7) -> Euro III | AY7: =_xlfn.CONCAT("Euro ",$C7) -> Euro 3 | AZ7: =_xlfn.CONCAT("Euro ",$D7) -> Euro III | BA7: =_xlfn.CONCAT("Euro ",$D7) -> Euro III | BB7: =_xlfn.CONCAT("Euro ",$D7) -> Euro III | BC7: =_xlfn.CONCAT("Euro ",$D7) -> Euro III | BD7: =_xlfn.CONCAT("Euro ",$D7) -> Euro III | BE7: =_xlfn.CONCAT("Euro ",$D7) -> Euro III | BF7: =_xlfn.CONCAT("Euro ",$D7) -> Euro III | BG7: =_xlfn.CONCAT("Euro ",$D7) -> Euro III | BH7: =_xlfn.CONCAT("Euro ",$C7) -> Euro 3 | BI7: =_xlfn.CONCAT("Euro ",$C7) -> Euro 3 | BJ7: Euro 4 | BK7: =_xlfn.CONCAT("Euro ",$C7) -> Euro 3 | BL7: =_xlfn.CONCAT("Euro ",$C7) -> Euro 3 | BM7: =_xlfn.CONCAT("Euro ",$C7) -> Euro 3 | BN7: =_xlfn.CONCAT("Euro ",$C7) -> Euro 3 | BO7: =_xlfn.CONCAT("Euro ",$C7) -> Euro 3 | BP7: =_xlfn.CONCAT("Euro ",$C7) -> Euro 3
A8: 2019 | B8: 2019 | C8: 3 | D8: III | E8: 3 | F8: 3 | G8: =_xlfn.CONCAT("Euro ",$C8) -> Euro 3 | H8: =_xlfn.CONCAT("Euro ",$C8) -> Euro 3 | I8: =_xlfn.CONCAT("Euro ",$C8) -> Euro 3 | J8: =_xlfn.CONCAT("Euro ",$C8) -> Euro 3 | K8: =_xlfn.CONCAT("Euro ",$C8) -> Euro 3 | L8: =_xlfn.CONCAT("Euro ",$C8) -> Euro 3 | M8: =_xlfn.CONCAT("Euro ",$C8) -> Euro 3 | N8: =_xlfn.CONCAT("Euro ",$C8) -> Euro 3 | O8: =_xlfn.CONCAT("Euro ",$C8) -> Euro 3 | P8: Euro 4 | Q8: =_xlfn.CONCAT("Euro ",$C8) -> Euro 3 | R8: =_xlfn.CONCAT("Euro ",$C8) -> Euro 3 | S8: =_xlfn.CONCAT("Euro ",$C8) -> Euro 3 | T8: =_xlfn.CONCAT("Euro ",$C8) -> Euro 3 | U8: =_xlfn.CONCAT("Euro ",$C8) -> Euro 3 | V8: =_xlfn.CONCAT("Euro ",$C8) -> Euro 3 | W8: =_xlfn.CONCAT("Euro ",$C8) -> Euro 3 | X8: =_xlfn.CONCAT("Euro ",$C8) -> Euro 3 | Y8: =_xlfn.CONCAT("Euro ",$C8) -> Euro 3 | Z8: Euro 4 | AA8: =_xlfn.CONCAT("Euro ",$D8) -> Euro III | AB8: =_xlfn.CONCAT("Euro ",$D8) -> Euro III | AC8: =_xlfn.CONCAT("Euro ",$D8) -> Euro III | AD8: =_xlfn.CONCAT("Euro ",$D8) -> Euro III | AE8: =_xlfn.CONCAT("Euro ",$D8) -> Euro III | AF8: =_xlfn.CONCAT("Euro ",$D8) -> Euro III | AG8: =_xlfn.CONCAT("Euro ",$D8) -> Euro III | AH8: =_xlfn.CONCAT("Euro ",$D8) -> Euro III | AI8: =_xlfn.CONCAT("Euro ",$D8) -> Euro III | AJ8: =_xlfn.CONCAT("Euro ",$C8) -> Euro 3 | AK8: =_xlfn.CONCAT("Euro ",$C8) -> Euro 3 | AL8: =_xlfn.CONCAT("Euro ",$C8) -> Euro 3 | AM8: =_xlfn.CONCAT("Euro ",$C8) -> Euro 3 | AN8: =_xlfn.CONCAT("Euro ",$C8) -> Euro 3 | AO8: =_xlfn.CONCAT("Euro ",$C8) -> Euro 3 | AP8: =_xlfn.CONCAT("Euro ",$C8) -> Euro 3 | AQ8: =_xlfn.CONCAT("Euro ",$C8) -> Euro 3 | AR8: =_xlfn.CONCAT("Euro ",$C8) -> Euro 3 | AS8: =_xlfn.CONCAT("Euro ",$D8) -> Euro III | AT8: =_xlfn.CONCAT("Euro ",$D8) -> Euro III | AU8: =_xlfn.CONCAT("Euro ",$D8) -> Euro III | AV8: =_xlfn.CONCAT("Euro ",$D8) -> Euro III | AW8: =_xlfn.CONCAT("Euro ",$D8) -> Euro III | AX8: =_xlfn.CONCAT("Euro ",$D8) -> Euro III | AY8: =_xlfn.CONCAT("Euro ",$C8) -> Euro 3 | AZ8: =_xlfn.CONCAT("Euro ",$D8) -> Euro III | BA8: =_xlfn.CONCAT("Euro ",$D8) -> Euro III | BB8: =_xlfn.CONCAT("Euro ",$D8) -> Euro III | BC8: =_xlfn.CONCAT("Euro ",$D8) -> Euro III | BD8: =_xlfn.CONCAT("Euro ",$D8) -> Euro III | BE8: =_xlfn.CONCAT("Euro ",$D8) -> Euro III | BF8: =_xlfn.CONCAT("Euro ",$D8) -> Euro III | BG8: =_xlfn.CONCAT("Euro ",$D8) -> Euro III | BH8: =_xlfn.CONCAT("Euro ",$C8) -> Euro 3 | BI8: =_xlfn.CONCAT("Euro ",$C8) -> Euro 3 | BJ8: Euro 4 | BK8: =_xlfn.CONCAT("Euro ",$C8) -> Euro 3 | BL8: =_xlfn.CONCAT("Euro ",$C8) -> Euro 3 | BM8: =_xlfn.CONCAT("Euro ",$C8) -> Euro 3 | BN8: =_xlfn.CONCAT("Euro ",$C8) -> Euro 3 | BO8: =_xlfn.CONCAT("Euro ",$C8) -> Euro 3 | BP8: =_xlfn.CONCAT("Euro ",$C8) -> Euro 3
A9: =A8-1 -> 2018 | B9: =B8-1 -> 2018 | C9: 3 | D9: III | E9: 3 | F9: 3 | G9: =_xlfn.CONCAT("Euro ",$C9) -> Euro 3 | H9: =_xlfn.CONCAT("Euro ",$C9) -> Euro 3 | I9: =_xlfn.CONCAT("Euro ",$C9) -> Euro 3 | J9: =_xlfn.CONCAT("Euro ",$C9) -> Euro 3 | K9: =_xlfn.CONCAT("Euro ",$C9) -> Euro 3 | L9: =_xlfn.CONCAT("Euro ",$C9) -> Euro 3 | M9: =_xlfn.CONCAT("Euro ",$C9) -> Euro 3 | N9: =_xlfn.CONCAT("Euro ",$C9) -> Euro 3 | O9: =_xlfn.CONCAT("Euro ",$C9) -> Euro 3 | P9: Euro 4 | Q9: =_xlfn.CONCAT("Euro ",$C9) -> Euro 3 | R9: =_xlfn.CONCAT("Euro ",$C9) -> Euro 3 | S9: =_xlfn.CONCAT("Euro ",$C9) -> Euro 3 | T9: =_xlfn.CONCAT("Euro ",$C9) -> Euro 3 | U9: =_xlfn.CONCAT("Euro ",$C9) -> Euro 3 | V9: =_xlfn.CONCAT("Euro ",$C9) -> Euro 3 | W9: =_xlfn.CONCAT("Euro ",$C9) -> Euro 3 | X9: =_xlfn.CONCAT("Euro ",$C9) -> Euro 3 | Y9: =_xlfn.CONCAT("Euro ",$C9) -> Euro 3 | Z9: Euro 4 | AA9: =_xlfn.CONCAT("Euro ",$D9) -> Euro III | AB9: =_xlfn.CONCAT("Euro ",$D9) -> Euro III | AC9: =_xlfn.CONCAT("Euro ",$D9) -> Euro III | AD9: =_xlfn.CONCAT("Euro ",$D9) -> Euro III | AE9: =_xlfn.CONCAT("Euro ",$D9) -> Euro III | AF9: =_xlfn.CONCAT("Euro ",$D9) -> Euro III | AG9: =_xlfn.CONCAT("Euro ",$D9) -> Euro III | AH9: =_xlfn.CONCAT("Euro ",$D9) -> Euro III | AI9: =_xlfn.CONCAT("Euro ",$D9) -> Euro III | AJ9: =_xlfn.CONCAT("Euro ",$C9) -> Euro 3 | AK9: =_xlfn.CONCAT("Euro ",$C9) -> Euro 3 | AL9: =_xlfn.CONCAT("Euro ",$C9) -> Euro 3 | AM9: =_xlfn.CONCAT("Euro ",$C9) -> Euro 3 | AN9: =_xlfn.CONCAT("Euro ",$C9) -> Euro 3 | AO9: =_xlfn.CONCAT("Euro ",$C9) -> Euro 3 | AP9: =_xlfn.CONCAT("Euro ",$C9) -> Euro 3 | AQ9: =_xlfn.CONCAT("Euro ",$C9) -> Euro 3 | AR9: =_xlfn.CONCAT("Euro ",$C9) -> Euro 3 | AS9: =_xlfn.CONCAT("Euro ",$D9) -> Euro III | AT9: =_xlfn.CONCAT("Euro ",$D9) -> Euro III | AU9: =_xlfn.CONCAT("Euro ",$D9) -> Euro III | AV9: =_xlfn.CONCAT("Euro ",$D9) -> Euro III | AW9: =_xlfn.CONCAT("Euro ",$D9) -> Euro III | AX9: =_xlfn.CONCAT("Euro ",$D9) -> Euro III | AY9: =_xlfn.CONCAT("Euro ",$C9) -> Euro 3 | AZ9: =_xlfn.CONCAT("Euro ",$D9) -> Euro III | BA9: =_xlfn.CONCAT("Euro ",$D9) -> Euro III | BB9: =_xlfn.CONCAT("Euro ",$D9) -> Euro III | BC9: =_xlfn.CONCAT("Euro ",$D9) -> Euro III | BD9: =_xlfn.CONCAT("Euro ",$D9) -> Euro III | BE9: =_xlfn.CONCAT("Euro ",$D9) -> Euro III | BF9: =_xlfn.CONCAT("Euro ",$D9) -> Euro III | BG9: =_xlfn.CONCAT("Euro ",$D9) -> Euro III | BH9: =_xlfn.CONCAT("Euro ",$C9) -> Euro 3 | BI9: =_xlfn.CONCAT("Euro ",$C9) -> Euro 3 | BJ9: Euro 4 | BK9: =_xlfn.CONCAT("Euro ",$C9) -> Euro 3 | BL9: =_xlfn.CONCAT("Euro ",$C9) -> Euro 3 | BM9: =_xlfn.CONCAT("Euro ",$C9) -> Euro 3 | BN9: =_xlfn.CONCAT("Euro ",$C9) -> Euro 3 | BO9: =_xlfn.CONCAT("Euro ",$C9) -> Euro 3 | BP9: =_xlfn.CONCAT("Euro ",$C9) -> Euro 3
A10: =A9-1 -> 2017 | B10: =B9-1 -> 2017 | C10: 3 | D10: III | E10: 3 | F10: 3 | G10: =_xlfn.CONCAT("Euro ",$C10) -> Euro 3 | H10: =_xlfn.CONCAT("Euro ",$C10) -> Euro 3 | I10: =_xlfn.CONCAT("Euro ",$C10) -> Euro 3 | J10: =_xlfn.CONCAT("Euro ",$C10) -> Euro 3 | K10: =_xlfn.CONCAT("Euro ",$C10) -> Euro 3 | L10: =_xlfn.CONCAT("Euro ",$C10) -> Euro 3 | M10: =_xlfn.CONCAT("Euro ",$C10) -> Euro 3 | N10: =_xlfn.CONCAT("Euro ",$C10) -> Euro 3 | O10: =_xlfn.CONCAT("Euro ",$C10) -> Euro 3 | P10: Euro 4 | Q10: =_xlfn.CONCAT("Euro ",$C10) -> Euro 3 | R10: =_xlfn.CONCAT("Euro ",$C10) -> Euro 3 | S10: =_xlfn.CONCAT("Euro ",$C10) -> Euro 3 | T10: =_xlfn.CONCAT("Euro ",$C10) -> Euro 3 | U10: =_xlfn.CONCAT("Euro ",$C10) -> Euro 3 | V10: =_xlfn.CONCAT("Euro ",$C10) -> Euro 3 | W10: =_xlfn.CONCAT("Euro ",$C10) -> Euro 3 | X10: =_xlfn.CONCAT("Euro ",$C10) -> Euro 3 | Y10: =_xlfn.CONCAT("Euro ",$C10) -> Euro 3 | Z10: Euro 4 | AA10: =_xlfn.CONCAT("Euro ",$D10) -> Euro III | AB10: =_xlfn.CONCAT("Euro ",$D10) -> Euro III | AC10: =_xlfn.CONCAT("Euro ",$D10) -> Euro III | AD10: =_xlfn.CONCAT("Euro ",$D10) -> Euro III | AE10: =_xlfn.CONCAT("Euro ",$D10) -> Euro III | AF10: =_xlfn.CONCAT("Euro ",$D10) -> Euro III | AG10: =_xlfn.CONCAT("Euro ",$D10) -> Euro III | AH10: =_xlfn.CONCAT("Euro ",$D10) -> Euro III | AI10: =_xlfn.CONCAT("Euro ",$D10) -> Euro III | AJ10: =_xlfn.CONCAT("Euro ",$C10) -> Euro 3 | AK10: =_xlfn.CONCAT("Euro ",$C10) -> Euro 3 | AL10: =_xlfn.CONCAT("Euro ",$C10) -> Euro 3 | AM10: =_xlfn.CONCAT("Euro ",$C10) -> Euro 3 | AN10: =_xlfn.CONCAT("Euro ",$C10) -> Euro 3 | AO10: =_xlfn.CONCAT("Euro ",$C10) -> Euro 3 | AP10: =_xlfn.CONCAT("Euro ",$C10) -> Euro 3 | AQ10: =_xlfn.CONCAT("Euro ",$C10) -> Euro 3 | AR10: =_xlfn.CONCAT("Euro ",$C10) -> Euro 3 | AS10: =_xlfn.CONCAT("Euro ",$D10) -> Euro III | AT10: =_xlfn.CONCAT("Euro ",$D10) -> Euro III | AU10: =_xlfn.CONCAT("Euro ",$D10) -> Euro III | AV10: =_xlfn.CONCAT("Euro ",$D10) -> Euro III | AW10: =_xlfn.CONCAT("Euro ",$D10) -> Euro III | AX10: =_xlfn.CONCAT("Euro ",$D10) -> Euro III | AY10: =_xlfn.CONCAT("Euro ",$C10) -> Euro 3 | AZ10: =_xlfn.CONCAT("Euro ",$D10) -> Euro III | BA10: =_xlfn.CONCAT("Euro ",$D10) -> Euro III | BB10: =_xlfn.CONCAT("Euro ",$D10) -> Euro III | BC10: =_xlfn.CONCAT("Euro ",$D10) -> Euro III | BD10: =_xlfn.CONCAT("Euro ",$D10) -> Euro III | BE10: =_xlfn.CONCAT("Euro ",$D10) -> Euro III | BF10: =_xlfn.CONCAT("Euro ",$D10) -> Euro III | BG10: =_xlfn.CONCAT("Euro ",$D10) -> Euro III | BH10: =_xlfn.CONCAT("Euro ",$C10) -> Euro 3 | BI10: =_xlfn.CONCAT("Euro ",$C10) -> Euro 3 | BJ10: Euro 4 | BK10: =_xlfn.CONCAT("Euro ",$C10) -> Euro 3 | BL10: =_xlfn.CONCAT("Euro ",$C10) -> Euro 3 | BM10: =_xlfn.CONCAT("Euro ",$C10) -> Euro 3 | BN10: =_xlfn.CONCAT("Euro ",$C10) -> Euro 3 | BO10: =_xlfn.CONCAT("Euro ",$C10) -> Euro 3 | BP10: =_xlfn.CONCAT("Euro ",$C10) -> Euro 3
A11: =A10-1 -> 2016 | B11: =B10-1 -> 2016 | C11: 2 | D11: II | E11: 2 | F11: 2 | G11: =_xlfn.CONCAT("Euro ",$C11) -> Euro 2 | H11: =_xlfn.CONCAT("Euro ",$C11) -> Euro 2 | I11: =_xlfn.CONCAT("Euro ",$C11) -> Euro 2 | J11: =_xlfn.CONCAT("Euro ",$C11) -> Euro 2 | K11: =_xlfn.CONCAT("Euro ",$C11) -> Euro 2 | L11: =_xlfn.CONCAT("Euro ",$C11) -> Euro 2 | M11: =_xlfn.CONCAT("Euro ",$C11) -> Euro 2 | N11: =_xlfn.CONCAT("Euro ",$C11) -> Euro 2 | O11: =_xlfn.CONCAT("Euro ",$C11) -> Euro 2 | P11: Euro 4 | Q11: =_xlfn.CONCAT("Euro ",$C11) -> Euro 2 | R11: =_xlfn.CONCAT("Euro ",$C11) -> Euro 2 | S11: =_xlfn.CONCAT("Euro ",$C11) -> Euro 2 | T11: =_xlfn.CONCAT("Euro ",$C11) -> Euro 2 | U11: =_xlfn.CONCAT("Euro ",$C11) -> Euro 2 | V11: =_xlfn.CONCAT("Euro ",$C11) -> Euro 2 | W11: =_xlfn.CONCAT("Euro ",$C11) -> Euro 2 | X11: =_xlfn.CONCAT("Euro ",$C11) -> Euro 2 | Y11: =_xlfn.CONCAT("Euro ",$C11) -> Euro 2 | Z11: Euro 4 | AA11: =_xlfn.CONCAT("Euro ",$D11) -> Euro II | AB11: =_xlfn.CONCAT("Euro ",$D11) -> Euro II | AC11: =_xlfn.CONCAT("Euro ",$D11) -> Euro II | AD11: =_xlfn.CONCAT("Euro ",$D11) -> Euro II | AE11: =_xlfn.CONCAT("Euro ",$D11) -> Euro II | AF11: =_xlfn.CONCAT("Euro ",$D11) -> Euro II | AG11: =_xlfn.CONCAT("Euro ",$D11) -> Euro II | AH11: =_xlfn.CONCAT("Euro ",$D11) -> Euro II | AI11: =_xlfn.CONCAT("Euro ",$D11) -> Euro II | AJ11: =_xlfn.CONCAT("Euro ",$C11) -> Euro 2 | AK11: =_xlfn.CONCAT("Euro ",$C11) -> Euro 2 | AL11: =_xlfn.CONCAT("Euro ",$C11) -> Euro 2 | AM11: =_xlfn.CONCAT("Euro ",$C11) -> Euro 2 | AN11: =_xlfn.CONCAT("Euro ",$C11) -> Euro 2 | AO11: =_xlfn.CONCAT("Euro ",$C11) -> Euro 2 | AP11: =_xlfn.CONCAT("Euro ",$C11) -> Euro 2 | AQ11: =_xlfn.CONCAT("Euro ",$C11) -> Euro 2 | AR11: =_xlfn.CONCAT("Euro ",$C11) -> Euro 2 | AS11: =_xlfn.CONCAT("Euro ",$D11) -> Euro II | AT11: =_xlfn.CONCAT("Euro ",$D11) -> Euro II | AU11: =_xlfn.CONCAT("Euro ",$D11) -> Euro II | AV11: =_xlfn.CONCAT("Euro ",$D11) -> Euro II | AW11: =_xlfn.CONCAT("Euro ",$D11) -> Euro II | AX11: =_xlfn.CONCAT("Euro ",$D11) -> Euro II | AY11: =_xlfn.CONCAT("Euro ",$C11) -> Euro 2 | AZ11: =_xlfn.CONCAT("Euro ",$D11) -> Euro II | BA11: =_xlfn.CONCAT("Euro ",$D11) -> Euro II | BB11: =_xlfn.CONCAT("Euro ",$D11) -> Euro II | BC11: =_xlfn.CONCAT("Euro ",$D11) -> Euro II | BD11: =_xlfn.CONCAT("Euro ",$D11) -> Euro II | BE11: =_xlfn.CONCAT("Euro ",$D11) -> Euro II | BF11: =_xlfn.CONCAT("Euro ",$D11) -> Euro II | BG11: =_xlfn.CONCAT("Euro ",$D11) -> Euro II | BH11: =_xlfn.CONCAT("Euro ",$C11) -> Euro 2 | BI11: =_xlfn.CONCAT("Euro ",$C11) -> Euro 2 | BJ11: Euro 4 | BK11: =_xlfn.CONCAT("Euro ",$C11) -> Euro 2 | BL11: =_xlfn.CONCAT("Euro ",$C11) -> Euro 2 | BM11: =_xlfn.CONCAT("Euro ",$C11) -> Euro 2 | BN11: =_xlfn.CONCAT("Euro ",$C11) -> Euro 2 | BO11: =_xlfn.CONCAT("Euro ",$C11) -> Euro 2 | BP11: =_xlfn.CONCAT("Euro ",$C11) -> Euro 2
A12: =A11-1 -> 2015 | B12: =B11-1 -> 2015 | C12: 2 | D12: II | E12: 2 | F12: 2 | G12: =_xlfn.CONCAT("Euro ",$C12) -> Euro 2 | H12: =_xlfn.CONCAT("Euro ",$C12) -> Euro 2 | I12: =_xlfn.CONCAT("Euro ",$C12) -> Euro 2 | J12: =_xlfn.CONCAT("Euro ",$C12) -> Euro 2 | K12: =_xlfn.CONCAT("Euro ",$C12) -> Euro 2 | L12: =_xlfn.CONCAT("Euro ",$C12) -> Euro 2 | M12: =_xlfn.CONCAT("Euro ",$C12) -> Euro 2 | N12: =_xlfn.CONCAT("Euro ",$C12) -> Euro 2 | O12: =_xlfn.CONCAT("Euro ",$C12) -> Euro 2 | P12: Euro 4 | Q12: =_xlfn.CONCAT("Euro ",$C12) -> Euro 2 | R12: =_xlfn.CONCAT("Euro ",$C12) -> Euro 2 | S12: =_xlfn.CONCAT("Euro ",$C12) -> Euro 2 | T12: =_xlfn.CONCAT("Euro ",$C12) -> Euro 2 | U12: =_xlfn.CONCAT("Euro ",$C12) -> Euro 2 | V12: =_xlfn.CONCAT("Euro ",$C12) -> Euro 2 | W12: =_xlfn.CONCAT("Euro ",$C12) -> Euro 2 | X12: =_xlfn.CONCAT("Euro ",$C12) -> Euro 2 | Y12: =_xlfn.CONCAT("Euro ",$C12) -> Euro 2 | Z12: Euro 4 | AA12: =_xlfn.CONCAT("Euro ",$D12) -> Euro II | AB12: =_xlfn.CONCAT("Euro ",$D12) -> Euro II | AC12: =_xlfn.CONCAT("Euro ",$D12) -> Euro II | AD12: =_xlfn.CONCAT("Euro ",$D12) -> Euro II | AE12: =_xlfn.CONCAT("Euro ",$D12) -> Euro II | AF12: =_xlfn.CONCAT("Euro ",$D12) -> Euro II | AG12: =_xlfn.CONCAT("Euro ",$D12) -> Euro II | AH12: =_xlfn.CONCAT("Euro ",$D12) -> Euro II | AI12: =_xlfn.CONCAT("Euro ",$D12) -> Euro II | AJ12: =_xlfn.CONCAT("Euro ",$C12) -> Euro 2 | AK12: =_xlfn.CONCAT("Euro ",$C12) -> Euro 2 | AL12: =_xlfn.CONCAT("Euro ",$C12) -> Euro 2 | AM12: =_xlfn.CONCAT("Euro ",$C12) -> Euro 2 | AN12: =_xlfn.CONCAT("Euro ",$C12) -> Euro 2 | AO12: =_xlfn.CONCAT("Euro ",$C12) -> Euro 2 | AP12: =_xlfn.CONCAT("Euro ",$C12) -> Euro 2 | AQ12: =_xlfn.CONCAT("Euro ",$C12) -> Euro 2 | AR12: =_xlfn.CONCAT("Euro ",$C12) -> Euro 2 | AS12: =_xlfn.CONCAT("Euro ",$D12) -> Euro II | AT12: =_xlfn.CONCAT("Euro ",$D12) -> Euro II | AU12: =_xlfn.CONCAT("Euro ",$D12) -> Euro II | AV12: =_xlfn.CONCAT("Euro ",$D12) -> Euro II | AW12: =_xlfn.CONCAT("Euro ",$D12) -> Euro II | AX12: =_xlfn.CONCAT("Euro ",$D12) -> Euro II | AY12: =_xlfn.CONCAT("Euro ",$C12) -> Euro 2 | AZ12: =_xlfn.CONCAT("Euro ",$D12) -> Euro II | BA12: =_xlfn.CONCAT("Euro ",$D12) -> Euro II | BB12: =_xlfn.CONCAT("Euro ",$D12) -> Euro II | BC12: =_xlfn.CONCAT("Euro ",$D12) -> Euro II | BD12: =_xlfn.CONCAT("Euro ",$D12) -> Euro II | BE12: =_xlfn.CONCAT("Euro ",$D12) -> Euro II | BF12: =_xlfn.CONCAT("Euro ",$D12) -> Euro II | BG12: =_xlfn.CONCAT("Euro ",$D12) -> Euro II | BH12: =_xlfn.CONCAT("Euro ",$C12) -> Euro 2 | BI12: =_xlfn.CONCAT("Euro ",$C12) -> Euro 2 | BJ12: Euro 4 | BK12: =_xlfn.CONCAT("Euro ",$C12) -> Euro 2 | BL12: =_xlfn.CONCAT("Euro ",$C12) -> Euro 2 | BM12: =_xlfn.CONCAT("Euro ",$C12) -> Euro 2 | BN12: =_xlfn.CONCAT("Euro ",$C12) -> Euro 2 | BO12: =_xlfn.CONCAT("Euro ",$C12) -> Euro 2 | BP12: =_xlfn.CONCAT("Euro ",$C12) -> Euro 2
A13: =A12-1 -> 2014 | B13: =B12-1 -> 2014 | C13: 2 | D13: II | E13: 2 | F13: 2 | G13: =_xlfn.CONCAT("Euro ",$C13) -> Euro 2 | H13: =_xlfn.CONCAT("Euro ",$C13) -> Euro 2 | I13: =_xlfn.CONCAT("Euro ",$C13) -> Euro 2 | J13: =_xlfn.CONCAT("Euro ",$C13) -> Euro 2 | K13: =_xlfn.CONCAT("Euro ",$C13) -> Euro 2 | L13: =_xlfn.CONCAT("Euro ",$C13) -> Euro 2 | M13: =_xlfn.CONCAT("Euro ",$C13) -> Euro 2 | N13: =_xlfn.CONCAT("Euro ",$C13) -> Euro 2 | O13: =_xlfn.CONCAT("Euro ",$C13) -> Euro 2 | P13: Euro 4 | Q13: =_xlfn.CONCAT("Euro ",$C13) -> Euro 2 | R13: =_xlfn.CONCAT("Euro ",$C13) -> Euro 2 | S13: =_xlfn.CONCAT("Euro ",$C13) -> Euro 2 | T13: =_xlfn.CONCAT("Euro ",$C13) -> Euro 2 | U13: =_xlfn.CONCAT("Euro ",$C13) -> Euro 2 | V13: =_xlfn.CONCAT("Euro ",$C13) -> Euro 2 | W13: =_xlfn.CONCAT("Euro ",$C13) -> Euro 2 | X13: =_xlfn.CONCAT("Euro ",$C13) -> Euro 2 | Y13: =_xlfn.CONCAT("Euro ",$C13) -> Euro 2 | Z13: Euro 4 | AA13: =_xlfn.CONCAT("Euro ",$D13) -> Euro II | AB13: =_xlfn.CONCAT("Euro ",$D13) -> Euro II | AC13: =_xlfn.CONCAT("Euro ",$D13) -> Euro II | AD13: =_xlfn.CONCAT("Euro ",$D13) -> Euro II | AE13: =_xlfn.CONCAT("Euro ",$D13) -> Euro II | AF13: =_xlfn.CONCAT("Euro ",$D13) -> Euro II | AG13: =_xlfn.CONCAT("Euro ",$D13) -> Euro II | AH13: =_xlfn.CONCAT("Euro ",$D13) -> Euro II | AI13: =_xlfn.CONCAT("Euro ",$D13) -> Euro II | AJ13: =_xlfn.CONCAT("Euro ",$C13) -> Euro 2 | AK13: =_xlfn.CONCAT("Euro ",$C13) -> Euro 2 | AL13: =_xlfn.CONCAT("Euro ",$C13) -> Euro 2 | AM13: =_xlfn.CONCAT("Euro ",$C13) -> Euro 2 | AN13: =_xlfn.CONCAT("Euro ",$C13) -> Euro 2 | AO13: =_xlfn.CONCAT("Euro ",$C13) -> Euro 2 | AP13: =_xlfn.CONCAT("Euro ",$C13) -> Euro 2 | AQ13: =_xlfn.CONCAT("Euro ",$C13) -> Euro 2 | AR13: =_xlfn.CONCAT("Euro ",$C13) -> Euro 2 | AS13: =_xlfn.CONCAT("Euro ",$D13) -> Euro II | AT13: =_xlfn.CONCAT("Euro ",$D13) -> Euro II | AU13: =_xlfn.CONCAT("Euro ",$D13) -> Euro II | AV13: =_xlfn.CONCAT("Euro ",$D13) -> Euro II | AW13: =_xlfn.CONCAT("Euro ",$D13) -> Euro II | AX13: =_xlfn.CONCAT("Euro ",$D13) -> Euro II | AY13: =_xlfn.CONCAT("Euro ",$C13) -> Euro 2 | AZ13: =_xlfn.CONCAT("Euro ",$D13) -> Euro II | BA13: =_xlfn.CONCAT("Euro ",$D13) -> Euro II | BB13: =_xlfn.CONCAT("Euro ",$D13) -> Euro II | BC13: =_xlfn.CONCAT("Euro ",$D13) -> Euro II | BD13: =_xlfn.CONCAT("Euro ",$D13) -> Euro II | BE13: =_xlfn.CONCAT("Euro ",$D13) -> Euro II | BF13: =_xlfn.CONCAT("Euro ",$D13) -> Euro II | BG13: =_xlfn.CONCAT("Euro ",$D13) -> Euro II | BH13: =_xlfn.CONCAT("Euro ",$C13) -> Euro 2 | BI13: =_xlfn.CONCAT("Euro ",$C13) -> Euro 2 | BJ13: Euro 4 | BK13: =_xlfn.CONCAT("Euro ",$C13) -> Euro 2 | BL13: =_xlfn.CONCAT("Euro ",$C13) -> Euro 2 | BM13: =_xlfn.CONCAT("Euro ",$C13) -> Euro 2 | BN13: =_xlfn.CONCAT("Euro ",$C13) -> Euro 2 | BO13: =_xlfn.CONCAT("Euro ",$C13) -> Euro 2 | BP13: =_xlfn.CONCAT("Euro ",$C13) -> Euro 2
A14: =A13-1 -> 2013 | B14: =B13-1 -> 2013 | C14: 2 | D14: II | E14: 2 | F14: 2 | G14: =_xlfn.CONCAT("Euro ",$C14) -> Euro 2 | H14: =_xlfn.CONCAT("Euro ",$C14) -> Euro 2 | I14: =_xlfn.CONCAT("Euro ",$C14) -> Euro 2 | J14: =_xlfn.CONCAT("Euro ",$C14) -> Euro 2 | K14: =_xlfn.CONCAT("Euro ",$C14) -> Euro 2 | L14: =_xlfn.CONCAT("Euro ",$C14) -> Euro 2 | M14: =_xlfn.CONCAT("Euro ",$C14) -> Euro 2 | N14: =_xlfn.CONCAT("Euro ",$C14) -> Euro 2 | O14: =_xlfn.CONCAT("Euro ",$C14) -> Euro 2 | P14: Euro 4 | Q14: =_xlfn.CONCAT("Euro ",$C14) -> Euro 2 | R14: =_xlfn.CONCAT("Euro ",$C14) -> Euro 2 | S14: =_xlfn.CONCAT("Euro ",$C14) -> Euro 2 | T14: =_xlfn.CONCAT("Euro ",$C14) -> Euro 2 | U14: =_xlfn.CONCAT("Euro ",$C14) -> Euro 2 | V14: =_xlfn.CONCAT("Euro ",$C14) -> Euro 2 | W14: =_xlfn.CONCAT("Euro ",$C14) -> Euro 2 | X14: =_xlfn.CONCAT("Euro ",$C14) -> Euro 2 | Y14: =_xlfn.CONCAT("Euro ",$C14) -> Euro 2 | Z14: Euro 4 | AA14: =_xlfn.CONCAT("Euro ",$D14) -> Euro II | AB14: =_xlfn.CONCAT("Euro ",$D14) -> Euro II | AC14: =_xlfn.CONCAT("Euro ",$D14) -> Euro II | AD14: =_xlfn.CONCAT("Euro ",$D14) -> Euro II | AE14: =_xlfn.CONCAT("Euro ",$D14) -> Euro II | AF14: =_xlfn.CONCAT("Euro ",$D14) -> Euro II | AG14: =_xlfn.CONCAT("Euro ",$D14) -> Euro II | AH14: =_xlfn.CONCAT("Euro ",$D14) -> Euro II | AI14: =_xlfn.CONCAT("Euro ",$D14) -> Euro II | AJ14: =_xlfn.CONCAT("Euro ",$C14) -> Euro 2 | AK14: =_xlfn.CONCAT("Euro ",$C14) -> Euro 2 | AL14: =_xlfn.CONCAT("Euro ",$C14) -> Euro 2 | AM14: =_xlfn.CONCAT("Euro ",$C14) -> Euro 2 | AN14: =_xlfn.CONCAT("Euro ",$C14) -> Euro 2 | AO14: =_xlfn.CONCAT("Euro ",$C14) -> Euro 2 | AP14: =_xlfn.CONCAT("Euro ",$C14) -> Euro 2 | AQ14: =_xlfn.CONCAT("Euro ",$C14) -> Euro 2 | AR14: =_xlfn.CONCAT("Euro ",$C14) -> Euro 2 | AS14: =_xlfn.CONCAT("Euro ",$D14) -> Euro II | AT14: =_xlfn.CONCAT("Euro ",$D14) -> Euro II | AU14: =_xlfn.CONCAT("Euro ",$D14) -> Euro II | AV14: =_xlfn.CONCAT("Euro ",$D14) -> Euro II | AW14: =_xlfn.CONCAT("Euro ",$D14) -> Euro II | AX14: =_xlfn.CONCAT("Euro ",$D14) -> Euro II | AY14: =_xlfn.CONCAT("Euro ",$C14) -> Euro 2 | AZ14: =_xlfn.CONCAT("Euro ",$D14) -> Euro II | BA14: =_xlfn.CONCAT("Euro ",$D14) -> Euro II | BB14: =_xlfn.CONCAT("Euro ",$D14) -> Euro II | BC14: =_xlfn.CONCAT("Euro ",$D14) -> Euro II | BD14: =_xlfn.CONCAT("Euro ",$D14) -> Euro II | BE14: =_xlfn.CONCAT("Euro ",$D14) -> Euro II | BF14: =_xlfn.CONCAT("Euro ",$D14) -> Euro II | BG14: =_xlfn.CONCAT("Euro ",$D14) -> Euro II | BH14: =_xlfn.CONCAT("Euro ",$C14) -> Euro 2 | BI14: =_xlfn.CONCAT("Euro ",$C14) -> Euro 2 | BJ14: Euro 4 | BK14: =_xlfn.CONCAT("Euro ",$C14) -> Euro 2 | BL14: =_xlfn.CONCAT("Euro ",$C14) -> Euro 2 | BM14: =_xlfn.CONCAT("Euro ",$C14) -> Euro 2 | BN14: =_xlfn.CONCAT("Euro ",$C14) -> Euro 2 | BO14: =_xlfn.CONCAT("Euro ",$C14) -> Euro 2 | BP14: =_xlfn.CONCAT("Euro ",$C14) -> Euro 2
A15: =A14-1 -> 2012 | B15: =B14-1 -> 2012 | C15: 2 | D15: II | E15: 2 | F15: 2 | G15: =_xlfn.CONCAT("Euro ",$C15) -> Euro 2 | H15: =_xlfn.CONCAT("Euro ",$C15) -> Euro 2 | I15: =_xlfn.CONCAT("Euro ",$C15) -> Euro 2 | J15: =_xlfn.CONCAT("Euro ",$C15) -> Euro 2 | K15: =_xlfn.CONCAT("Euro ",$C15) -> Euro 2 | L15: =_xlfn.CONCAT("Euro ",$C15) -> Euro 2 | M15: =_xlfn.CONCAT("Euro ",$C15) -> Euro 2 | N15: =_xlfn.CONCAT("Euro ",$C15) -> Euro 2 | O15: =_xlfn.CONCAT("Euro ",$C15) -> Euro 2 | P15: Euro 4 | Q15: =_xlfn.CONCAT("Euro ",$C15) -> Euro 2 | R15: =_xlfn.CONCAT("Euro ",$C15) -> Euro 2 | S15: =_xlfn.CONCAT("Euro ",$C15) -> Euro 2 | T15: =_xlfn.CONCAT("Euro ",$C15) -> Euro 2 | U15: =_xlfn.CONCAT("Euro ",$C15) -> Euro 2 | V15: =_xlfn.CONCAT("Euro ",$C15) -> Euro 2 | W15: =_xlfn.CONCAT("Euro ",$C15) -> Euro 2 | X15: =_xlfn.CONCAT("Euro ",$C15) -> Euro 2 | Y15: =_xlfn.CONCAT("Euro ",$C15) -> Euro 2 | Z15: Euro 4 | AA15: =_xlfn.CONCAT("Euro ",$D15) -> Euro II | AB15: =_xlfn.CONCAT("Euro ",$D15) -> Euro II | AC15: =_xlfn.CONCAT("Euro ",$D15) -> Euro II | AD15: =_xlfn.CONCAT("Euro ",$D15) -> Euro II | AE15: =_xlfn.CONCAT("Euro ",$D15) -> Euro II | AF15: =_xlfn.CONCAT("Euro ",$D15) -> Euro II | AG15: =_xlfn.CONCAT("Euro ",$D15) -> Euro II | AH15: =_xlfn.CONCAT("Euro ",$D15) -> Euro II | AI15: =_xlfn.CONCAT("Euro ",$D15) -> Euro II | AJ15: =_xlfn.CONCAT("Euro ",$C15) -> Euro 2 | AK15: =_xlfn.CONCAT("Euro ",$C15) -> Euro 2 | AL15: =_xlfn.CONCAT("Euro ",$C15) -> Euro 2 | AM15: =_xlfn.CONCAT("Euro ",$C15) -> Euro 2 | AN15: =_xlfn.CONCAT("Euro ",$C15) -> Euro 2 | AO15: =_xlfn.CONCAT("Euro ",$C15) -> Euro 2 | AP15: =_xlfn.CONCAT("Euro ",$C15) -> Euro 2 | AQ15: =_xlfn.CONCAT("Euro ",$C15) -> Euro 2 | AR15: =_xlfn.CONCAT("Euro ",$C15) -> Euro 2 | AS15: =_xlfn.CONCAT("Euro ",$D15) -> Euro II | AT15: =_xlfn.CONCAT("Euro ",$D15) -> Euro II | AU15: =_xlfn.CONCAT("Euro ",$D15) -> Euro II | AV15: =_xlfn.CONCAT("Euro ",$D15) -> Euro II | AW15: =_xlfn.CONCAT("Euro ",$D15) -> Euro II | AX15: =_xlfn.CONCAT("Euro ",$D15) -> Euro II | AY15: =_xlfn.CONCAT("Euro ",$C15) -> Euro 2 | AZ15: =_xlfn.CONCAT("Euro ",$D15) -> Euro II | BA15: =_xlfn.CONCAT("Euro ",$D15) -> Euro II | BB15: =_xlfn.CONCAT("Euro ",$D15) -> Euro II | BC15: =_xlfn.CONCAT("Euro ",$D15) -> Euro II | BD15: =_xlfn.CONCAT("Euro ",$D15) -> Euro II | BE15: =_xlfn.CONCAT("Euro ",$D15) -> Euro II | BF15: =_xlfn.CONCAT("Euro ",$D15) -> Euro II | BG15: =_xlfn.CONCAT("Euro ",$D15) -> Euro II | BH15: =_xlfn.CONCAT("Euro ",$C15) -> Euro 2 | BI15: =_xlfn.CONCAT("Euro ",$C15) -> Euro 2 | BJ15: Euro 4 | BK15: =_xlfn.CONCAT("Euro ",$C15) -> Euro 2 | BL15: =_xlfn.CONCAT("Euro ",$C15) -> Euro 2 | BM15: =_xlfn.CONCAT("Euro ",$C15) -> Euro 2 | BN15: =_xlfn.CONCAT("Euro ",$C15) -> Euro 2 | BO15: =_xlfn.CONCAT("Euro ",$C15) -> Euro 2 | BP15: =_xlfn.CONCAT("Euro ",$C15) -> Euro 2
A16: =A15-1 -> 2011 | B16: =B15-1 -> 2011 | C16: 2 | D16: II | E16: 2 | F16: 2 | G16: =_xlfn.CONCAT("Euro ",$C16) -> Euro 2 | H16: =_xlfn.CONCAT("Euro ",$C16) -> Euro 2 | I16: =_xlfn.CONCAT("Euro ",$C16) -> Euro 2 | J16: =_xlfn.CONCAT("Euro ",$C16) -> Euro 2 | K16: =_xlfn.CONCAT("Euro ",$C16) -> Euro 2 | L16: =_xlfn.CONCAT("Euro ",$C16) -> Euro 2 | M16: =_xlfn.CONCAT("Euro ",$C16) -> Euro 2 | N16: =_xlfn.CONCAT("Euro ",$C16) -> Euro 2 | O16: =_xlfn.CONCAT("Euro ",$C16) -> Euro 2 | P16: Euro 4 | Q16: =_xlfn.CONCAT("Euro ",$C16) -> Euro 2 | R16: =_xlfn.CONCAT("Euro ",$C16) -> Euro 2 | S16: =_xlfn.CONCAT("Euro ",$C16) -> Euro 2 | T16: =_xlfn.CONCAT("Euro ",$C16) -> Euro 2 | U16: =_xlfn.CONCAT("Euro ",$C16) -> Euro 2 | V16: =_xlfn.CONCAT("Euro ",$C16) -> Euro 2 | W16: =_xlfn.CONCAT("Euro ",$C16) -> Euro 2 | X16: =_xlfn.CONCAT("Euro ",$C16) -> Euro 2 | Y16: =_xlfn.CONCAT("Euro ",$C16) -> Euro 2 | Z16: Euro 4 | AA16: =_xlfn.CONCAT("Euro ",$D16) -> Euro II | AB16: =_xlfn.CONCAT("Euro ",$D16) -> Euro II | AC16: =_xlfn.CONCAT("Euro ",$D16) -> Euro II | AD16: =_xlfn.CONCAT("Euro ",$D16) -> Euro II | AE16: =_xlfn.CONCAT("Euro ",$D16) -> Euro II | AF16: =_xlfn.CONCAT("Euro ",$D16) -> Euro II | AG16: =_xlfn.CONCAT("Euro ",$D16) -> Euro II | AH16: =_xlfn.CONCAT("Euro ",$D16) -> Euro II | AI16: =_xlfn.CONCAT("Euro ",$D16) -> Euro II | AJ16: =_xlfn.CONCAT("Euro ",$C16) -> Euro 2 | AK16: =_xlfn.CONCAT("Euro ",$C16) -> Euro 2 | AL16: =_xlfn.CONCAT("Euro ",$C16) -> Euro 2 | AM16: =_xlfn.CONCAT("Euro ",$C16) -> Euro 2 | AN16: =_xlfn.CONCAT("Euro ",$C16) -> Euro 2 | AO16: =_xlfn.CONCAT("Euro ",$C16) -> Euro 2 | AP16: =_xlfn.CONCAT("Euro ",$C16) -> Euro 2 | AQ16: =_xlfn.CONCAT("Euro ",$C16) -> Euro 2 | AR16: =_xlfn.CONCAT("Euro ",$C16) -> Euro 2 | AS16: =_xlfn.CONCAT("Euro ",$D16) -> Euro II | AT16: =_xlfn.CONCAT("Euro ",$D16) -> Euro II | AU16: =_xlfn.CONCAT("Euro ",$D16) -> Euro II | AV16: =_xlfn.CONCAT("Euro ",$D16) -> Euro II | AW16: =_xlfn.CONCAT("Euro ",$D16) -> Euro II | AX16: =_xlfn.CONCAT("Euro ",$D16) -> Euro II | AY16: =_xlfn.CONCAT("Euro ",$C16) -> Euro 2 | AZ16: =_xlfn.CONCAT("Euro ",$D16) -> Euro II | BA16: =_xlfn.CONCAT("Euro ",$D16) -> Euro II | BB16: =_xlfn.CONCAT("Euro ",$D16) -> Euro II | BC16: =_xlfn.CONCAT("Euro ",$D16) -> Euro II | BD16: =_xlfn.CONCAT("Euro ",$D16) -> Euro II | BE16: =_xlfn.CONCAT("Euro ",$D16) -> Euro II | BF16: =_xlfn.CONCAT("Euro ",$D16) -> Euro II | BG16: =_xlfn.CONCAT("Euro ",$D16) -> Euro II | BH16: =_xlfn.CONCAT("Euro ",$C16) -> Euro 2 | BI16: =_xlfn.CONCAT("Euro ",$C16) -> Euro 2 | BJ16: Euro 4 | BK16: =_xlfn.CONCAT("Euro ",$C16) -> Euro 2 | BL16: =_xlfn.CONCAT("Euro ",$C16) -> Euro 2 | BM16: =_xlfn.CONCAT("Euro ",$C16) -> Euro 2 | BN16: =_xlfn.CONCAT("Euro ",$C16) -> Euro 2 | BO16: =_xlfn.CONCAT("Euro ",$C16) -> Euro 2 | BP16: =_xlfn.CONCAT("Euro ",$C16) -> Euro 2
A17: =A16-1 -> 2010 | B17: =B16-1 -> 2010 | C17: 2 | D17: II | E17: 2 | F17: 2 | G17: =_xlfn.CONCAT("Euro ",$C17) -> Euro 2 | H17: =_xlfn.CONCAT("Euro ",$C17) -> Euro 2 | I17: =_xlfn.CONCAT("Euro ",$C17) -> Euro 2 | J17: =_xlfn.CONCAT("Euro ",$C17) -> Euro 2 | K17: =_xlfn.CONCAT("Euro ",$C17) -> Euro 2 | L17: =_xlfn.CONCAT("Euro ",$C17) -> Euro 2 | M17: =_xlfn.CONCAT("Euro ",$C17) -> Euro 2 | N17: =_xlfn.CONCAT("Euro ",$C17) -> Euro 2 | O17: =_xlfn.CONCAT("Euro ",$C17) -> Euro 2 | P17: Euro 4 | Q17: =_xlfn.CONCAT("Euro ",$C17) -> Euro 2 | R17: =_xlfn.CONCAT("Euro ",$C17) -> Euro 2 | S17: =_xlfn.CONCAT("Euro ",$C17) -> Euro 2 | T17: =_xlfn.CONCAT("Euro ",$C17) -> Euro 2 | U17: =_xlfn.CONCAT("Euro ",$C17) -> Euro 2 | V17: =_xlfn.CONCAT("Euro ",$C17) -> Euro 2 | W17: =_xlfn.CONCAT("Euro ",$C17) -> Euro 2 | X17: =_xlfn.CONCAT("Euro ",$C17) -> Euro 2 | Y17: =_xlfn.CONCAT("Euro ",$C17) -> Euro 2 | Z17: Euro 4 | AA17: =_xlfn.CONCAT("Euro ",$D17) -> Euro II | AB17: =_xlfn.CONCAT("Euro ",$D17) -> Euro II | AC17: =_xlfn.CONCAT("Euro ",$D17) -> Euro II | AD17: =_xlfn.CONCAT("Euro ",$D17) -> Euro II | AE17: =_xlfn.CONCAT("Euro ",$D17) -> Euro II | AF17: =_xlfn.CONCAT("Euro ",$D17) -> Euro II | AG17: =_xlfn.CONCAT("Euro ",$D17) -> Euro II | AH17: =_xlfn.CONCAT("Euro ",$D17) -> Euro II | AI17: =_xlfn.CONCAT("Euro ",$D17) -> Euro II | AJ17: =_xlfn.CONCAT("Euro ",$C17) -> Euro 2 | AK17: =_xlfn.CONCAT("Euro ",$C17) -> Euro 2 | AL17: =_xlfn.CONCAT("Euro ",$C17) -> Euro 2 | AM17: =_xlfn.CONCAT("Euro ",$C17) -> Euro 2 | AN17: =_xlfn.CONCAT("Euro ",$C17) -> Euro 2 | AO17: =_xlfn.CONCAT("Euro ",$C17) -> Euro 2 | AP17: =_xlfn.CONCAT("Euro ",$C17) -> Euro 2 | AQ17: =_xlfn.CONCAT("Euro ",$C17) -> Euro 2 | AR17: =_xlfn.CONCAT("Euro ",$C17) -> Euro 2 | AS17: =_xlfn.CONCAT("Euro ",$D17) -> Euro II | AT17: =_xlfn.CONCAT("Euro ",$D17) -> Euro II | AU17: =_xlfn.CONCAT("Euro ",$D17) -> Euro II | AV17: =_xlfn.CONCAT("Euro ",$D17) -> Euro II | AW17: =_xlfn.CONCAT("Euro ",$D17) -> Euro II | AX17: =_xlfn.CONCAT("Euro ",$D17) -> Euro II | AY17: =_xlfn.CONCAT("Euro ",$C17) -> Euro 2 | AZ17: =_xlfn.CONCAT("Euro ",$D17) -> Euro II | BA17: =_xlfn.CONCAT("Euro ",$D17) -> Euro II | BB17: =_xlfn.CONCAT("Euro ",$D17) -> Euro II | BC17: =_xlfn.CONCAT("Euro ",$D17) -> Euro II | BD17: =_xlfn.CONCAT("Euro ",$D17) -> Euro II | BE17: =_xlfn.CONCAT("Euro ",$D17) -> Euro II | BF17: =_xlfn.CONCAT("Euro ",$D17) -> Euro II | BG17: =_xlfn.CONCAT("Euro ",$D17) -> Euro II | BH17: =_xlfn.CONCAT("Euro ",$C17) -> Euro 2 | BI17: =_xlfn.CONCAT("Euro ",$C17) -> Euro 2 | BJ17: Euro 4 | BK17: =_xlfn.CONCAT("Euro ",$C17) -> Euro 2 | BL17: =_xlfn.CONCAT("Euro ",$C17) -> Euro 2 | BM17: =_xlfn.CONCAT("Euro ",$C17) -> Euro 2 | BN17: =_xlfn.CONCAT("Euro ",$C17) -> Euro 2 | BO17: =_xlfn.CONCAT("Euro ",$C17) -> Euro 2 | BP17: =_xlfn.CONCAT("Euro ",$C17) -> Euro 2
